location,state,latitude,longitude,date,rainfall_mm,prev_24h_rainfall_mm,prev_48h_rainfall_mm,river_level_m,soil_moisture_percent,terrain_elevation_m,distance_to_river_km,drainage_capacity_percent,historical_flood_count,population_density,urban_area_percent,water_depth_m,population_affected,economic_loss_million,severity_level,risk_score
Gwalior,Madhya Pradesh,26.277609,78.119487,2023-03-13,36.96,20.59,27.53,4.88,37.5,51.18,0.73,86.97,1,356,95.68,0.77,20,0.07,Low,18.46
Patna,Bihar,25.655779,85.098523,2024-07-18,48.63,38.06,51.1,1.82,33.48,27.61,1.11,64.31,4,1253,76.41,0.43,64,0.07,Low,14.76
Mumbai,Maharashtra,19.015743,72.778804,2023-05-19,190.4,142.39,183.71,8.94,60.19,128.12,3.79,48.8,4,169,81.63,3.39,67,0.72,High,60.63
Rajkot,Gujarat,22.24966,70.717596,2024-11-29,41.41,18.0,21.56,5.46,27.23,35.63,1.08,43.04,3,73,85.26,0.34,13,0.01,Low,19.68
Kanpur,Uttar Pradesh,26.400256,80.33135,2023-04-23,328.22,212.65,306.93,6.8,98.01,21.0,1.51,97.25,3,1001,81.65,4.49,1773,19.07,Critical,76.26
Ahmedabad,Gujarat,22.957373,72.609588,2024-10-01,100.0,78.68,95.48,6.67,42.06,20.57,0.52,46.32,6,1487,56.51,1.63,827,2.29,Medium,39.05
Chennai,Tamil Nadu,13.03015,80.23578,2025-07-04,165.49,88.53,107.29,4.06,83.71,23.91,7.72,72.96,4,6274,79.48,3.5,7036,78.97,High,64.83
Vasai,Maharashtra,19.553924,72.876002,2023-07-10,41.92,24.71,31.51,1.1,12.17,29.03,0.7,70.88,3,38478,70.29,0.46,6154,12.36,Low,21.72
Ranchi,Jharkhand,23.29415,85.217367,2025-02-21,43.74,25.13,34.83,3.53,16.04,352.23,2.59,21.91,1,3010,84.24,0.41,1183,1.55,Low,5.6
Ranchi,Jharkhand,23.390108,85.219143,2023-06-03,65.42,32.32,43.87,5.28,0.67,33.16,1.14,93.79,5,1632,56.82,0.7,443,1.5,Low,32.58
Jaipur,Rajasthan,26.853737,75.742092,2023-01-12,86.34,44.42,62.2,3.3,31.37,151.08,2.39,67.85,2,30,50.18,0.21,8,0.01,Low,20.55
Ranchi,Jharkhand,23.303627,85.229597,2024-09-03,70.5,26.19,36.79,4.82,53.22,172.74,0.69,90.36,2,1276,72.07,0.97,289,0.36,Medium,36.18
Bareilly,Uttar Pradesh,28.445379,75.331921,2023-01-29,126.19,74.67,110.87,8.08,38.05,70.3,1.63,74.66,0,280,68.29,1.29,152,0.95,Medium,44.75
Raipur,Chhattisgarh,21.34698,81.640801,2025-03-25,45.93,21.89,29.2,4.42,33.92,86.89,1.99,27.22,1,878,89.88,1.17,342,1.26,Low,15.78
Srinagar,Jammu and Kashmir,34.065941,74.817856,2025-01-21,54.08,42.02,56.41,3.33,30.08,66.41,8.73,83.82,4,1108,78.65,0.84,211,0.26,Low,14.29
Nashik,Maharashtra,19.997133,73.785042,2025-02-09,24.45,13.62,19.25,5.19,22.4,163.1,0.06,48.34,1,9107,36.86,0.78,3908,4.87,Low,18.97
Bhopal,Madhya Pradesh,23.258323,77.364249,2025-09-10,73.47,35.12,51.19,2.69,16.5,157.41,1.23,13.57,6,400,80.83,0.46,33,0.04,Low,17.29
Ranchi,Jharkhand,23.260452,85.384316,2025-04-10,58.37,33.97,48.79,3.63,39.67,87.87,2.85,77.04,4,535,76.87,0.69,55,0.11,Low,16.89
Jaipur,Rajasthan,26.970234,75.786988,2023-04-21,58.36,45.96,59.58,6.71,11.6,172.97,4.6,27.25,1,319,45.51,1.0,82,0.24,Low,22.23
Kota,Rajasthan,25.267699,75.802209,2023-04-28,87.33,30.86,44.44,5.33,47.34,143.04,1.41,49.95,3,342,42.71,0.55,159,0.16,Low,34.46
Dhanbad,Jharkhand,23.708999,86.478624,2025-07-06,53.89,30.8,39.19,6.1,35.94,117.95,0.54,67.05,6,26,89.11,0.9,3,0.01,Low,28.33
Srinagar,Jammu and Kashmir,34.090392,74.876079,2024-02-24,82.72,49.59,70.95,7.8,33.02,58.78,1.36,50.37,4,18555,47.9,1.38,5042,15.0,Medium,40.59
Madurai,Tamil Nadu,9.85587,78.137046,2025-08-15,223.36,79.77,100.97,7.41,76.72,134.71,0.14,65.69,3,46,76.48,7.65,51,1.82,Critical,79.64
Madurai,Tamil Nadu,9.831769,78.20235,2023-07-01,52.92,27.87,36.5,5.57,41.85,67.15,10.0,56.93,2,1478,95.44,0.54,195,0.18,Low,27.41
Rajkot,Gujarat,22.219001,70.852849,2025-02-16,128.16,63.9,87.36,2.71,37.9,77.71,0.53,71.6,1,2918,90.19,0.42,413,0.23,Low,34.05
Thiruvananthapuram,Kerala,8.593726,76.861155,2025-07-03,22.91,9.95,13.1,9.27,16.42,200.39,1.96,81.07,4,32627,72.47,0.38,4493,8.51,Low,20.33
Rajkot,Gujarat,22.238236,70.756661,2023-03-16,86.06,29.7,41.84,8.71,30.42,263.41,0.3,45.59,5,175,71.16,1.02,45,0.18,Low,27.68
Jabalpur,Madhya Pradesh,23.194781,79.98161,2024-09-14,21.15,13.65,17.86,3.47,26.56,56.02,0.87,74.68,1,26969,87.59,1.15,8128,37.86,Low,12.87
Allahabad,Uttar Pradesh,25.474255,81.916139,2024-06-20,93.81,69.65,91.39,6.24,39.92,25.86,0.26,87.02,2,805,72.54,1.49,476,2.23,Medium,35.41
Ranchi,Jharkhand,23.307851,85.334778,2023-01-16,16.37,10.77,14.39,3.96,18.9,27.82,0.15,90.87,1,35435,95.57,1.1,1575,4.45,Low,17.77
Chennai,Tamil Nadu,13.026351,80.360692,2023-03-02,66.2,27.02,35.32,4.8,41.55,97.47,2.72,71.85,2,477,65.44,0.68,64,0.13,Low,32.97
Bhopal,Madhya Pradesh,23.190679,77.475767,2025-09-24,107.57,67.88,89.43,0.44,35.47,81.35,0.07,71.6,1,684,60.94,2.05,394,1.6,Medium,40.64
Solapur,Maharashtra,17.701573,75.973803,2023-12-11,81.77,58.0,66.78,4.41,46.76,77.37,3.43,67.43,2,667,72.48,0.12,161,0.05,Low,29.83
Indore,Madhya Pradesh,22.806006,75.778202,2023-07-15,44.1,15.48,22.32,4.6,21.87,80.68,3.83,89.49,2,352,80.83,1.01,68,0.28,Low,17.27
Visakhapatnam,Andhra Pradesh,17.717702,83.173152,2025-04-28,33.74,26.45,31.05,0.25,36.17,152.09,4.05,41.58,1,28368,53.31,0.1,6979,1.41,Low,3.62
Surat,Gujarat,21.110305,72.829419,2025-04-10,135.26,104.23,117.68,5.84,66.68,60.87,7.35,53.08,4,574,82.71,2.3,138,0.77,Medium,43.34
Gwalior,Madhya Pradesh,26.144843,78.196308,2024-11-16,35.95,22.48,29.03,4.82,29.3,154.05,1.9,69.55,6,343,48.36,0.46,80,0.17,Low,18.16
Varanasi,Uttar Pradesh,25.317239,82.984973,2025-07-02,59.5,41.44,56.44,3.42,30.14,43.29,1.08,74.95,6,50000,54.85,0.41,6928,8.18,Low,31.92
Guwahati,Assam,26.191123,91.662514,2024-06-03,25.71,12.81,15.31,11.25,0.0,110.24,1.15,74.76,2,190,53.74,1.07,27,0.08,Low,26.35
Kanpur,Uttar Pradesh,26.515677,80.318078,2023-10-03,75.49,40.76,56.02,0.22,40.14,7.29,2.44,76.9,0,92,55.17,0.46,31,0.03,Low,24.17
Madurai,Tamil Nadu,9.922969,78.153173,2025-05-01,124.09,90.98,136.23,4.86,50.82,41.22,0.53,60.52,5,5874,82.0,0.95,1403,4.82,Medium,53.52
Howrah,West Bengal,22.561207,88.297119,2024-03-29,36.96,28.67,41.26,3.6,12.7,37.72,0.8,54.1,4,101,76.29,1.0,5,0.02,Low,24.14
Indore,Madhya Pradesh,22.726321,75.879281,2025-08-01,188.54,65.01,90.17,8.93,55.0,194.2,0.15,56.64,2,2761,87.13,3.95,2989,17.64,High,60.0
Raipur,Chhattisgarh,21.187688,81.634633,2024-08-05,123.94,82.54,118.9,3.84,36.56,74.0,0.94,43.32,4,4815,92.64,2.18,2251,13.21,Medium,38.71
Bangalore,Karnataka,12.905203,77.641975,2023-08-14,99.82,43.17,58.62,2.11,32.96,48.34,0.59,49.77,5,8823,57.26,0.54,1176,2.21,Low,30.96
Nagpur,Maharashtra,21.149612,79.001723,2024-05-31,67.34,47.87,52.68,2.42,22.51,140.17,0.42,69.45,3,1367,81.22,1.18,224,0.39,Low,22.01
Jabalpur,Madhya Pradesh,23.085505,80.033836,2023-09-05,34.72,19.37,28.43,5.11,28.87,64.93,3.5,55.3,2,1305,91.27,1.19,255,1.43,Low,16.97
Jodhpur,Rajasthan,26.246847,73.04989,2023-06-07,14.09,6.82,7.68,4.54,17.75,68.99,0.38,24.62,4,17683,98.84,0.25,5874,7.1,Low,18.26
Varanasi,Uttar Pradesh,25.336458,83.06119,2024-06-15,83.17,27.54,35.91,4.16,51.94,189.36,0.13,55.56,1,558,81.14,2.18,252,1.92,Medium,39.97
Howrah,West Bengal,22.581017,88.189742,2024-09-19,196.82,63.24,78.96,1.93,58.62,113.35,0.29,53.03,2,16904,61.79,1.9,6413,19.44,Medium,46.66
Chennai,Tamil Nadu,13.155632,80.219396,2024-08-16,11.91,7.62,8.51,2.72,24.45,180.96,0.59,16.28,3,326,59.2,0.89,14,0.01,Low,9.85
Bangalore,Karnataka,12.973316,77.572119,2025-07-15,40.92,13.14,19.54,0.9,23.82,102.93,0.62,33.52,2,241,76.61,0.42,85,0.12,Low,16.99
Vasai,Maharashtra,19.465354,72.8287,2023-08-14,63.42,50.25,74.12,1.19,13.02,30.48,0.26,67.4,6,2927,90.79,0.28,360,0.43,Low,25.43
Vasai,Maharashtra,19.458879,72.735535,2023-02-13,107.25,43.12,57.0,15.65,47.11,13.52,4.13,66.6,0,5749,67.55,3.23,2371,31.69,High,62.33
Amritsar,Punjab,31.535046,74.924498,2024-07-19,45.15,29.87,34.11,7.33,27.97,189.72,0.27,92.2,2,498,53.88,0.87,38,0.11,Low,23.25
Kochi,Kerala,9.885164,76.33231,2025-03-27,68.11,27.34,36.26,4.52,34.44,199.32,0.26,33.75,4,966,79.18,0.28,260,0.25,Low,34.8
Hyderabad,Telangana,17.388616,78.446445,2025-01-26,131.03,40.19,48.75,4.22,32.2,93.84,0.1,64.34,1,1468,85.76,0.86,392,1.4,Medium,38.45
Jaipur,Rajasthan,26.86679,75.83918,2024-09-09,58.71,46.36,53.69,6.25,26.85,10.23,2.96,58.91,2,184,69.95,0.31,22,0.03,Low,32.25
Kanpur,Uttar Pradesh,26.419801,80.254719,2023-06-27,53.78,36.28,44.13,10.47,31.11,55.44,3.14,67.58,2,3304,74.02,0.99,1582,6.54,Medium,41.87
Hubli,Karnataka,15.304973,75.075724,2024-06-15,185.29,64.24,82.0,6.3,48.68,55.17,1.64,24.15,2,50000,49.13,1.12,9333,42.03,Medium,51.96
Allahabad,Uttar Pradesh,25.462716,81.905883,2024-07-12,6.66,3.07,4.61,5.4,34.31,378.97,0.9,73.89,4,7248,68.98,0.82,859,0.97,Low,20.8
Chennai,Tamil Nadu,13.126571,80.348752,2024-01-17,95.25,66.97,96.27,4.37,46.37,30.27,4.24,57.02,4,599,30.82,0.13,88,0.03,Low,28.54
Meerut,Uttar Pradesh,29.020834,77.639826,2024-10-21,112.32,55.06,82.08,3.5,61.85,34.0,0.72,37.98,4,4166,94.12,1.52,845,5.99,Medium,46.11
Thiruvananthapuram,Kerala,8.449591,76.978138,2024-09-13,89.99,65.34,89.33,6.01,32.73,133.55,2.43,59.91,3,545,90.36,1.08,33,0.07,Low,24.93
Hubli,Karnataka,15.321758,75.109837,2025-02-17,49.17,30.78,45.57,4.18,36.25,133.02,0.76,80.38,5,17108,62.77,0.92,3849,4.54,Low,21.01
Agra,Uttar Pradesh,27.077284,77.916053,2023-09-19,69.69,38.59,55.94,0.14,27.24,70.79,0.49,67.34,4,243,85.5,0.87,47,0.09,Low,26.94
Mumbai,Maharashtra,19.053974,72.923672,2024-08-06,93.81,45.12,60.35,5.28,40.23,236.73,0.97,85.27,2,593,80.08,0.8,200,0.72,Low,26.1
Visakhapatnam,Andhra Pradesh,17.714375,83.266696,2024-08-27,82.89,58.95,85.07,0.89,30.12,403.3,0.26,33.37,4,193,88.4,0.57,30,0.04,Low,24.17
Amritsar,Punjab,31.612595,74.877463,2023-10-17,68.22,37.03,41.14,0.8,29.34,86.57,0.83,88.9,2,218,69.17,1.16,18,0.02,Low,27.05
Faridabad,Haryana,28.340905,77.22247,2025-04-06,78.03,43.21,59.23,0.5,21.07,26.76,0.18,37.32,4,4076,59.87,1.01,538,1.82,Low,27.35
Dhanbad,Jharkhand,23.725804,86.493751,2025-09-22,129.2,48.37,62.16,10.31,41.36,25.13,1.29,30.38,3,531,67.04,2.97,610,4.53,High,64.81
Howrah,West Bengal,22.600289,88.276142,2024-02-11,63.22,30.31,43.09,4.07,44.58,63.42,1.7,78.13,5,50000,82.97,0.33,7394,12.24,Low,32.79
Pune,Maharashtra,18.61933,73.774662,2024-06-25,101.64,78.66,88.8,7.11,44.54,50.58,2.15,61.74,1,41,69.97,1.69,9,0.05,Medium,52.55
Jodhpur,Rajasthan,26.187346,73.019952,2023-11-18,65.84,42.22,50.53,0.56,41.9,48.93,1.04,46.01,5,1114,57.84,1.0,322,1.0,Low,34.14
Nagpur,Maharashtra,21.229158,79.132331,2023-01-12,157.34,77.7,105.13,3.01,45.21,84.33,2.46,29.46,5,697,76.17,0.81,198,0.59,Medium,48.04
Srinagar,Jammu and Kashmir,34.039388,74.72322,2024-03-27,54.71,29.33,42.59,2.21,26.56,92.69,6.28,10.6,2,442,87.66,0.85,76,0.1,Low,14.16
Ahmedabad,Gujarat,22.947645,72.618819,2023-11-22,106.04,53.25,69.88,9.44,37.92,128.65,0.12,80.11,0,51,65.37,0.82,27,0.07,Medium,46.95
Howrah,West Bengal,22.648262,88.254584,2025-02-22,40.51,21.43,26.98,5.02,25.72,96.37,0.04,83.97,1,7921,54.9,0.17,716,0.36,Low,21.03
Indore,Madhya Pradesh,22.631543,75.892028,2024-05-30,92.56,68.96,95.38,4.54,36.45,48.02,0.44,82.64,3,105,83.0,0.26,7,0.01,Low,31.62
Srinagar,Jammu and Kashmir,34.175287,74.803232,2023-01-15,105.09,43.04,55.25,6.56,27.94,96.33,1.65,41.84,3,239,76.99,1.1,44,0.05,Medium,44.19
Raipur,Chhattisgarh,21.309919,81.71118,2023-12-20,45.61,19.47,23.34,10.83,25.95,44.57,1.23,69.5,4,9039,61.09,1.08,842,1.47,Low,34.03
Faridabad,Haryana,28.499869,77.316735,2024-08-23,52.22,30.85,39.32,6.7,40.52,46.49,0.89,82.15,2,331,78.2,1.68,170,0.69,Medium,41.8
Guwahati,Assam,26.225252,91.80537,2024-10-06,170.95,116.72,128.39,4.51,40.93,52.6,0.46,40.48,4,1365,86.98,3.05,493,2.86,High,57.17
Howrah,West Bengal,22.497818,88.251096,2024-01-19,76.07,24.44,29.47,5.03,32.7,180.02,0.79,63.15,7,40308,70.97,0.43,12925,7.77,Low,31.02
Mumbai,Maharashtra,19.117698,72.812118,2023-03-22,170.18,113.55,142.36,7.5,62.2,78.63,2.61,42.96,5,3894,88.73,3.68,1100,19.75,High,58.25
Chennai,Tamil Nadu,13.094496,80.270918,2025-06-20,62.5,29.19,40.66,11.25,37.42,53.78,1.01,71.45,4,1260,83.82,0.92,669,1.67,Medium,41.05
Kochi,Kerala,9.966708,76.181722,2025-09-16,30.35,15.14,18.25,4.57,14.21,121.69,2.78,67.35,2,691,75.26,0.63,71,0.16,Low,11.05
Ranchi,Jharkhand,23.272888,85.328672,2023-08-07,195.66,98.63,109.1,5.26,75.87,203.26,0.62,87.92,3,3304,52.77,2.51,2735,17.8,High,56.83
Kota,Rajasthan,25.23725,75.912682,2023-09-19,121.02,51.28,57.69,2.63,42.89,148.84,1.14,61.56,2,2249,87.65,2.05,1288,3.49,Medium,35.59
Solapur,Maharashtra,17.626507,75.983393,2024-09-30,50.71,26.06,33.28,4.78,44.31,135.5,1.47,70.63,3,10035,92.99,1.13,1105,2.71,Low,33.49
Lucknow,Uttar Pradesh,26.866469,80.88642,2023-08-02,118.97,56.74,81.22,3.8,46.32,61.34,2.13,60.25,5,146,22.51,1.32,130,0.4,Medium,38.89
Jodhpur,Rajasthan,26.213604,72.9786,2025-04-27,157.78,60.06,68.08,3.5,37.55,84.26,2.26,61.07,3,137,66.41,1.08,76,0.2,Medium,36.19
Amritsar,Punjab,31.557683,74.814679,2023-01-11,133.96,66.43,96.88,3.72,57.01,303.9,1.12,76.0,5,172,69.58,0.66,14,0.04,Low,29.04
Agra,Uttar Pradesh,27.211349,77.989724,2024-06-24,46.65,34.46,43.27,2.53,32.14,256.2,3.45,40.46,4,758,67.28,1.16,71,0.11,Low,4.42
Delhi,Delhi,28.706774,77.200344,2024-06-15,82.88,56.63,75.51,1.91,24.03,19.88,0.92,83.47,0,4036,56.2,0.93,1125,1.63,Low,32.82
Allahabad,Uttar Pradesh,25.377248,81.888947,2024-07-24,179.37,70.66,79.91,5.41,57.85,105.09,2.12,48.3,3,124,51.17,1.45,87,0.53,Medium,50.96
Howrah,West Bengal,22.60245,88.290952,2025-08-20,72.56,45.96,56.5,0.96,24.38,137.28,0.61,65.93,1,164,79.74,1.08,34,0.18,Low,27.98
Howrah,West Bengal,22.514665,88.313201,2025-09-19,25.22,18.47,24.65,6.56,24.07,54.86,0.05,83.72,2,3805,70.19,1.19,933,4.25,Low,23.81
Madurai,Tamil Nadu,9.940968,78.133697,2025-05-04,225.38,147.07,188.56,5.64,71.33,154.53,0.11,86.95,4,79,64.08,3.67,26,0.39,High,71.68
Madurai,Tamil Nadu,9.915916,78.110774,2024-06-15,194.2,144.3,170.08,6.39,61.25,28.93,5.08,59.05,0,218,88.03,2.57,272,0.78,High,58.37
Jodhpur,Rajasthan,26.277142,73.044908,2025-04-04,114.55,53.05,64.71,3.12,46.34,104.87,0.18,54.3,2,656,93.42,1.02,178,0.67,Medium,36.33
Varanasi,Uttar Pradesh,25.412675,82.907923,2024-05-30,59.4,30.25,38.83,6.38,31.57,39.69,1.66,50.42,2,201,59.43,1.78,129,1.02,Medium,35.25
Indore,Madhya Pradesh,22.628592,75.782971,2024-06-08,55.99,32.27,40.3,4.07,48.22,78.6,1.32,37.45,3,1851,27.39,1.04,719,1.58,Medium,36.62
Meerut,Uttar Pradesh,28.982653,77.687711,2024-12-20,72.46,27.25,34.97,2.16,29.17,186.73,1.63,59.0,1,533,70.71,0.2,147,0.03,Low,19.51
Chandigarh,Chandigarh,30.755288,76.864304,2023-04-21,156.57,90.12,114.93,0.0,50.87,26.97,1.82,80.39,2,5097,84.29,2.32,1371,6.21,High,55.39
Indore,Madhya Pradesh,22.712737,75.912376,2025-08-10,80.09,49.54,66.33,5.23,55.14,152.49,1.63,60.57,3,320,78.64,0.31,50,0.05,Low,33.53
Chennai,Tamil Nadu,13.052783,80.353286,2024-11-06,40.23,21.54,29.4,8.02,17.16,25.03,1.17,74.86,3,122,75.01,0.93,37,0.15,Low,31.51
Faridabad,Haryana,28.320021,77.219176,2024-04-04,128.58,79.22,105.64,1.89,55.84,49.0,2.62,39.31,2,1963,74.56,1.4,281,0.42,Medium,37.9
Faridabad,Haryana,28.495211,77.381996,2024-12-26,213.51,89.68,103.83,6.88,55.55,44.47,0.51,45.45,6,7927,86.92,2.05,5439,55.4,High,67.16
Mumbai,Maharashtra,19.026572,72.893226,2024-11-24,94.14,31.85,40.39,5.07,43.03,88.65,3.6,48.87,3,5831,76.08,1.13,622,2.54,Low,33.02
Bareilly,Uttar Pradesh,28.46123,75.415038,2024-06-09,60.32,45.46,52.85,6.6,45.52,140.56,0.1,28.48,4,826,82.05,0.67,116,0.18,Low,32.2
Indore,Madhya Pradesh,22.765897,75.949324,2024-07-10,12.56,8.97,12.43,1.75,16.51,28.45,2.15,19.51,3,521,69.19,0.46,44,0.09,Low,15.97
Hyderabad,Telangana,17.373115,78.413181,2023-05-30,50.13,24.89,28.38,8.22,40.73,44.55,0.4,78.51,2,140,88.56,1.92,54,0.2,Medium,42.17
Lucknow,Uttar Pradesh,26.91273,81.03585,2025-06-21,63.06,20.51,26.06,2.22,31.55,88.84,0.06,55.07,4,1017,81.09,0.99,87,0.37,Low,30.32
Bangalore,Karnataka,12.889583,77.53325,2024-09-21,128.74,40.86,51.35,0.85,42.0,32.67,0.35,23.46,1,4576,90.44,1.13,2054,10.54,Medium,46.97
Guwahati,Assam,26.103957,91.682199,2025-07-03,130.12,82.33,107.05,4.64,47.13,91.91,0.17,51.18,2,2,94.24,0.84,0,0.0,Medium,49.45
Guwahati,Assam,26.200403,91.63944,2023-11-02,15.49,9.69,11.48,0.0,34.87,131.62,1.84,49.46,2,4304,54.27,0.87,623,0.94,Low,7.22
Agra,Uttar Pradesh,27.262472,77.974494,2024-08-10,162.96,61.17,88.12,9.58,67.89,77.33,2.58,84.84,3,4599,41.4,3.45,5698,67.34,High,67.91
Varanasi,Uttar Pradesh,25.352872,83.009827,2024-06-13,65.02,29.22,42.56,5.86,30.77,123.58,1.17,66.67,1,928,22.85,0.45,120,0.07,Low,22.14
Varanasi,Uttar Pradesh,25.38783,83.065426,2023-10-18,124.85,79.07,90.76,9.57,39.57,23.15,0.3,54.63,4,10875,86.93,1.24,6537,40.24,Medium,52.73
Faridabad,Haryana,28.432735,77.255128,2023-07-07,171.56,102.82,139.95,2.89,46.92,44.89,1.48,68.07,4,945,94.08,2.46,340,3.83,Medium,48.54
Ahmedabad,Gujarat,23.050693,72.564636,2025-07-09,89.08,30.14,35.16,3.89,55.09,98.42,7.39,38.42,4,296,67.86,0.65,15,0.05,Low,17.61
Kota,Rajasthan,25.136829,75.941455,2025-08-04,57.08,18.32,22.82,11.02,21.7,6.21,2.62,63.96,3,2879,39.74,1.0,751,2.34,Medium,37.99
Madurai,Tamil Nadu,9.93837,78.201404,2024-10-19,133.26,106.32,117.4,6.11,60.39,18.15,0.77,87.77,4,145,77.68,2.3,157,0.85,High,59.95
Guwahati,Assam,26.047081,91.681538,2025-01-16,71.73,29.43,39.73,2.11,28.45,69.1,1.17,64.9,6,2531,79.23,0.3,226,0.28,Low,24.72
Varanasi,Uttar Pradesh,25.385047,82.9825,2025-06-08,74.66,58.23,65.18,1.93,22.38,75.36,1.32,56.53,1,1600,62.97,0.15,188,0.1,Low,19.98
Mumbai,Maharashtra,19.042078,72.895543,2024-12-12,59.73,30.33,33.65,3.45,21.34,45.09,2.31,45.71,1,144,64.64,0.29,19,0.02,Low,22.35
Vadodara,Gujarat,22.399832,73.104151,2024-03-04,65.03,38.31,54.9,3.97,52.36,147.84,0.66,51.86,2,546,50.07,1.05,52,0.09,Low,32.04
Dhanbad,Jharkhand,23.787629,86.465552,2024-09-29,87.95,56.95,75.57,3.23,34.75,206.51,1.08,20.94,3,45044,88.78,0.91,9944,13.85,Low,19.96
Allahabad,Uttar Pradesh,25.518192,81.758486,2023-01-28,19.33,9.95,13.94,4.84,14.78,87.54,0.38,51.65,3,241,78.49,0.73,20,0.03,Low,27.13
Coimbatore,Tamil Nadu,10.978083,76.966827,2024-10-07,50.78,37.72,53.81,5.14,37.65,129.21,0.89,65.86,2,590,80.16,0.91,42,0.14,Low,25.19
Chandigarh,Chandigarh,30.644723,76.706926,2023-09-24,58.96,23.78,30.96,1.93,39.38,145.6,1.06,70.89,5,1370,87.18,0.57,402,0.44,Low,19.12
Kochi,Kerala,9.935881,76.351603,2024-01-19,68.99,37.96,51.57,6.0,37.5,75.6,0.13,72.58,6,442,74.49,0.23,85,0.09,Low,33.11
Patna,Bihar,25.583182,85.054451,2024-07-19,154.6,85.89,115.24,8.13,46.66,112.06,2.26,51.06,4,1268,57.06,2.21,935,2.94,Medium,54.61
Patna,Bihar,25.628303,85.177005,2024-02-19,60.62,32.21,35.86,1.21,20.1,70.86,0.53,36.05,5,2172,94.34,0.56,157,0.25,Low,23.22
Allahabad,Uttar Pradesh,25.468429,81.865373,2023-04-03,44.49,32.84,45.61,5.9,30.92,123.45,0.75,42.05,3,4407,85.0,0.88,461,0.52,Low,17.32
Varanasi,Uttar Pradesh,25.3598,82.9208,2024-03-14,119.6,56.05,80.21,3.81,37.0,9.9,1.42,65.76,5,155,95.03,0.44,13,0.01,Low,32.01
Kochi,Kerala,9.916831,76.179585,2025-04-07,57.25,44.52,53.37,6.59,10.69,77.9,6.13,65.5,2,184,73.83,0.29,25,0.02,Low,26.6
Mumbai,Maharashtra,19.143284,72.878193,2023-09-30,162.34,126.27,187.06,4.76,43.95,20.08,1.57,82.0,4,197,81.64,2.09,78,0.78,High,56.52
Delhi,Delhi,28.756803,77.024237,2024-08-21,75.45,57.83,77.18,0.16,56.1,243.37,2.39,60.11,5,14275,78.46,0.94,2391,6.45,Low,19.26
Delhi,Delhi,28.679745,77.105959,2023-01-13,161.77,61.61,91.57,2.47,50.84,21.81,0.17,77.88,0,646,62.91,2.06,386,2.56,Medium,52.06
Kota,Rajasthan,25.289123,75.910574,2024-12-24,68.53,48.38,59.83,6.19,32.35,129.94,0.1,94.2,5,740,82.34,1.03,154,0.76,Low,29.34
Ahmedabad,Gujarat,22.990344,72.580319,2024-02-12,64.78,27.6,35.3,7.12,52.36,44.03,0.41,92.67,6,1697,81.55,1.15,176,0.99,Medium,43.23
Indore,Madhya Pradesh,22.686332,75.835239,2023-10-31,35.02,18.04,21.04,5.04,34.61,87.27,2.09,50.12,4,365,76.64,0.69,56,0.07,Low,19.07
Guwahati,Assam,26.194103,91.803506,2024-02-26,101.84,69.37,92.72,7.51,42.07,14.93,2.59,58.77,2,25,75.4,1.93,12,0.07,Medium,47.92
Pune,Maharashtra,18.476327,73.783974,2025-01-09,110.27,63.56,88.75,5.13,34.31,14.94,0.85,54.07,1,5652,53.22,0.95,4194,13.7,Medium,45.85
Gwalior,Madhya Pradesh,26.215,78.16863,2025-08-09,67.05,42.03,52.12,10.91,28.06,94.42,3.14,92.24,3,95,95.65,2.3,25,0.29,Medium,40.17
Delhi,Delhi,28.798115,77.175514,2025-07-31,87.36,65.79,91.94,0.45,31.02,43.8,1.09,49.68,1,86,92.85,1.05,9,0.02,Low,27.33
Nashik,Maharashtra,20.012633,73.715023,2025-07-24,124.23,52.96,67.63,7.1,36.23,37.09,1.29,78.44,2,230,74.39,1.15,147,0.84,Medium,52.47
Jabalpur,Madhya Pradesh,23.194583,79.890602,2024-02-13,8.75,3.51,5.21,3.57,8.49,206.32,1.12,50.81,1,89,83.45,0.15,11,0.0,Low,11.19
Allahabad,Uttar Pradesh,25.422706,81.920207,2024-10-19,95.3,34.84,49.43,10.4,64.77,61.09,5.16,70.97,4,63,94.98,2.08,21,0.19,Medium,45.08
Hubli,Karnataka,15.408152,75.140414,2024-01-02,59.93,39.42,58.7,12.32,30.44,145.53,1.11,72.42,2,2540,89.3,0.82,454,1.59,Medium,36.01
Jaipur,Rajasthan,26.903746,75.753146,2023-08-19,101.74,54.79,68.79,3.82,35.26,39.77,0.04,54.12,1,119,73.3,2.32,43,0.47,Medium,43.87
Chandigarh,Chandigarh,30.735092,76.769965,2024-11-24,65.67,50.65,71.68,6.19,49.54,60.17,2.62,49.07,3,681,68.82,0.69,210,0.27,Low,27.24
Coimbatore,Tamil Nadu,10.974302,76.963444,2023-03-22,76.32,49.87,67.91,4.0,28.8,95.32,0.82,16.33,1,252,91.15,0.37,66,0.09,Low,30.73
Amritsar,Punjab,31.55249,74.86388,2024-05-25,190.14,147.21,203.81,7.87,86.99,154.07,4.4,77.08,1,238,67.22,3.53,200,2.18,High,56.07
Raipur,Chhattisgarh,21.348068,81.57792,2023-11-14,76.17,28.16,40.73,2.55,26.26,63.65,5.56,93.42,3,917,67.47,0.56,130,0.28,Low,20.72
Dhanbad,Jharkhand,23.749059,86.431585,2023-10-23,91.45,52.44,72.67,2.82,31.69,45.85,4.02,52.52,3,50000,94.45,0.13,7097,4.35,Low,19.45
Varanasi,Uttar Pradesh,25.348095,82.884444,2024-04-08,37.32,21.37,24.65,2.83,30.64,132.68,0.24,64.56,2,11979,63.01,0.97,738,1.14,Low,15.92
Meerut,Uttar Pradesh,28.989339,77.739787,2024-04-08,95.36,61.82,85.94,1.99,41.05,49.95,0.97,36.55,2,2297,78.74,2.46,1199,12.63,Medium,38.36
Coimbatore,Tamil Nadu,11.092665,76.958645,2023-10-18,72.21,26.18,35.67,2.77,39.85,153.65,0.11,38.78,4,22,71.2,0.76,8,0.02,Low,19.4
Madurai,Tamil Nadu,9.840594,78.153953,2024-11-08,307.65,173.12,198.01,5.78,61.33,27.54,1.99,74.22,7,40349,79.97,4.0,29171,580.49,High,70.03
Nagpur,Maharashtra,21.051122,79.135246,2025-07-27,107.32,83.19,101.49,5.78,51.27,30.71,1.93,97.05,3,1558,74.77,1.53,343,0.97,Medium,43.19
Kolkata,West Bengal,22.615044,88.299078,2025-09-08,58.01,44.88,53.06,3.6,25.2,40.83,1.71,72.44,2,14072,59.23,0.35,3487,2.12,Low,28.14
Nagpur,Maharashtra,21.106117,79.025861,2023-04-22,56.75,19.94,23.31,6.33,31.68,22.13,3.67,22.76,1,677,77.99,0.66,62,0.1,Low,29.31
Delhi,Delhi,28.742456,77.137359,2023-02-28,38.37,18.22,22.34,5.05,20.33,103.08,1.34,63.58,5,231,60.15,0.85,31,0.04,Low,19.91
Gwalior,Madhya Pradesh,26.165306,78.213256,2024-09-17,43.63,15.02,18.58,5.16,23.02,151.36,4.95,48.14,2,2078,78.72,0.79,230,0.9,Low,14.81
Thiruvananthapuram,Kerala,8.480395,76.850614,2025-03-19,159.18,118.67,169.15,7.57,32.49,94.01,0.9,74.06,1,1096,76.45,2.5,1094,9.58,High,61.15
Chandigarh,Chandigarh,30.762044,76.734829,2025-09-16,118.56,50.88,73.61,4.23,38.59,86.99,1.46,31.15,4,339,92.81,1.56,120,0.66,Medium,41.69
Vadodara,Gujarat,22.347617,73.182678,2024-11-18,54.31,20.76,26.21,10.35,16.93,81.12,0.56,46.6,2,221,48.52,2.01,89,0.24,Medium,49.27
Hyderabad,Telangana,17.356751,78.512923,2024-02-07,66.91,42.83,61.26,2.43,40.31,177.04,4.46,69.18,3,223,85.17,0.28,67,0.02,Low,15.47
Kolkata,West Bengal,22.599217,88.443705,2025-03-16,33.13,23.57,26.05,3.98,40.7,55.83,4.56,41.22,2,1412,47.87,0.61,148,0.33,Low,12.42
Delhi,Delhi,28.757209,77.044538,2024-11-11,85.6,29.93,34.01,2.63,26.28,108.62,1.46,75.74,5,50000,74.91,1.06,6092,9.09,Low,18.63
Nagpur,Maharashtra,21.237966,79.168774,2024-06-10,68.09,34.16,42.14,2.36,36.23,168.37,1.12,81.67,6,1044,67.38,0.73,173,0.37,Low,20.92
Visakhapatnam,Andhra Pradesh,17.698288,83.314166,2023-12-10,78.36,25.56,36.83,1.79,40.53,10.21,0.88,69.22,3,19045,89.67,1.06,3698,8.94,Low,31.98
Vasai,Maharashtra,19.417559,72.758905,2025-06-28,95.62,64.84,85.33,6.17,48.36,32.25,9.04,88.66,0,1213,88.46,0.12,99,0.06,Low,26.77
Thiruvananthapuram,Kerala,8.593993,76.943169,2025-07-12,48.29,20.5,25.6,3.05,53.04,69.01,1.73,50.22,0,6257,84.04,0.64,1629,1.27,Low,16.55
Coimbatore,Tamil Nadu,10.927365,76.980968,2024-05-26,93.9,64.19,94.41,2.2,34.12,714.11,0.99,54.77,1,162,76.04,0.45,52,0.11,Low,19.84
Pune,Maharashtra,18.469106,73.943032,2025-09-19,137.66,104.61,119.04,2.78,51.34,57.79,0.42,53.67,6,9184,55.72,2.06,5943,20.4,Medium,42.44
Jodhpur,Rajasthan,26.14101,72.942585,2025-03-03,99.3,42.48,52.93,2.18,50.83,6.82,2.18,44.53,5,7827,25.87,0.31,2338,2.98,Low,32.44
Madurai,Tamil Nadu,9.901989,78.108688,2025-03-10,154.31,98.04,118.42,6.2,47.68,32.97,0.77,55.66,5,57,67.68,3.87,56,0.78,High,58.78
Jaipur,Rajasthan,26.949401,75.828851,2024-10-14,149.92,65.49,97.71,3.16,48.84,125.53,0.11,77.28,2,442,75.47,2.01,68,0.16,Medium,39.96
Gwalior,Madhya Pradesh,26.302454,78.276484,2023-08-20,39.88,22.1,33.08,4.48,34.96,145.28,1.4,47.43,6,4805,63.95,1.02,980,3.89,Low,14.66
Srinagar,Jammu and Kashmir,34.12238,74.895429,2025-05-29,151.01,103.81,144.73,7.13,29.03,110.05,2.16,77.66,2,541,74.61,1.26,279,0.82,Medium,52.97
Bangalore,Karnataka,13.061113,77.64797,2023-04-06,30.69,10.66,11.86,2.76,25.96,228.24,6.18,59.13,2,8152,64.03,0.76,819,1.2,Low,0.0
Visakhapatnam,Andhra Pradesh,17.656258,83.171546,2025-05-25,213.47,93.6,105.43,4.27,69.89,210.92,2.1,45.06,5,50000,94.33,2.48,31213,352.88,High,62.06
Agra,Uttar Pradesh,27.105745,78.012963,2024-08-27,67.33,53.81,59.73,4.12,34.44,114.76,3.05,71.41,4,19248,86.23,0.5,5783,13.37,Low,27.35
Varanasi,Uttar Pradesh,25.282821,82.917988,2024-09-06,79.95,59.22,79.21,8.21,36.83,10.46,7.75,87.25,3,5026,95.39,0.54,806,1.87,Low,33.08
Guwahati,Assam,26.156523,91.713493,2024-08-23,97.05,52.55,66.01,10.69,40.01,134.21,2.17,58.53,3,9483,70.7,0.85,7350,17.39,Medium,45.09
Guwahati,Assam,26.163779,91.709406,2023-07-22,8.39,5.94,7.85,12.25,24.11,50.5,1.51,89.12,6,41815,80.42,2.41,7777,64.49,Medium,36.3
Vijayawada,Andhra Pradesh,16.487615,80.683536,2023-09-28,78.7,37.25,52.1,10.35,33.77,104.98,0.19,84.69,2,373,81.26,2.09,150,0.5,Medium,45.94
Kalyan,Maharashtra,19.196129,73.159773,2023-10-19,30.78,18.02,25.2,4.68,33.15,59.58,0.03,61.69,5,17,37.78,0.43,3,0.01,Low,21.79
Kochi,Kerala,9.963493,76.347955,2024-03-27,5.47,4.07,5.2,2.16,29.2,40.26,2.74,71.46,3,1032,52.71,0.94,320,1.33,Low,10.43
Jaipur,Rajasthan,27.011313,75.823134,2024-11-30,138.52,52.42,57.98,3.83,43.5,58.89,1.25,75.17,5,1334,48.22,1.8,295,1.7,Medium,37.13
Indore,Madhya Pradesh,22.682787,75.903548,2023-05-18,56.0,43.0,57.58,2.37,20.14,152.76,10.0,62.24,7,1500,80.35,0.98,594,2.32,Low,17.09
Bareilly,Uttar Pradesh,28.429221,75.342049,2023-04-16,80.65,48.49,55.42,4.4,34.31,126.51,0.22,25.65,5,6,96.31,0.91,1,0.0,Low,30.08
Ranchi,Jharkhand,23.418666,85.372513,2024-03-01,34.95,26.96,39.71,0.35,32.33,89.35,0.17,19.24,1,237,87.51,0.49,24,0.03,Low,14.07
Kolkata,West Bengal,22.56801,88.43088,2023-09-27,38.92,29.86,33.42,0.78,28.85,62.98,0.11,79.92,3,200,64.7,0.72,22,0.04,Low,14.1
Kanpur,Uttar Pradesh,26.406258,80.376297,2024-02-14,123.74,83.69,107.92,3.33,44.38,133.58,2.91,25.85,1,22717,71.04,0.11,5362,1.83,Low,32.47
Hubli,Karnataka,15.405226,75.215196,2023-11-03,66.49,49.12,54.82,4.5,23.92,70.65,1.72,67.32,2,1350,95.88,0.51,513,0.62,Low,33.05
Kolkata,West Bengal,22.489276,88.449602,2024-12-22,36.04,26.29,36.28,10.55,34.45,27.92,0.92,23.72,2,24302,69.92,0.93,15444,14.53,Medium,37.02
Vijayawada,Andhra Pradesh,16.463058,80.665156,2023-12-31,45.18,24.63,28.27,3.36,49.39,117.42,1.0,37.91,1,965,43.16,0.37,415,0.74,Low,19.03
Nashik,Maharashtra,19.954249,73.777116,2023-08-09,82.42,28.47,41.83,3.26,33.04,61.42,1.13,47.1,5,302,70.62,0.24,52,0.05,Low,25.89
Coimbatore,Tamil Nadu,11.047646,76.910886,2024-08-04,136.01,73.58,83.02,2.87,45.06,162.97,5.01,46.94,2,6087,59.53,0.46,1448,1.88,Low,26.78
Hyderabad,Telangana,17.390429,78.539493,2023-03-27,84.65,56.29,71.17,6.05,40.44,56.52,5.42,60.43,2,5285,94.42,0.87,683,2.64,Low,29.29
Hyderabad,Telangana,17.436247,78.441886,2023-09-10,62.08,43.85,57.74,4.17,31.87,36.85,2.94,87.18,5,50000,54.78,0.94,22775,53.17,Low,26.31
Nashik,Maharashtra,20.072498,73.706348,2024-11-19,54.95,19.51,28.85,2.11,45.23,53.32,0.32,24.39,3,3127,82.66,0.11,287,0.1,Low,31.23
Vasai,Maharashtra,19.43477,72.733965,2025-06-04,99.75,29.94,42.59,5.25,42.62,91.92,0.36,48.01,1,649,61.43,0.31,105,0.08,Low,33.79
Bangalore,Karnataka,12.896831,77.519257,2023-03-05,77.29,29.31,37.96,3.43,32.12,197.8,0.3,81.14,4,58,86.91,0.8,4,0.01,Low,22.64
Bhopal,Madhya Pradesh,23.293894,77.326996,2024-03-09,57.19,23.31,33.68,6.66,36.6,34.68,9.08,52.06,3,50000,88.75,0.67,5587,4.49,Low,30.42
Faridabad,Haryana,28.347911,77.409914,2024-12-15,73.42,53.22,68.76,4.09,35.63,16.28,5.65,15.76,4,334,66.92,0.64,47,0.14,Low,24.73
Delhi,Delhi,28.707933,77.062112,2024-09-29,42.03,16.03,23.36,6.03,11.35,74.52,8.7,71.54,4,12013,54.96,0.37,1187,1.46,Low,14.86
Bangalore,Karnataka,12.988616,77.597234,2025-02-09,27.76,14.71,17.32,11.06,38.64,11.55,0.18,56.8,3,154,93.53,0.84,84,0.13,Medium,35.1
Srinagar,Jammu and Kashmir,33.990735,74.879664,2025-05-07,30.16,21.66,29.47,8.7,13.35,89.71,0.62,77.13,2,31086,60.2,0.47,4339,9.1,Low,30.14
Agra,Uttar Pradesh,27.193214,78.047867,2024-07-17,72.78,26.39,30.4,7.44,5.56,244.47,6.51,48.84,3,1322,91.02,1.14,185,0.72,Low,22.57
Srinagar,Jammu and Kashmir,34.020887,74.742174,2024-11-15,152.92,106.21,131.74,6.12,27.44,244.75,1.9,36.25,1,4516,92.8,1.47,846,4.18,Medium,42.05
Jodhpur,Rajasthan,26.288581,73.116567,2024-06-12,49.78,19.13,25.49,6.27,35.98,57.75,1.19,71.02,3,882,62.75,1.11,259,0.74,Low,22.14
Surat,Gujarat,21.205398,72.872232,2025-07-28,52.62,26.23,31.43,9.31,35.51,142.07,0.25,89.42,3,54,91.32,1.34,41,0.15,Medium,35.48
Pune,Maharashtra,18.555678,73.775154,2025-02-09,56.04,21.43,29.48,13.47,40.26,74.96,1.34,74.99,1,612,60.79,1.14,221,0.32,Medium,47.15
Ranchi,Jharkhand,23.357956,85.371982,2024-12-05,127.79,41.75,61.58,7.44,46.65,198.09,0.88,47.14,5,8434,78.88,1.85,2701,20.3,Medium,51.3
Lucknow,Uttar Pradesh,26.780579,80.970364,2025-03-18,64.42,20.4,25.43,4.72,50.25,31.52,10.0,92.03,0,15887,80.75,0.59,1982,2.22,Low,28.37
Nashik,Maharashtra,19.925928,73.817755,2025-08-04,122.35,73.38,85.74,4.64,35.76,88.08,0.3,59.59,2,1730,86.76,1.31,730,3.6,Medium,45.42
Vijayawada,Andhra Pradesh,16.584064,80.65188,2023-06-19,45.29,23.9,26.59,7.09,16.73,70.89,2.15,66.04,4,59,87.81,0.11,17,0.0,Low,26.79
Ranchi,Jharkhand,23.34416,85.34538,2025-06-09,27.25,19.85,29.33,3.54,16.74,139.4,0.04,89.85,4,517,89.89,0.72,31,0.06,Low,12.36
Chennai,Tamil Nadu,12.989853,80.276345,2023-06-24,247.39,135.53,171.91,4.12,80.01,44.66,3.44,60.47,0,14145,92.2,2.46,4801,14.44,High,74.11
Vadodara,Gujarat,22.210103,73.196168,2024-11-27,55.88,30.83,43.8,4.08,49.85,28.58,0.09,49.5,2,26,73.04,1.63,18,0.09,Medium,40.42
Indore,Madhya Pradesh,22.702688,75.839293,2024-08-31,49.49,19.02,27.18,1.58,42.74,170.51,1.54,75.18,3,2254,84.39,0.76,255,0.29,Low,18.69
Nagpur,Maharashtra,21.162852,79.060068,2024-04-08,84.19,36.17,40.06,3.48,47.96,33.16,2.36,40.1,3,232,76.8,1.11,32,0.04,Low,24.36
Nagpur,Maharashtra,21.187636,79.028268,2023-08-09,64.89,51.62,58.89,10.91,28.19,166.88,2.32,22.96,2,50000,69.97,0.91,23399,78.37,Medium,35.05
Delhi,Delhi,28.771982,77.092134,2024-10-14,109.24,53.43,75.74,0.63,50.25,38.5,0.82,44.86,0,595,71.46,2.25,309,2.95,Medium,48.74
Faridabad,Haryana,28.503509,77.413747,2023-07-11,94.23,28.73,34.34,5.08,36.38,34.92,4.85,71.41,3,12974,75.68,0.33,995,1.27,Low,29.2
Delhi,Delhi,28.741275,77.169154,2025-09-08,193.83,97.81,136.87,6.28,63.34,139.68,1.19,54.74,2,642,58.58,1.22,477,1.48,Medium,53.13
Madurai,Tamil Nadu,9.985434,78.140676,2023-04-25,30.66,9.69,12.68,3.18,22.29,82.46,2.7,49.27,3,11878,71.31,0.72,2940,3.24,Low,11.67
Chennai,Tamil Nadu,13.105845,80.30889,2024-02-15,52.13,17.0,23.36,3.49,29.05,69.17,1.53,77.7,4,3039,98.38,0.31,1116,1.03,Low,23.36
Hyderabad,Telangana,17.481478,78.426306,2024-05-05,48.03,30.36,36.49,0.51,32.97,66.93,0.46,55.91,1,103,88.49,0.16,9,0.0,Low,13.27
Vadodara,Gujarat,22.210368,73.192762,2024-02-05,46.38,24.18,29.05,3.45,30.91,56.97,0.84,60.8,1,1246,96.32,0.21,45,0.02,Low,21.09
Varanasi,Uttar Pradesh,25.363683,82.964552,2024-02-03,37.17,20.62,26.17,4.44,45.3,59.25,1.9,87.62,2,18944,84.52,0.13,4362,2.53,Low,23.98
Gwalior,Madhya Pradesh,26.280373,78.24217,2024-09-28,64.5,35.75,46.14,4.45,37.5,227.56,3.53,63.21,0,144,76.52,0.13,28,0.01,Low,17.71
Agra,Uttar Pradesh,27.226049,78.079653,2023-12-13,110.5,40.05,44.48,2.67,52.31,155.32,0.39,60.09,1,138,95.7,1.07,12,0.06,Low,34.12
Aurangabad,Maharashtra,19.905524,75.409307,2024-11-13,78.1,36.08,48.16,9.35,32.61,217.31,6.88,82.98,4,928,94.8,1.01,231,0.89,Low,17.67
Nagpur,Maharashtra,21.164809,79.006239,2023-05-15,49.61,34.04,47.81,4.11,21.42,54.88,3.79,59.72,1,445,75.08,1.08,42,0.18,Low,21.55
Varanasi,Uttar Pradesh,25.331966,82.924628,2024-08-30,72.09,47.96,70.37,6.72,16.98,24.42,2.6,54.37,3,761,81.24,0.91,121,0.2,Low,34.12
Rajkot,Gujarat,22.396337,70.882497,2024-05-11,107.91,79.17,96.2,5.79,44.19,118.38,1.48,45.28,1,959,72.09,1.53,152,1.04,Medium,40.33
Indore,Madhya Pradesh,22.741345,75.943098,2023-09-03,83.34,51.47,75.34,6.77,41.87,31.27,2.33,59.89,4,12492,21.19,0.71,3518,5.76,Low,30.18
Patna,Bihar,25.671613,85.131752,2023-03-17,66.6,22.62,29.29,3.64,16.27,164.12,3.24,56.15,3,187,74.22,0.32,54,0.03,Low,16.15
Delhi,Delhi,28.660242,77.202363,2024-12-10,116.18,65.62,81.31,2.36,52.18,43.01,0.5,8.9,0,1504,82.38,1.91,689,5.86,Medium,45.21
Jaipur,Rajasthan,26.988279,75.784844,2025-07-06,37.4,19.77,26.54,7.14,25.84,187.49,1.86,69.46,2,4505,68.18,1.01,599,1.25,Low,24.04
Hubli,Karnataka,15.35453,75.112024,2024-12-11,22.6,9.28,12.11,9.72,30.24,74.1,4.55,45.55,0,3820,89.74,0.14,417,0.19,Low,19.46
Bhopal,Madhya Pradesh,23.266645,77.341367,2023-01-20,68.06,49.8,68.21,5.7,44.1,123.21,3.13,89.78,3,781,62.31,0.8,189,0.66,Low,26.15
Dhanbad,Jharkhand,23.873524,86.499445,2024-06-28,151.04,62.93,87.7,8.77,61.21,30.17,1.11,69.1,3,17961,64.96,3.23,18010,275.36,High,64.31
Kochi,Kerala,9.953142,76.206597,2024-05-16,112.15,61.15,68.17,7.31,35.55,231.31,3.28,43.19,0,55,94.59,2.0,13,0.05,Medium,36.35
Patna,Bihar,25.561894,85.066216,2023-02-21,43.02,27.24,36.56,2.57,27.93,101.01,1.98,58.86,2,26508,74.8,0.14,4668,0.88,Low,6.87
Guwahati,Assam,26.115948,91.751611,2025-08-20,26.51,10.41,13.59,6.4,14.74,135.84,1.75,13.0,4,10399,71.51,0.82,864,2.11,Low,21.92
Bhopal,Madhya Pradesh,23.297864,77.408967,2023-02-15,44.8,33.93,39.63,4.89,34.44,124.52,0.45,55.76,1,18362,62.43,1.13,8203,29.44,Low,23.17
Raipur,Chhattisgarh,21.28934,81.674574,2024-09-11,17.76,6.32,7.33,1.4,20.59,144.99,0.11,81.43,1,2052,97.75,0.32,196,0.07,Low,13.28
Vasai,Maharashtra,19.390021,72.900336,2025-02-18,228.19,166.99,245.75,4.07,69.63,105.02,0.36,43.27,3,1818,73.55,3.73,2198,16.25,High,68.03
Visakhapatnam,Andhra Pradesh,17.64241,83.198213,2023-12-09,80.6,41.49,54.84,4.87,40.11,171.15,1.47,65.46,3,654,87.76,0.89,124,0.44,Low,30.29
Agra,Uttar Pradesh,27.231429,77.999223,2025-03-09,110.61,37.82,42.4,3.27,35.6,64.94,1.45,8.76,3,1634,89.36,0.18,200,0.04,Low,31.53
Thiruvananthapuram,Kerala,8.560879,76.99556,2024-04-20,17.72,10.38,15.37,2.16,25.18,200.19,3.58,57.44,2,2069,92.81,1.0,216,0.49,Low,4.17
Indore,Madhya Pradesh,22.809719,75.929526,2025-05-19,39.89,30.59,42.28,7.83,35.67,43.2,0.65,53.13,2,526,66.86,0.97,127,0.49,Low,34.46
Nagpur,Maharashtra,21.216603,79.148692,2025-01-24,34.76,26.82,35.16,12.03,45.92,60.63,5.52,48.81,2,2251,81.21,0.61,327,0.68,Low,30.4
Kochi,Kerala,9.959979,76.277423,2023-10-30,76.05,42.27,58.9,7.81,34.17,258.51,6.02,32.83,4,31165,31.45,0.49,4804,7.49,Low,21.11
Hubli,Karnataka,15.301771,75.150866,2025-02-26,32.12,22.45,29.76,5.25,37.21,147.19,2.93,63.52,3,1910,77.34,0.57,190,0.4,Low,9.06
Aurangabad,Maharashtra,19.868097,75.441656,2024-06-08,103.36,78.08,112.32,5.6,42.83,131.25,1.83,32.96,3,1123,71.65,0.96,576,1.14,Medium,38.27
Madurai,Tamil Nadu,10.010673,78.100322,2024-08-04,23.72,17.51,20.78,1.98,31.96,110.11,0.27,68.97,2,1194,81.21,0.93,286,0.55,Low,17.07
Thiruvananthapuram,Kerala,8.578552,76.923531,2025-02-16,150.58,51.81,74.53,5.56,45.61,33.74,2.18,62.62,1,13185,83.58,3.22,13568,82.45,High,57.32
Kota,Rajasthan,25.307608,75.858257,2025-07-17,114.32,80.31,100.23,4.44,38.23,188.46,2.76,46.58,2,177,41.19,2.03,60,0.42,Medium,35.49
Coimbatore,Tamil Nadu,11.009272,76.870666,2025-09-02,48.26,22.87,33.17,6.88,37.29,252.04,0.47,25.51,2,450,63.89,0.19,164,0.05,Low,13.02
Pune,Maharashtra,18.567405,73.794424,2025-07-23,66.4,49.02,71.82,11.46,38.68,125.6,3.04,71.1,3,758,95.61,0.61,233,0.71,Low,33.66
Thiruvananthapuram,Kerala,8.442948,76.963354,2023-12-25,43.62,25.06,33.41,3.51,25.46,28.3,1.53,86.62,2,1507,39.23,1.14,309,1.55,Low,16.02
Visakhapatnam,Andhra Pradesh,17.752533,83.283078,2025-09-25,309.57,104.1,142.54,6.34,79.45,69.05,0.97,52.79,2,2402,77.05,4.87,3753,66.69,Critical,76.25
Amritsar,Punjab,31.681129,74.869703,2023-05-12,21.96,6.62,8.42,7.8,19.42,156.99,0.26,72.17,1,21003,70.87,0.8,3657,4.92,Low,26.03
Meerut,Uttar Pradesh,29.013914,77.699254,2025-03-17,94.43,67.62,82.09,3.32,39.24,109.97,0.4,48.46,3,74,81.02,0.61,15,0.02,Low,22.63
Aurangabad,Maharashtra,19.791855,75.429983,2024-05-07,22.63,15.68,22.78,10.81,17.73,36.27,0.35,69.27,3,2622,90.16,1.79,868,5.96,Medium,41.39
Nashik,Maharashtra,20.021667,73.867999,2024-11-10,129.28,67.61,80.45,6.61,52.33,33.53,2.5,67.37,2,652,48.51,2.0,201,0.51,Medium,47.27
Jaipur,Rajasthan,26.860781,75.767,2023-01-09,176.53,73.57,110.2,6.44,50.7,85.54,1.04,79.99,4,8474,97.7,3.69,7297,125.2,High,59.57
Jaipur,Rajasthan,26.852183,75.874571,2024-12-17,159.33,57.2,64.21,5.5,54.6,25.83,3.58,55.77,8,21,84.19,1.78,7,0.04,Medium,54.12
Kochi,Kerala,9.90879,76.199283,2023-01-21,37.63,25.73,30.43,1.13,24.79,62.1,0.04,96.82,0,142,73.49,0.68,11,0.01,Low,21.0
Ahmedabad,Gujarat,22.965501,72.614527,2024-01-30,80.23,34.52,40.23,6.97,47.26,61.55,1.1,61.48,1,1061,64.84,0.71,137,0.28,Low,33.37
Lucknow,Uttar Pradesh,26.896332,80.940131,2025-08-15,68.35,52.61,57.91,6.73,49.84,59.51,1.46,91.87,7,15312,73.7,1.92,8154,66.93,Medium,37.26
Varanasi,Uttar Pradesh,25.369778,83.071106,2023-12-21,163.38,107.18,155.15,5.09,72.32,14.87,1.06,74.18,2,907,56.88,2.65,310,3.38,High,67.34
Varanasi,Uttar Pradesh,25.243768,83.009062,2023-07-15,20.99,7.93,11.22,1.96,24.85,68.86,2.9,88.23,8,1126,58.55,0.23,477,0.29,Low,9.59
Jodhpur,Rajasthan,26.280949,72.94738,2025-04-12,196.77,116.07,135.66,5.8,70.33,36.37,0.91,40.09,0,15653,89.15,2.99,11625,136.99,High,63.62
Kalyan,Maharashtra,19.224875,73.14365,2024-09-30,44.73,16.27,22.81,7.51,31.63,131.05,6.94,63.69,4,529,58.4,0.26,104,0.07,Low,15.72
Indore,Madhya Pradesh,22.706387,75.813267,2025-09-07,80.91,43.3,57.48,5.05,46.08,171.54,1.68,50.36,2,393,84.58,1.7,168,0.79,Medium,36.28
Lucknow,Uttar Pradesh,26.895061,80.997541,2025-07-21,117.52,71.0,84.34,8.04,35.75,27.46,0.82,55.49,3,2846,76.12,1.95,705,4.58,Medium,51.79
Bhopal,Madhya Pradesh,23.254122,77.476348,2025-06-10,68.76,42.1,53.33,5.47,22.76,43.87,2.78,62.14,1,779,58.09,0.57,273,0.62,Low,30.6
Gwalior,Madhya Pradesh,26.300161,78.084445,2023-10-17,112.41,54.39,60.39,2.21,42.53,129.94,0.47,55.24,1,2263,94.62,2.32,1745,11.58,Medium,40.43
Visakhapatnam,Andhra Pradesh,17.691787,83.213926,2024-09-12,105.62,62.22,74.9,2.73,44.75,229.25,0.56,64.96,2,1873,71.38,0.84,770,2.62,Medium,39.09
Patna,Bihar,25.497482,85.161209,2023-10-03,47.54,15.11,20.88,7.12,25.71,59.84,2.55,72.22,2,1199,45.33,0.2,75,0.05,Low,22.92
Varanasi,Uttar Pradesh,25.409225,82.876005,2024-05-28,104.67,33.07,42.58,3.65,54.24,105.61,10.0,84.3,0,50000,87.06,0.54,14801,32.89,Low,33.25
Faridabad,Haryana,28.479849,77.386816,2023-10-04,66.7,24.68,32.21,4.86,46.79,44.41,3.59,60.08,2,50000,96.98,0.3,5249,4.31,Low,32.42
Jabalpur,Madhya Pradesh,23.169431,79.975657,2023-02-08,23.69,15.17,22.14,4.23,22.34,291.05,1.24,50.68,5,158,45.71,1.17,39,0.08,Low,16.91
Rajkot,Gujarat,22.222149,70.837989,2023-05-11,106.46,58.87,72.68,5.62,38.11,21.47,0.97,87.83,1,50000,71.76,1.67,13291,30.95,Medium,48.26
Vijayawada,Andhra Pradesh,16.41018,80.687805,2025-09-19,91.68,54.32,81.41,5.44,32.44,36.74,2.5,26.08,3,403,66.15,0.92,146,0.52,Low,29.56
Hyderabad,Telangana,17.304731,78.510519,2023-11-06,88.79,35.2,44.2,4.2,32.86,99.15,0.58,85.62,2,6130,34.35,1.53,2131,13.53,Medium,37.4
Nagpur,Maharashtra,21.156368,79.038849,2024-08-12,169.57,115.74,149.09,3.56,63.14,13.13,0.87,79.18,7,7216,94.98,3.25,7214,38.09,High,58.17
Ahmedabad,Gujarat,23.098526,72.648951,2025-01-12,55.85,17.29,24.73,7.26,18.79,67.46,1.62,60.11,1,143,64.01,0.44,21,0.03,Low,32.43
Coimbatore,Tamil Nadu,11.010908,77.045595,2023-08-14,81.81,27.91,35.37,9.38,36.04,43.15,7.22,42.81,3,48,78.24,0.31,9,0.01,Low,32.59
Vijayawada,Andhra Pradesh,16.464781,80.617222,2024-11-29,68.14,48.89,71.43,5.59,33.01,22.0,1.22,29.8,4,5305,75.67,1.58,1458,2.49,Medium,36.14
Surat,Gujarat,21.155126,72.823294,2025-05-18,61.58,44.6,49.24,2.01,46.59,178.73,0.28,91.78,2,364,72.0,0.79,39,0.03,Low,33.37
Visakhapatnam,Andhra Pradesh,17.706828,83.260686,2024-04-19,85.43,62.94,80.12,2.9,30.78,18.68,2.5,19.11,4,141,66.97,0.94,16,0.07,Low,23.13
Guwahati,Assam,26.053126,91.75099,2023-12-26,28.55,19.27,25.13,10.49,52.69,99.96,2.92,37.72,1,879,76.32,1.04,192,0.29,Low,30.05
Dhanbad,Jharkhand,23.733777,86.518589,2025-09-08,82.8,41.78,50.2,4.0,43.68,169.21,0.87,72.57,3,12444,64.9,0.87,2884,3.42,Low,32.6
Amritsar,Punjab,31.646761,74.814426,2025-06-23,116.58,91.07,123.99,6.09,46.83,125.69,2.79,85.44,3,44,75.81,1.69,12,0.07,Medium,42.38
Indore,Madhya Pradesh,22.663577,75.831362,2025-06-14,105.03,59.91,72.49,6.41,46.04,55.47,1.5,16.65,3,50000,58.76,2.22,33386,225.57,Medium,47.31
Solapur,Maharashtra,17.677689,75.834238,2024-11-18,70.36,56.0,62.46,4.62,24.77,60.05,1.68,81.29,2,1188,68.86,0.35,461,0.21,Low,26.28
Varanasi,Uttar Pradesh,25.313178,83.019379,2023-08-05,71.56,56.57,74.73,2.28,36.92,24.94,0.29,84.54,4,88,67.41,0.76,11,0.04,Low,25.25
Nagpur,Maharashtra,21.20103,79.085482,2024-06-12,59.26,29.86,41.27,0.34,46.15,165.79,1.2,35.26,3,77,45.74,0.97,19,0.04,Low,23.27
Nashik,Maharashtra,19.942463,73.889727,2023-08-28,54.36,37.06,42.21,11.64,37.46,151.33,2.56,78.48,2,14427,84.61,1.02,1754,8.86,Low,34.51
Aurangabad,Maharashtra,19.788982,75.276499,2023-12-02,105.9,45.29,59.0,10.03,58.16,106.66,1.12,63.5,0,252,52.54,3.15,302,2.76,High,58.66
Aurangabad,Maharashtra,19.856538,75.403115,2023-08-29,50.39,34.1,44.68,2.92,23.34,215.65,0.66,51.19,3,2496,64.29,0.17,617,0.23,Low,18.69
Jaipur,Rajasthan,26.960317,75.736824,2024-09-12,42.61,25.33,35.86,3.83,21.26,107.37,0.11,88.77,1,8921,74.76,0.77,1491,3.05,Low,15.56
Allahabad,Uttar Pradesh,25.366524,81.782304,2024-06-08,36.34,14.5,16.1,7.88,26.18,161.04,0.79,61.75,5,4383,47.43,0.78,827,1.48,Low,21.2
Hubli,Karnataka,15.454534,75.189152,2024-05-21,49.65,38.17,53.24,5.73,40.46,120.38,0.76,82.93,3,3380,53.94,0.73,910,2.98,Low,24.58
Kalyan,Maharashtra,19.278278,73.211719,2025-03-09,128.51,82.0,101.9,6.51,56.24,107.73,4.09,72.93,2,37,78.22,1.95,21,0.18,Medium,35.13
Rajkot,Gujarat,22.390153,70.781776,2024-07-12,105.36,81.25,104.36,4.38,39.86,189.09,2.45,37.99,1,5170,63.85,0.64,883,2.3,Low,32.11
Kota,Rajasthan,25.140476,75.895724,2023-07-29,108.03,56.38,79.94,4.41,34.59,22.77,0.58,86.52,1,146,60.92,1.73,70,0.15,Medium,41.13
Dhanbad,Jharkhand,23.761608,86.406724,2023-09-22,75.49,56.54,73.94,0.0,37.51,62.55,2.71,31.73,2,1791,46.7,1.05,513,0.91,Low,20.67
Varanasi,Uttar Pradesh,25.403243,82.979661,2025-09-18,34.83,13.02,15.15,7.64,29.94,147.99,4.65,81.24,3,15,76.04,0.96,2,0.01,Low,11.14
Guwahati,Assam,26.127632,91.802608,2023-07-26,110.14,42.66,52.48,3.09,34.72,6.78,0.51,82.86,2,42339,32.03,1.88,19177,82.93,Medium,36.99
Kochi,Kerala,9.849332,76.300749,2023-03-27,147.8,118.09,138.43,7.67,43.58,103.52,3.06,13.09,2,1783,62.55,1.27,1000,1.56,Medium,40.38
Solapur,Maharashtra,17.693487,75.892284,2023-08-11,55.05,17.05,22.17,0.07,40.27,148.44,2.02,36.84,1,83,90.91,0.48,13,0.01,Low,23.88
Guwahati,Assam,26.114114,91.7055,2024-11-08,198.92,87.69,117.65,6.9,58.5,79.0,0.64,42.33,5,49,60.3,3.52,22,0.38,High,61.17
Howrah,West Bengal,22.622546,88.208058,2024-07-23,72.74,40.33,51.86,3.6,42.81,246.06,0.02,60.39,2,201,86.67,1.14,59,0.19,Low,29.52
Faridabad,Haryana,28.498318,77.338382,2023-08-30,40.58,15.93,23.67,4.28,35.58,119.98,1.4,59.39,6,113,84.61,0.82,4,0.01,Low,16.04
Gwalior,Madhya Pradesh,26.26853,78.200756,2023-09-04,113.52,89.73,111.49,1.29,46.49,61.85,0.13,62.34,5,292,78.8,1.33,208,0.98,Medium,43.14
Thiruvananthapuram,Kerala,8.576826,76.974197,2023-05-28,140.06,47.59,63.67,4.78,58.25,165.56,0.7,72.45,3,1843,51.19,1.96,662,3.01,Medium,45.89
Vijayawada,Andhra Pradesh,16.602084,80.640881,2023-08-05,128.79,68.89,91.24,5.08,39.0,91.06,2.44,76.78,2,18410,93.06,0.71,2409,3.63,Low,33.43
Vasai,Maharashtra,19.367624,72.73208,2025-04-02,138.16,81.07,119.77,6.2,44.18,18.99,8.84,81.21,1,1599,79.77,1.97,1401,4.27,Medium,43.23
Vijayawada,Andhra Pradesh,16.515606,80.558668,2023-06-10,74.95,41.49,58.99,2.49,26.98,65.62,1.34,83.42,2,12276,71.34,0.5,1372,2.29,Low,26.13
Solapur,Maharashtra,17.697894,76.00068,2024-06-15,116.72,48.02,59.3,4.31,56.55,23.4,2.72,90.58,3,34142,55.96,1.34,10693,21.35,Medium,44.9
Vasai,Maharashtra,19.447605,72.867073,2025-05-10,69.72,39.23,51.45,2.11,34.86,208.41,0.91,20.89,0,14889,78.59,0.45,3771,6.89,Low,24.61
Lucknow,Uttar Pradesh,26.849696,80.872347,2023-05-23,34.87,15.29,19.66,2.67,29.82,148.25,0.28,60.39,3,128,63.76,0.74,9,0.01,Low,13.5
Hyderabad,Telangana,17.34893,78.462922,2024-04-04,215.01,113.52,161.83,7.8,63.19,201.38,4.35,65.69,2,3954,82.72,3.08,5259,30.15,High,60.81
Nashik,Maharashtra,19.958582,73.82896,2024-12-21,75.18,57.44,69.18,2.58,44.43,18.46,0.49,66.43,2,183,75.94,0.61,80,0.07,Low,33.35
Raipur,Chhattisgarh,21.245022,81.726493,2023-11-26,22.88,15.39,17.71,3.66,35.16,103.8,2.34,46.43,3,1053,97.27,0.88,99,0.25,Low,4.04
Guwahati,Assam,26.20555,91.69109,2023-04-26,177.76,103.57,124.23,4.17,37.44,51.07,3.36,80.64,2,2582,49.67,1.88,550,1.08,Medium,46.32
Bhopal,Madhya Pradesh,23.262764,77.472299,2023-10-25,84.61,32.88,40.95,2.22,41.13,150.82,1.65,59.26,5,9473,88.04,1.19,1793,8.35,Low,24.73
Rajkot,Gujarat,22.346991,70.84266,2023-03-11,76.63,26.82,35.82,2.36,20.87,108.95,0.74,54.2,4,977,67.4,0.2,50,0.03,Low,26.78
Howrah,West Bengal,22.581088,88.26895,2024-07-28,81.04,64.31,80.97,5.65,40.02,228.22,1.52,83.2,0,497,75.66,0.79,203,0.67,Low,26.32
Indore,Madhya Pradesh,22.674594,75.785389,2025-08-05,71.97,56.67,77.78,2.31,28.49,106.58,0.71,11.98,2,515,82.72,0.87,175,0.44,Low,23.17
Allahabad,Uttar Pradesh,25.356178,81.829253,2025-09-15,99.34,53.86,61.2,5.78,36.81,70.8,0.7,68.58,1,525,68.67,0.36,220,0.34,Low,29.29
Jabalpur,Madhya Pradesh,23.101177,79.951863,2024-09-07,166.5,63.11,91.15,5.03,57.87,154.79,1.43,39.59,2,6158,81.78,2.36,2254,8.33,Medium,51.48
Pune,Maharashtra,18.441059,73.871272,2023-09-03,25.13,12.57,16.73,1.57,21.21,140.82,0.76,47.18,7,3208,66.29,1.17,302,1.41,Low,17.55
Varanasi,Uttar Pradesh,25.292948,83.013078,2024-09-17,99.42,62.16,87.19,7.72,41.09,170.52,3.81,32.01,3,1666,80.57,1.67,1014,2.53,Medium,37.5
Howrah,West Bengal,22.610782,88.206083,2024-02-23,48.14,28.07,37.75,5.75,25.59,149.13,1.07,77.15,0,2702,85.86,0.4,211,0.37,Low,17.49
Coimbatore,Tamil Nadu,11.089261,76.924855,2024-01-30,61.77,36.9,54.97,7.74,25.92,162.4,2.85,86.15,4,18347,82.98,1.12,3781,15.53,Low,28.28
Aurangabad,Maharashtra,19.902529,75.306852,2024-07-31,156.91,70.18,77.58,3.35,42.88,99.15,1.84,58.39,1,451,47.56,1.47,99,0.51,Medium,44.78
Kolkata,West Bengal,22.521904,88.424519,2023-06-13,45.31,27.51,35.87,5.53,15.4,21.84,0.08,57.95,1,1406,78.66,0.75,259,0.65,Low,25.34
Kanpur,Uttar Pradesh,26.520302,80.414537,2023-06-14,62.81,29.38,33.28,6.16,28.75,104.37,0.14,16.53,6,604,42.81,0.4,204,0.12,Low,30.5
Agra,Uttar Pradesh,27.171319,78.101823,2025-04-25,76.26,47.01,56.26,10.29,27.0,111.27,1.43,77.12,3,125,82.68,2.06,36,0.12,Medium,38.37
Guwahati,Assam,26.166629,91.66005,2024-08-20,84.46,37.54,48.33,4.52,38.49,118.73,2.61,88.24,5,3,81.8,1.08,0,0.0,Low,28.89
Pune,Maharashtra,18.584431,73.93266,2025-03-24,40.06,15.79,20.53,2.37,27.36,115.75,0.3,31.93,2,1347,75.7,0.27,257,0.16,Low,16.93
Srinagar,Jammu and Kashmir,34.156643,74.710714,2025-07-17,98.53,32.03,40.31,4.88,31.57,28.48,0.48,58.31,3,127,92.1,0.41,48,0.02,Low,34.7
Dhanbad,Jharkhand,23.834355,86.455383,2024-05-09,43.93,35.11,39.63,6.61,14.54,70.36,1.2,64.1,3,49,98.48,0.34,22,0.03,Low,15.44
Guwahati,Assam,26.098519,91.71468,2025-04-23,124.72,48.73,58.37,10.16,44.43,109.99,1.25,65.18,3,1502,81.28,3.23,1557,7.46,High,57.33
Nashik,Maharashtra,20.012835,73.855054,2023-08-17,113.91,52.98,72.73,6.36,34.72,57.07,1.26,42.76,4,1497,44.19,1.16,474,0.75,Medium,38.49
Bareilly,Uttar Pradesh,28.344597,75.379316,2023-05-10,151.99,57.58,75.23,3.83,56.32,125.75,0.82,75.25,0,3170,69.35,1.54,1807,7.49,Medium,51.93
Chennai,Tamil Nadu,13.160819,80.239042,2023-11-30,127.41,76.8,105.36,4.01,33.49,115.7,2.12,65.81,3,834,77.75,2.26,277,1.35,Medium,35.43
Visakhapatnam,Andhra Pradesh,17.709424,83.224701,2024-01-30,46.13,27.03,30.76,3.26,15.89,13.46,3.07,65.75,2,21,79.22,0.19,4,0.0,Low,10.6
Varanasi,Uttar Pradesh,25.34451,83.010777,2024-01-22,38.57,16.61,20.12,5.98,15.08,10.83,0.06,26.01,3,737,86.24,0.81,38,0.05,Low,30.09
Surat,Gujarat,21.214404,72.859677,2023-09-22,109.52,44.03,60.64,2.06,48.79,69.09,2.68,54.09,4,344,92.82,1.47,75,0.31,Medium,40.17
Vasai,Maharashtra,19.531174,72.874388,2023-03-30,21.05,14.35,20.06,8.98,40.63,166.43,1.18,80.3,1,1552,45.0,0.9,357,0.59,Low,25.46
Guwahati,Assam,26.119251,91.805413,2023-05-03,47.86,25.29,31.14,4.08,30.68,253.2,2.56,37.44,2,5692,82.51,0.28,1422,0.6,Low,6.58
Bhopal,Madhya Pradesh,23.315599,77.323876,2024-05-06,88.58,52.38,67.85,3.79,42.22,97.61,3.53,20.86,2,48,69.75,1.08,3,0.01,Low,22.87
Hyderabad,Telangana,17.288887,78.408841,2023-08-05,92.26,35.9,52.77,7.97,35.52,110.62,0.33,17.18,4,5115,89.56,1.62,3608,9.02,Medium,38.62
Chennai,Tamil Nadu,12.986364,80.248611,2024-06-12,12.51,6.76,9.05,3.71,13.92,52.81,6.22,70.7,3,624,82.2,0.75,46,0.03,Low,4.87
Amritsar,Punjab,31.569722,74.968785,2024-07-17,116.76,68.4,87.69,2.33,46.6,32.74,0.44,52.85,2,3834,83.95,1.56,1573,11.16,Medium,41.5
Coimbatore,Tamil Nadu,11.024321,76.954183,2023-09-08,46.0,35.84,45.66,5.05,35.23,50.92,1.26,74.33,4,37790,84.06,0.83,5341,17.89,Low,21.23
Aurangabad,Maharashtra,19.949522,75.402246,2024-12-13,131.28,91.0,132.5,3.42,48.59,308.26,7.68,53.04,1,561,58.03,1.16,106,0.54,Low,25.53
Dhanbad,Jharkhand,23.863469,86.405577,2024-09-10,212.04,65.56,91.93,9.16,69.1,76.3,0.89,52.41,4,737,81.54,4.9,785,17.44,Critical,76.65
Nagpur,Maharashtra,21.134676,79.158084,2024-06-16,55.81,42.45,49.61,1.54,47.7,247.78,0.4,39.61,5,17895,85.98,0.59,2786,3.97,Low,20.65
Delhi,Delhi,28.605326,77.095327,2024-11-05,87.52,54.21,78.0,2.57,43.42,73.64,4.04,57.32,2,1859,73.56,0.56,645,1.6,Low,22.4
Madurai,Tamil Nadu,9.937192,78.146078,2024-10-12,111.36,65.66,73.33,2.4,31.76,11.84,0.09,37.23,7,2186,76.35,1.27,449,1.2,Medium,40.87
Solapur,Maharashtra,17.593061,75.837198,2024-10-25,120.32,46.31,52.91,7.13,52.38,91.41,1.03,52.6,6,48582,89.46,4.0,16532,153.17,High,55.07
Kolkata,West Bengal,22.543028,88.34963,2024-08-18,61.79,23.83,31.6,7.21,40.17,70.19,0.38,88.66,5,532,87.27,1.14,230,0.91,Medium,46.03
Delhi,Delhi,28.656744,77.144555,2024-08-02,86.23,31.92,41.97,1.06,40.55,51.91,1.89,61.05,0,91,69.28,0.7,6,0.01,Low,29.93
Nashik,Maharashtra,20.079093,73.7015,2023-04-16,73.03,56.78,84.23,2.1,30.16,123.43,2.83,44.35,0,966,79.49,0.5,86,0.14,Low,21.38
Agra,Uttar Pradesh,27.140001,78.101364,2024-04-09,111.94,48.72,54.5,6.07,49.48,70.48,2.25,65.1,7,401,90.03,2.21,73,0.76,Medium,41.32
Hubli,Karnataka,15.319086,75.100821,2024-08-10,143.61,94.56,125.99,8.14,36.65,256.5,0.83,72.66,1,202,87.35,0.84,154,0.57,Medium,46.59
Coimbatore,Tamil Nadu,10.982164,76.89029,2023-03-29,148.28,67.7,89.91,3.71,39.09,38.01,3.24,22.18,4,516,75.76,1.95,287,1.15,Medium,35.48
Chennai,Tamil Nadu,13.090906,80.356153,2023-06-20,149.73,93.73,104.55,7.29,40.97,72.6,2.3,34.88,2,1677,75.54,2.32,1419,15.42,Medium,44.83
Hyderabad,Telangana,17.356311,78.553271,2023-08-18,20.46,8.52,12.12,4.32,43.62,30.23,1.79,79.59,3,12746,82.43,0.99,3246,10.07,Low,24.79
Jodhpur,Rajasthan,26.154794,73.023116,2023-01-17,173.55,68.04,97.72,3.23,43.33,45.04,0.11,85.82,0,413,25.37,1.17,53,0.29,Medium,51.22
Delhi,Delhi,28.749357,77.104711,2023-11-21,31.08,21.05,25.07,4.85,29.1,108.71,2.98,72.92,4,2995,57.21,0.53,872,0.8,Low,17.88
Varanasi,Uttar Pradesh,25.218323,82.924639,2024-05-05,51.09,33.07,36.49,7.71,25.36,30.27,2.14,37.68,2,224,73.19,0.96,183,0.55,Medium,37.17
Chandigarh,Chandigarh,30.681506,76.778904,2023-11-25,203.92,137.4,191.29,3.45,52.28,216.9,0.2,88.29,1,18190,77.77,1.73,10055,35.39,Medium,50.46
Chennai,Tamil Nadu,13.064969,80.219374,2024-09-05,155.74,56.94,84.06,8.17,47.1,81.85,6.97,58.26,2,653,67.08,2.7,254,2.68,High,58.0
Ranchi,Jharkhand,23.404686,85.289528,2023-06-09,193.09,151.75,188.72,11.8,64.13,72.59,6.15,10.95,4,252,76.33,3.81,83,1.47,High,64.05
Kolkata,West Bengal,22.557001,88.447978,2025-05-04,134.58,85.71,115.17,11.74,66.19,131.49,1.73,36.6,7,551,60.1,2.28,229,0.57,Medium,54.48
Vasai,Maharashtra,19.493405,72.837688,2024-12-24,195.51,95.96,117.81,6.53,62.18,56.04,0.41,8.04,3,15,53.71,2.44,4,0.02,High,66.53
Jaipur,Rajasthan,26.98767,75.776059,2024-02-11,86.03,68.59,91.13,4.16,49.67,104.99,4.33,51.12,2,1389,82.4,0.65,316,0.52,Low,24.73
Indore,Madhya Pradesh,22.8088,75.900081,2023-08-13,212.28,122.96,147.56,3.52,62.36,29.96,0.76,48.03,2,8588,61.43,2.27,4948,29.94,High,67.06
Varanasi,Uttar Pradesh,25.391834,82.92835,2023-11-13,215.15,106.36,139.59,6.26,42.17,146.01,2.88,14.3,3,1051,55.93,2.51,466,2.76,High,62.94
Pune,Maharashtra,18.534154,73.914832,2023-10-17,44.81,20.21,25.72,2.28,34.85,103.21,0.61,44.45,0,2073,81.02,0.4,600,0.65,Low,14.28
Vijayawada,Andhra Pradesh,16.524008,80.59885,2023-10-11,72.88,57.59,72.06,5.2,21.79,87.21,0.41,16.61,2,5380,53.38,0.9,901,1.25,Low,28.26
Guwahati,Assam,26.072454,91.752883,2023-11-26,197.7,111.45,132.81,2.81,41.3,205.68,4.9,76.94,0,102,96.31,1.1,9,0.03,Low,32.01
Raipur,Chhattisgarh,21.252855,81.662606,2023-01-08,95.03,46.42,68.18,4.5,28.74,129.26,5.35,54.55,2,28573,60.6,1.04,4913,7.97,Low,15.36
Hubli,Karnataka,15.359408,75.173313,2024-01-23,36.86,28.55,35.48,0.82,19.93,137.41,6.69,76.69,4,935,80.47,0.92,99,0.22,Low,5.52
Hubli,Karnataka,15.434842,75.16458,2024-10-28,71.75,21.87,26.54,3.02,18.11,142.94,5.34,91.57,5,1338,81.35,0.21,125,0.05,Low,10.19
Amritsar,Punjab,31.548511,74.843244,2024-08-02,79.79,47.3,58.61,6.69,57.67,215.66,7.99,35.08,3,2216,54.47,0.12,102,0.03,Low,22.57
Kochi,Kerala,10.008836,76.216262,2023-08-28,203.89,146.9,170.18,2.74,57.62,237.01,3.24,10.28,2,10280,24.18,1.56,6235,21.45,Medium,52.91
Lucknow,Uttar Pradesh,26.81161,81.005941,2024-11-24,20.92,11.77,16.25,2.92,12.66,225.58,1.98,24.9,1,167,40.3,0.58,24,0.06,Low,11.7
Kanpur,Uttar Pradesh,26.410596,80.388497,2024-01-25,36.92,20.69,25.13,4.25,25.57,73.77,0.39,65.23,2,133,60.46,0.93,10,0.02,Low,20.48
Howrah,West Bengal,22.633164,88.277165,2023-05-14,103.3,49.02,56.51,13.27,46.49,145.11,0.57,74.23,6,9807,59.48,2.19,8147,87.39,Medium,53.27
Nashik,Maharashtra,20.072759,73.753677,2024-04-22,78.16,60.86,68.07,3.82,42.76,64.48,2.07,28.46,3,82,40.15,1.08,9,0.03,Low,29.81
Visakhapatnam,Andhra Pradesh,17.636779,83.216204,2024-04-09,47.91,24.93,34.17,6.95,40.73,178.99,0.77,61.21,4,60,77.04,0.66,14,0.03,Low,21.75
Rajkot,Gujarat,22.36933,70.865625,2025-07-24,105.95,60.3,84.25,3.86,42.13,158.14,0.51,71.88,0,16148,50.57,1.19,7964,14.81,Medium,36.47
Varanasi,Uttar Pradesh,25.307492,83.011768,2024-05-24,147.39,114.86,143.35,2.11,68.42,106.16,0.09,48.31,8,2540,76.79,2.27,699,3.64,Medium,47.41
Vasai,Maharashtra,19.468992,72.838011,2025-05-25,61.95,27.0,33.5,1.25,34.58,85.63,1.22,56.2,1,669,77.9,0.57,174,0.45,Low,19.94
Kochi,Kerala,10.021612,76.325322,2024-09-15,64.71,49.19,59.78,5.92,38.53,75.96,0.02,74.27,3,3884,75.48,2.12,2582,5.7,Medium,35.36
Visakhapatnam,Andhra Pradesh,17.687615,83.223838,2024-02-12,22.34,9.91,12.86,2.14,11.17,113.9,1.13,23.08,2,207,61.14,0.3,11,0.01,Low,12.33
Varanasi,Uttar Pradesh,25.235256,83.073071,2024-11-24,228.34,115.42,154.75,8.46,63.14,26.31,0.99,61.55,5,1121,56.51,3.69,2087,9.6,Critical,83.35
Kalyan,Maharashtra,19.148323,73.227587,2024-12-25,70.13,27.59,34.27,6.32,41.31,180.54,1.57,79.56,3,403,80.85,0.37,72,0.1,Low,29.36
Kochi,Kerala,9.920259,76.2365,2024-10-17,96.23,56.89,73.18,3.91,48.27,56.66,0.13,78.58,2,171,99.02,0.89,18,0.06,Low,34.02
Srinagar,Jammu and Kashmir,34.111322,74.814911,2024-10-10,38.66,24.34,27.18,3.64,15.48,110.37,1.08,95.92,2,3557,77.85,0.17,897,0.42,Low,13.21
Aurangabad,Maharashtra,19.845753,75.379261,2024-05-03,33.08,22.63,32.61,2.42,35.89,29.14,1.32,82.0,3,1725,86.58,0.79,419,0.85,Low,19.79
Chandigarh,Chandigarh,30.730443,76.846934,2024-05-14,70.06,54.31,75.31,4.84,32.27,30.08,0.12,22.92,3,483,88.41,1.89,166,1.51,Medium,35.93
Surat,Gujarat,21.144422,72.8706,2025-03-18,28.88,18.52,22.65,3.01,25.0,13.35,0.37,49.22,2,1280,71.3,1.13,94,0.39,Low,20.59
Delhi,Delhi,28.795674,77.03406,2023-03-03,42.13,32.29,47.07,2.22,25.35,35.17,2.07,68.41,3,336,67.39,0.48,42,0.05,Low,10.9
Vadodara,Gujarat,22.329146,73.136069,2023-06-29,18.19,10.34,13.2,5.96,28.41,37.04,0.04,40.59,2,57,58.91,0.67,15,0.01,Low,28.72
Guwahati,Assam,26.180023,91.643887,2023-08-07,53.05,38.11,46.34,3.96,29.78,176.06,3.61,31.88,9,931,60.07,0.55,356,0.83,Low,14.87
Mumbai,Maharashtra,19.131876,72.891053,2025-09-10,146.35,102.72,131.56,6.94,52.55,23.72,0.9,97.92,2,1915,88.58,2.18,883,5.27,Medium,51.19
Lucknow,Uttar Pradesh,26.932842,80.993625,2024-03-25,35.71,20.99,24.12,3.58,30.72,51.36,1.8,68.22,3,4911,57.19,0.91,444,1.07,Low,15.9
Kochi,Kerala,9.983868,76.171728,2024-12-21,20.13,6.8,7.66,0.87,24.67,96.84,3.42,84.12,2,50000,41.17,0.28,3072,1.31,Low,11.37
Rajkot,Gujarat,22.27349,70.740217,2023-11-07,130.85,47.57,61.88,6.77,29.61,132.4,0.25,58.97,5,231,61.82,1.37,56,0.32,Medium,40.61
Guwahati,Assam,26.182016,91.707421,2024-05-30,28.38,14.35,19.24,3.36,19.56,12.12,0.32,38.59,7,34,88.57,0.64,2,0.0,Low,25.0
Aurangabad,Maharashtra,19.903796,75.413668,2023-01-13,144.95,84.26,95.5,7.29,64.67,132.34,3.86,91.05,3,2705,47.1,1.17,859,3.04,Medium,46.86
Bangalore,Karnataka,13.025527,77.615404,2024-02-24,78.91,47.71,67.88,6.97,36.83,128.22,3.57,51.02,3,1638,75.46,0.62,432,0.84,Low,22.84
Lucknow,Uttar Pradesh,26.885403,80.847983,2025-06-17,114.58,69.77,80.67,10.68,20.67,107.03,4.42,77.86,2,2536,73.99,2.39,778,2.06,Medium,46.45
Jaipur,Rajasthan,26.916997,75.695945,2023-03-29,89.42,32.55,41.98,6.41,39.41,306.69,0.91,35.88,6,50000,82.62,0.59,4085,6.94,Low,26.58
Aurangabad,Maharashtra,19.819537,75.408737,2024-08-27,41.78,20.34,23.0,0.56,20.31,130.95,0.46,40.53,5,32977,49.53,0.81,6743,16.21,Low,14.97
Patna,Bihar,25.543594,85.157695,2025-01-02,149.01,65.65,85.91,4.66,48.19,161.09,0.86,34.17,2,933,55.06,1.16,145,0.68,Medium,42.77
Mumbai,Maharashtra,19.086356,72.973531,2024-01-17,18.81,13.22,15.65,5.61,33.27,184.14,0.02,64.81,4,420,66.64,0.31,76,0.08,Low,17.93
Surat,Gujarat,21.268745,72.922939,2024-06-19,12.48,7.27,8.37,9.6,18.41,100.67,0.14,70.32,3,2694,72.0,0.82,1119,2.08,Low,25.99
Agra,Uttar Pradesh,27.113219,78.031418,2023-06-05,61.65,29.11,39.57,8.58,34.06,124.99,0.88,63.9,2,53,43.65,1.08,10,0.04,Low,34.93
Chandigarh,Chandigarh,30.825937,76.749198,2024-04-19,79.4,53.44,59.87,4.31,38.07,134.8,0.14,78.78,2,2985,88.53,0.35,720,0.42,Low,33.93
Vijayawada,Andhra Pradesh,16.461598,80.615141,2024-06-20,86.6,59.12,79.16,6.0,20.02,97.96,0.64,40.85,3,3105,88.62,1.48,1332,2.36,Medium,37.27
Mumbai,Maharashtra,19.144622,72.779821,2023-02-03,44.05,16.4,21.66,7.38,27.48,144.52,1.01,35.2,5,8564,95.11,0.36,1889,1.99,Low,20.86
Faridabad,Haryana,28.433466,77.248378,2024-08-09,112.55,68.61,79.96,8.07,45.53,7.24,0.1,74.14,1,856,60.75,1.93,579,1.3,Medium,52.77
Howrah,West Bengal,22.614901,88.308542,2025-05-22,24.27,10.09,11.86,1.16,34.28,137.58,3.54,76.57,0,908,90.98,1.11,289,0.81,Low,5.28
Raipur,Chhattisgarh,21.21016,81.695225,2023-05-24,76.18,29.76,36.67,5.18,49.31,98.29,0.41,75.33,1,46,69.24,2.36,23,0.13,Medium,38.38
Raipur,Chhattisgarh,21.275494,81.621559,2023-08-27,63.18,19.16,28.66,3.83,33.91,124.81,3.72,66.8,5,10,80.49,1.03,1,0.0,Low,16.64
Indore,Madhya Pradesh,22.725087,75.860611,2023-02-16,28.55,19.61,25.27,3.92,26.61,146.4,2.19,77.51,1,1853,88.79,0.91,342,0.69,Low,5.95
Aurangabad,Maharashtra,19.935809,75.286043,2024-07-19,41.24,24.12,32.87,5.28,37.3,46.19,1.32,73.45,5,302,88.35,0.98,15,0.02,Low,22.62
Bareilly,Uttar Pradesh,28.309011,75.459383,2024-08-29,70.37,30.03,40.64,4.9,42.5,85.31,1.24,62.54,5,6271,90.31,0.55,1200,2.39,Low,31.66
Coimbatore,Tamil Nadu,10.99995,76.963923,2024-09-18,77.1,46.99,52.73,3.52,28.14,143.41,0.58,65.24,1,9,68.95,0.85,0,0.0,Low,25.16
Varanasi,Uttar Pradesh,25.415555,82.934337,2023-04-20,163.67,73.55,84.41,7.61,60.14,134.48,0.25,69.02,1,1550,36.16,2.06,693,3.81,High,65.09
Kochi,Kerala,9.853039,76.259599,2025-06-22,176.17,133.69,182.72,4.9,48.28,73.47,0.15,82.24,5,6132,93.47,3.56,4502,22.15,High,57.72
Varanasi,Uttar Pradesh,25.234853,82.957244,2025-04-22,28.46,11.76,17.16,5.82,13.48,152.51,0.03,68.54,1,16295,90.58,0.81,5703,5.25,Low,24.8
Solapur,Maharashtra,17.662357,75.828947,2024-04-26,30.42,17.78,22.77,8.61,18.16,27.6,6.4,35.82,1,6307,71.02,0.22,862,0.87,Low,21.35
Faridabad,Haryana,28.425474,77.364279,2023-10-28,38.54,22.46,32.81,3.41,30.88,93.76,0.43,44.16,2,1521,86.39,1.14,488,2.62,Low,16.95
Raipur,Chhattisgarh,21.224528,81.538696,2025-02-01,73.53,33.99,43.09,17.1,19.67,52.77,0.3,69.39,4,324,89.9,1.4,213,1.25,Medium,53.82
Gwalior,Madhya Pradesh,26.181118,78.118897,2024-10-30,72.75,56.64,72.76,0.62,29.94,34.43,1.8,80.97,2,18044,82.63,0.47,3192,1.67,Low,22.29
Thiruvananthapuram,Kerala,8.53925,77.001037,2025-04-12,117.69,47.31,69.95,6.82,43.23,79.12,0.31,67.24,5,179,70.91,1.16,45,0.24,Medium,43.84
Kota,Rajasthan,25.272068,75.879566,2024-08-28,69.66,28.59,39.63,9.36,42.54,16.2,1.76,57.2,2,9010,70.41,1.69,1763,12.75,Medium,44.22
Jodhpur,Rajasthan,26.160236,73.050533,2023-05-09,185.64,124.91,150.07,6.58,55.63,18.71,1.48,56.54,7,293,76.16,2.92,151,1.18,High,61.76
Meerut,Uttar Pradesh,29.038393,77.770888,2025-05-17,169.0,108.88,122.99,3.59,50.2,159.31,5.11,84.03,7,980,77.51,0.96,154,0.48,Medium,36.03
Bareilly,Uttar Pradesh,28.391142,75.479017,2024-09-04,52.74,30.12,33.34,2.95,31.53,43.83,0.56,45.42,4,7,66.19,0.46,1,0.0,Low,32.79
Pune,Maharashtra,18.560547,73.868798,2025-07-19,136.94,105.77,121.1,1.36,52.5,159.82,0.95,73.36,2,6212,91.53,1.13,5583,18.34,Medium,38.52
Howrah,West Bengal,22.665735,88.359207,2024-09-24,126.92,79.54,114.58,2.12,51.09,20.22,0.14,79.71,4,67,69.42,2.5,22,0.15,Medium,49.42
Bhopal,Madhya Pradesh,23.191391,77.48383,2024-11-22,98.28,38.16,51.29,7.64,35.73,67.06,9.2,56.75,2,1910,59.78,0.35,354,0.4,Low,26.64
Howrah,West Bengal,22.595349,88.24921,2024-05-06,85.24,66.57,96.06,3.21,39.14,188.9,1.13,72.01,4,998,87.92,0.83,407,0.85,Low,16.6
Indore,Madhya Pradesh,22.754113,75.895801,2024-12-03,23.36,17.89,21.63,10.39,14.62,179.32,2.01,30.67,2,29845,72.85,0.19,8482,5.2,Low,28.42
Kalyan,Maharashtra,19.198631,73.188807,2024-04-13,122.22,85.35,123.29,10.35,48.59,126.57,0.53,75.26,4,484,74.36,2.63,386,2.32,High,60.46
Nashik,Maharashtra,20.043308,73.738283,2025-06-01,53.63,27.28,37.28,1.79,45.3,113.13,0.7,92.39,2,5654,77.2,1.08,800,4.03,Low,29.07
Jodhpur,Rajasthan,26.255606,72.994165,2023-12-24,110.21,66.12,86.66,5.96,41.62,71.89,0.59,53.0,2,438,59.29,2.28,82,0.69,Medium,48.16
Surat,Gujarat,21.197915,72.849051,2023-02-11,82.09,47.77,60.24,2.4,7.82,26.5,0.09,52.87,4,7232,53.71,0.77,1532,4.35,Low,34.67
Hyderabad,Telangana,17.384876,78.468799,2023-05-30,136.86,42.54,60.15,3.45,68.55,26.65,2.51,37.96,5,2858,46.18,2.48,1853,9.12,Medium,39.75
Kolkata,West Bengal,22.502545,88.420433,2023-12-26,66.44,34.28,42.95,2.73,20.47,78.79,0.54,95.07,2,222,31.31,1.16,66,0.17,Low,28.48
Guwahati,Assam,26.16799,91.826594,2025-09-10,56.19,42.83,59.45,2.64,27.52,46.3,0.72,48.27,3,50000,60.8,0.3,18358,17.25,Low,26.12
Kanpur,Uttar Pradesh,26.542297,80.336346,2023-09-29,144.1,111.45,137.58,8.27,45.75,28.98,2.01,94.03,6,182,87.96,1.71,125,0.21,Medium,52.4
Lucknow,Uttar Pradesh,26.767567,80.846487,2024-10-16,63.52,20.73,24.3,5.0,22.78,52.69,2.73,63.02,6,75,71.74,0.81,17,0.05,Low,28.27
Varanasi,Uttar Pradesh,25.264183,82.956909,2024-05-04,217.89,118.66,135.08,4.38,47.91,93.5,1.7,55.12,6,35917,83.11,3.03,32119,232.95,High,63.96
Guwahati,Assam,26.187595,91.816842,2024-08-26,60.03,36.85,53.81,0.0,30.48,118.54,0.79,71.83,1,330,91.51,0.48,56,0.14,Low,26.18
Indore,Madhya Pradesh,22.722143,75.920313,2023-01-23,116.61,39.63,57.1,4.09,45.18,131.14,4.33,63.81,4,3030,71.21,0.26,819,0.28,Low,30.56
Kalyan,Maharashtra,19.335022,73.15169,2023-12-26,222.34,166.83,204.88,8.85,69.69,70.19,0.62,88.49,3,882,98.85,4.53,692,5.65,Critical,78.61
Indore,Madhya Pradesh,22.727125,75.861072,2024-09-10,85.35,54.62,72.7,4.85,30.96,141.19,2.73,41.26,3,255,92.39,0.33,35,0.06,Low,22.69
Gwalior,Madhya Pradesh,26.195186,78.212424,2024-09-09,149.56,68.07,88.67,5.04,41.08,124.95,0.69,36.06,2,183,86.43,0.91,96,0.28,Medium,45.85
Meerut,Uttar Pradesh,28.952945,77.64121,2024-10-09,40.1,23.52,33.77,8.83,40.12,12.59,0.81,75.28,2,208,42.35,1.02,117,0.14,Medium,39.22
Delhi,Delhi,28.752263,77.007443,2024-03-07,154.51,75.61,102.33,8.49,56.57,173.1,0.94,62.53,1,369,91.76,2.59,181,1.73,High,64.13
Solapur,Maharashtra,17.673263,75.967833,2024-03-25,43.3,14.48,18.02,2.38,21.22,40.59,3.35,45.2,3,2915,82.99,1.05,255,0.75,Low,18.35
Coimbatore,Tamil Nadu,11.112431,76.90843,2023-10-28,129.71,95.7,124.98,6.12,45.79,51.15,0.81,36.94,3,53,95.52,0.86,19,0.03,Medium,50.29
Solapur,Maharashtra,17.723913,75.926536,2024-07-26,66.34,25.39,34.52,4.66,20.82,76.66,4.41,51.1,4,760,78.1,1.09,80,0.36,Low,20.44
Vadodara,Gujarat,22.239284,73.123836,2024-08-14,136.77,104.51,148.28,6.12,46.84,42.78,0.2,56.79,4,7361,87.3,1.0,3138,7.13,Medium,52.09
Chennai,Tamil Nadu,13.132206,80.344753,2025-07-11,40.42,26.65,30.22,1.03,38.49,107.83,0.79,94.43,2,285,40.44,0.73,88,0.1,Low,14.73
Vijayawada,Andhra Pradesh,16.438377,80.734061,2024-04-20,80.7,54.04,79.25,3.15,39.2,137.56,3.35,55.96,4,1230,48.52,0.81,161,0.43,Low,17.58
Rajkot,Gujarat,22.33745,70.705652,2025-05-30,111.04,48.61,57.78,3.71,49.8,69.7,3.79,72.08,8,709,69.04,1.09,440,1.58,Medium,36.27
Ahmedabad,Gujarat,22.987415,72.553418,2023-11-15,64.61,31.22,37.19,7.21,34.03,72.27,4.74,47.47,2,895,40.34,0.9,53,0.13,Low,25.02
Jaipur,Rajasthan,26.930219,75.870339,2024-10-26,66.39,30.08,35.45,3.51,48.39,120.87,1.02,51.86,2,11506,49.74,0.46,1162,0.65,Low,23.68
Amritsar,Punjab,31.625452,74.802025,2025-01-02,24.75,12.92,15.44,1.86,27.89,94.95,6.32,26.2,1,1949,51.81,0.36,307,0.19,Low,4.63
Allahabad,Uttar Pradesh,25.36309,81.859961,2023-03-16,127.93,85.25,100.53,5.64,53.42,114.28,0.58,84.93,4,79,66.05,1.87,28,0.23,Medium,42.18
Chennai,Tamil Nadu,13.133024,80.248054,2024-10-24,108.69,57.97,68.4,9.53,44.62,12.87,0.9,81.26,2,25753,28.19,2.53,8316,31.83,High,57.58
Hubli,Karnataka,15.351364,75.133476,2023-01-15,26.24,19.23,28.43,1.69,18.47,190.53,1.01,62.82,3,224,88.13,0.63,34,0.04,Low,12.64
Thiruvananthapuram,Kerala,8.458099,77.017627,2024-09-11,94.95,62.5,69.82,3.31,54.17,158.02,2.33,16.18,3,31,41.7,0.63,2,0.0,Low,25.44
Rajkot,Gujarat,22.349319,70.900772,2023-10-17,85.94,47.06,54.57,1.36,23.26,190.68,0.19,55.1,3,357,65.73,0.26,36,0.02,Low,23.86
Kanpur,Uttar Pradesh,26.490697,80.382576,2024-05-21,20.68,14.03,18.51,6.39,41.61,22.41,0.95,96.8,4,179,77.05,1.05,42,0.19,Low,28.79
Varanasi,Uttar Pradesh,25.338835,82.96167,2023-10-07,49.28,22.81,34.06,7.56,9.87,70.81,2.32,48.57,5,1162,93.47,0.21,240,0.16,Low,20.05
Dhanbad,Jharkhand,23.70007,86.402404,2024-03-12,175.36,127.11,181.12,8.39,55.1,174.14,10.0,86.58,1,2255,66.46,1.81,1145,6.06,Medium,47.83
Vadodara,Gujarat,22.377726,73.109205,2023-09-05,83.99,65.18,79.4,1.39,23.67,8.25,0.3,88.46,7,4037,62.67,0.76,434,0.45,Low,27.46
Howrah,West Bengal,22.638589,88.322118,2024-01-16,8.45,4.43,5.05,0.0,0.0,125.7,0.03,42.9,5,3563,90.96,1.17,542,2.76,Low,16.28
Vadodara,Gujarat,22.353648,73.145404,2025-03-23,94.39,62.98,81.75,5.68,50.22,105.45,0.9,59.82,3,582,63.29,0.77,116,0.17,Low,30.18
Visakhapatnam,Andhra Pradesh,17.608572,83.125083,2023-08-22,148.2,47.87,69.45,6.65,45.0,257.4,1.24,19.21,1,2199,72.99,0.17,461,0.3,Low,33.12
Howrah,West Bengal,22.662825,88.202104,2025-06-08,72.18,34.32,49.91,2.27,37.37,91.18,0.33,67.96,5,50000,78.52,1.15,12463,24.7,Low,31.55
Nagpur,Maharashtra,21.102192,79.045778,2023-01-29,89.89,61.75,89.68,5.02,41.91,27.7,0.34,62.88,3,2798,53.64,0.96,776,2.05,Medium,38.61
Allahabad,Uttar Pradesh,25.484157,81.932467,2023-04-02,100.79,80.24,115.75,6.8,38.64,52.25,1.42,58.7,3,2033,68.49,1.31,837,2.73,Medium,38.04
Kota,Rajasthan,25.137756,75.797464,2024-04-26,121.23,86.35,120.02,6.07,59.46,71.11,1.16,60.81,3,52,38.46,1.1,13,0.06,Medium,48.53
Hyderabad,Telangana,17.363426,78.531474,2025-04-01,62.58,34.85,47.56,3.43,16.27,115.75,1.35,66.37,7,1761,91.82,0.4,310,0.57,Low,21.52
Gwalior,Madhya Pradesh,26.189965,78.213458,2023-12-26,66.32,36.38,41.33,8.97,30.06,20.06,1.58,63.22,4,371,71.42,1.88,325,1.06,Medium,43.42
Kochi,Kerala,9.843609,76.183626,2023-03-02,35.75,12.29,16.55,9.58,26.59,71.49,0.34,26.24,1,4157,81.8,0.68,1388,4.46,Low,26.57
Rajkot,Gujarat,22.378322,70.805532,2023-11-26,201.64,152.97,175.29,9.95,53.86,146.14,0.26,61.78,0,2260,91.95,3.7,2096,17.83,High,66.71
Bhopal,Madhya Pradesh,23.193213,77.322382,2023-10-30,36.86,24.02,29.5,3.14,27.65,94.54,2.48,49.19,3,304,77.87,0.23,22,0.01,Low,15.24
Amritsar,Punjab,31.620762,74.844094,2023-06-13,46.41,21.37,24.27,3.31,22.63,35.73,0.34,86.4,2,3393,60.54,0.76,665,2.0,Low,18.94
Bangalore,Karnataka,12.995971,77.646706,2023-08-20,103.0,77.07,94.17,2.11,39.59,71.25,0.88,70.59,2,7,83.32,0.37,0,0.0,Low,32.96
Meerut,Uttar Pradesh,28.975105,77.760728,2024-03-29,144.31,103.87,145.21,11.97,32.54,82.04,1.36,42.34,4,331,62.5,1.16,178,0.32,Medium,47.59
Chennai,Tamil Nadu,13.161105,80.344537,2023-02-09,91.04,63.95,95.44,6.7,31.52,239.89,0.28,94.33,3,608,60.49,1.03,297,0.84,Low,24.88
Allahabad,Uttar Pradesh,25.39648,81.809104,2024-06-24,87.23,57.73,74.94,4.08,22.98,63.54,0.35,84.17,8,1420,89.3,0.55,238,0.52,Low,32.32
Bareilly,Uttar Pradesh,28.279614,75.4911,2024-02-18,66.34,46.83,66.18,6.01,32.01,213.36,1.99,39.32,2,1957,88.86,0.58,673,0.71,Low,24.82
Pune,Maharashtra,18.448671,73.769991,2024-01-02,47.23,32.73,39.7,0.69,26.06,216.39,0.55,21.48,6,2164,96.22,0.16,556,0.2,Low,6.84
Hyderabad,Telangana,17.295431,78.406559,2025-05-19,92.81,37.19,47.55,0.83,34.02,31.49,0.86,80.12,4,883,68.08,0.9,187,0.63,Low,34.56
Ranchi,Jharkhand,23.273047,85.270892,2025-02-15,105.16,81.54,94.16,10.94,27.97,108.18,5.99,40.24,2,571,81.24,0.9,113,0.27,Medium,42.11
Dhanbad,Jharkhand,23.890554,86.49613,2024-08-02,83.18,37.36,47.8,3.86,36.87,99.84,1.99,49.39,1,16634,80.06,0.22,3704,2.1,Low,22.25
Agra,Uttar Pradesh,27.228423,77.972647,2024-06-24,124.18,84.92,110.57,1.67,34.02,28.06,2.27,96.59,4,1131,78.73,2.08,909,3.9,Medium,37.54
Faridabad,Haryana,28.360151,77.229655,2025-09-25,40.42,31.56,41.46,3.31,41.36,64.82,5.68,34.4,6,433,65.93,0.94,41,0.15,Low,10.78
Coimbatore,Tamil Nadu,11.101105,76.963115,2024-01-03,40.23,24.11,30.12,4.51,23.32,101.4,0.11,42.41,10,49,75.17,0.25,18,0.0,Low,18.75
Hubli,Karnataka,15.366315,75.044063,2023-12-02,163.75,87.5,113.73,1.15,50.28,44.85,1.17,86.29,1,772,67.74,2.17,303,1.64,Medium,48.28
Guwahati,Assam,26.158171,91.65793,2023-10-08,100.7,63.75,94.81,4.41,46.75,205.98,1.26,48.13,4,6980,92.23,1.14,5197,26.31,Medium,37.26
Bhopal,Madhya Pradesh,23.240866,77.508911,2024-07-11,71.72,37.86,46.65,1.93,45.69,44.06,0.84,84.24,3,19,84.33,1.67,5,0.02,Medium,37.13
Patna,Bihar,25.557165,85.218176,2025-01-06,266.58,176.6,205.58,3.52,59.23,97.96,5.45,63.96,4,2056,59.88,1.98,661,2.95,Medium,54.02
Allahabad,Uttar Pradesh,25.505515,81.805394,2024-07-17,108.21,38.0,51.57,7.59,49.67,59.43,0.91,50.58,0,1496,45.51,1.88,758,6.72,Medium,52.25
Kanpur,Uttar Pradesh,26.463889,80.381854,2024-01-18,26.29,11.76,15.53,10.81,25.14,24.89,1.96,42.2,1,1060,62.9,1.62,835,5.95,Medium,36.27
Surat,Gujarat,21.083401,72.807848,2023-05-26,78.16,62.44,93.04,9.07,27.59,26.88,3.0,30.51,4,2397,60.75,1.39,1732,10.63,Medium,40.66
Bhopal,Madhya Pradesh,23.312451,77.336705,2024-05-01,87.06,40.39,55.77,5.94,52.06,105.62,1.26,26.22,4,2641,89.74,0.52,545,1.39,Low,27.45
Kolkata,West Bengal,22.637567,88.403839,2025-08-12,102.36,79.52,89.66,3.64,30.85,185.63,3.03,30.32,2,1924,32.45,0.96,458,2.06,Low,29.41
Bhopal,Madhya Pradesh,23.358906,77.317703,2023-03-24,74.91,58.15,85.3,6.95,40.13,228.89,4.75,82.97,2,182,85.0,1.01,46,0.06,Low,16.82
Bareilly,Uttar Pradesh,28.361583,75.341096,2023-04-15,162.36,66.02,73.62,4.08,41.8,38.95,0.27,73.78,1,237,62.99,3.15,311,2.64,High,60.89
Amritsar,Punjab,31.586358,74.797496,2024-05-22,80.25,31.62,39.32,5.12,56.41,22.18,1.47,32.26,3,7432,79.15,0.94,2240,2.36,Low,33.09
Vasai,Maharashtra,19.556296,72.716878,2023-02-02,109.54,75.18,97.4,0.94,50.42,86.97,1.03,84.01,1,9204,91.25,1.07,5282,20.88,Medium,37.1
Madurai,Tamil Nadu,9.826213,78.101505,2024-07-11,35.19,13.35,18.63,1.94,24.39,50.2,4.11,76.3,6,12563,56.02,0.7,1533,2.93,Low,8.9
Chandigarh,Chandigarh,30.832238,76.770824,2025-05-25,184.53,114.39,155.31,8.05,62.33,101.32,0.01,86.37,6,218,74.35,2.48,135,1.12,High,62.6
Meerut,Uttar Pradesh,28.936299,77.786734,2024-02-03,52.46,28.85,39.46,4.36,38.27,43.61,1.04,77.27,2,4704,78.31,0.68,592,0.79,Low,30.81
Chennai,Tamil Nadu,13.113122,80.34277,2023-10-17,44.84,27.58,37.44,4.27,38.43,103.68,3.76,42.61,3,1936,72.0,1.18,176,0.61,Low,11.81
Solapur,Maharashtra,17.584183,75.827256,2023-04-27,80.29,25.67,34.06,3.75,37.65,236.77,1.28,71.44,10,15827,48.65,0.38,1029,0.54,Low,19.35
Indore,Madhya Pradesh,22.799254,75.847288,2024-08-04,83.17,60.14,71.82,3.47,50.82,170.41,4.8,67.71,4,866,81.76,0.18,174,0.07,Low,15.69
Nagpur,Maharashtra,21.098796,79.12047,2023-10-27,74.15,36.62,47.08,5.75,33.63,86.34,0.53,29.98,4,3173,74.07,0.9,868,3.71,Low,30.98
Surat,Gujarat,21.193784,72.786249,2024-01-03,95.73,57.22,67.97,5.35,25.36,184.96,8.0,70.94,5,2577,54.91,0.24,449,0.39,Low,18.04
Hubli,Karnataka,15.423121,75.171454,2023-09-23,50.87,31.7,42.02,5.77,49.25,59.51,0.82,74.47,3,406,67.4,1.03,286,0.97,Medium,36.74
Chennai,Tamil Nadu,13.050097,80.343774,2024-11-17,103.6,80.51,107.82,2.96,34.35,109.42,1.19,41.48,3,8101,76.9,0.89,3511,3.51,Low,33.54
Thiruvananthapuram,Kerala,8.520478,76.941719,2024-05-06,29.17,18.73,24.75,6.92,24.31,86.46,6.03,32.37,3,375,86.75,0.68,46,0.08,Low,14.83
Amritsar,Punjab,31.684341,74.903393,2024-01-03,76.22,55.57,66.94,5.44,20.29,8.24,0.79,75.51,5,129,76.0,1.48,43,0.22,Medium,37.93
Amritsar,Punjab,31.700181,74.964881,2023-06-20,91.32,64.73,81.03,3.87,34.33,87.73,0.39,40.36,4,854,84.43,0.58,88,0.12,Low,23.34
Kalyan,Maharashtra,19.330682,73.11221,2023-09-05,126.64,58.95,81.87,8.4,41.55,118.39,0.78,55.73,2,9280,48.9,1.71,6028,22.12,Medium,53.08
Howrah,West Bengal,22.613628,88.166145,2025-04-02,39.14,15.12,16.74,8.25,32.62,58.77,2.1,87.73,3,2312,58.36,0.26,282,0.34,Low,18.94
Surat,Gujarat,21.107153,72.867373,2023-01-12,37.54,23.41,29.37,4.32,32.27,54.18,1.23,69.35,3,3396,85.99,0.35,1322,1.36,Low,16.89
Delhi,Delhi,28.680903,77.127152,2025-04-12,74.46,58.25,82.32,3.33,33.07,193.64,1.4,31.83,4,2129,98.57,0.81,783,0.98,Low,18.99
Varanasi,Uttar Pradesh,25.273514,83.068269,2023-04-19,100.01,40.85,45.03,3.37,41.24,21.9,1.51,86.01,5,20870,81.39,1.84,7105,34.58,Medium,43.31
Vijayawada,Andhra Pradesh,16.543268,80.630698,2024-11-14,99.48,51.76,70.6,16.28,48.93,68.06,1.18,52.08,3,816,73.03,3.9,549,9.78,High,58.79
Solapur,Maharashtra,17.597052,75.872041,2025-09-20,78.18,30.95,42.91,1.64,39.66,34.92,2.19,79.07,1,675,76.26,0.47,127,0.27,Low,22.19
Bangalore,Karnataka,12.885777,77.558583,2025-08-30,93.46,50.52,74.14,9.93,36.98,95.31,0.58,68.19,1,2314,77.42,1.18,556,2.76,Medium,38.19
Lucknow,Uttar Pradesh,26.849205,80.966802,2025-05-24,110.16,59.62,82.06,1.58,40.18,84.41,1.78,76.45,4,143,58.98,1.71,76,0.58,Medium,36.43
Pune,Maharashtra,18.514538,73.951285,2025-06-12,160.04,50.38,62.36,2.19,57.09,33.43,0.29,53.05,1,666,64.99,3.26,965,5.28,High,58.23
Bangalore,Karnataka,12.953429,77.638281,2025-07-31,33.32,15.48,19.57,7.46,14.25,5.85,1.84,47.34,5,21005,86.86,0.46,4292,3.9,Low,32.64
Varanasi,Uttar Pradesh,25.350786,82.973605,2024-06-12,56.75,31.04,38.0,2.02,4.56,19.53,1.02,49.14,1,1332,71.76,0.45,194,0.33,Low,25.69
Indore,Madhya Pradesh,22.677917,75.823045,2025-06-14,79.86,59.84,76.6,3.43,42.07,190.83,3.8,31.08,3,5591,53.32,0.28,605,0.58,Low,25.75
Kolkata,West Bengal,22.621735,88.322886,2023-02-20,62.5,33.36,45.66,9.35,28.91,146.53,0.04,50.14,3,740,78.99,0.46,270,0.53,Low,33.61
Surat,Gujarat,21.21441,72.891315,2024-01-30,43.43,33.76,46.81,2.7,30.57,120.31,0.09,81.24,1,46,87.68,1.13,7,0.03,Low,16.34
Jodhpur,Rajasthan,26.279521,72.947291,2023-09-24,153.92,70.53,83.71,9.68,31.3,44.17,0.91,39.41,6,6569,48.99,2.26,1711,10.55,High,58.07
Solapur,Maharashtra,17.701212,75.980448,2024-02-12,68.92,44.25,50.53,3.11,24.75,25.63,1.97,32.83,4,38,79.73,0.73,7,0.01,Low,27.23
Solapur,Maharashtra,17.647068,75.913724,2025-08-05,38.93,18.73,22.9,7.84,22.54,102.35,1.81,34.55,0,169,46.19,0.76,16,0.06,Low,26.58
Nashik,Maharashtra,19.946201,73.707802,2024-08-10,85.91,58.29,69.41,2.71,48.82,11.87,3.3,46.4,4,2496,83.33,0.53,140,0.31,Low,30.62
Thiruvananthapuram,Kerala,8.572463,77.031037,2023-02-03,91.6,39.42,57.41,4.49,28.21,139.02,0.72,35.42,3,391,86.68,0.82,131,0.53,Low,28.05
Bhopal,Madhya Pradesh,23.308716,77.505765,2024-06-26,52.08,31.23,46.42,4.9,26.97,74.42,1.69,37.58,1,4768,78.27,0.47,606,0.3,Low,32.93
Rajkot,Gujarat,22.304487,70.802112,2023-09-17,88.94,68.87,89.5,3.39,50.11,373.62,4.32,39.32,1,1951,86.15,1.1,276,0.78,Low,14.1
Rajkot,Gujarat,22.309558,70.825396,2024-08-06,33.54,20.35,24.41,6.96,24.95,75.52,2.98,67.78,5,2752,44.89,0.77,1016,3.25,Low,15.01
Srinagar,Jammu and Kashmir,34.088809,74.808236,2025-06-27,70.84,40.15,45.86,2.18,24.49,51.9,2.21,33.32,1,1429,85.98,1.15,101,0.34,Low,23.97
Kolkata,West Bengal,22.599829,88.371238,2024-10-26,176.27,125.78,177.05,9.91,47.98,26.77,0.91,45.89,4,498,75.64,2.03,210,1.85,High,64.82
Guwahati,Assam,26.121109,91.666577,2023-09-23,28.72,13.33,16.82,4.91,37.93,60.46,0.81,83.77,6,1563,87.56,0.75,662,1.04,Low,26.23
Madurai,Tamil Nadu,9.89238,78.188452,2024-12-19,20.61,12.59,16.27,3.8,32.8,49.79,3.95,51.75,4,27369,76.08,0.59,10643,14.64,Low,18.9
Guwahati,Assam,26.100287,91.826026,2024-09-18,126.79,96.09,141.19,5.24,30.03,89.75,1.26,65.18,5,2057,50.31,2.03,426,1.48,Medium,36.46
Chandigarh,Chandigarh,30.822653,76.785444,2025-01-15,29.01,15.28,20.27,5.41,16.6,25.82,5.64,57.71,1,1771,44.82,0.17,247,0.2,Low,17.84
Faridabad,Haryana,28.367925,77.290028,2025-03-03,47.8,22.23,30.29,3.28,12.02,47.21,0.52,68.41,4,254,60.49,0.89,52,0.07,Low,17.45
Jabalpur,Madhya Pradesh,23.271133,80.064621,2023-09-02,15.87,6.46,7.78,5.83,33.07,109.87,4.0,77.38,3,1374,82.05,1.07,197,0.92,Low,7.39
Dhanbad,Jharkhand,23.825796,86.465563,2024-04-23,51.09,35.53,43.55,4.78,33.56,147.37,1.24,63.47,1,3643,50.76,0.6,302,0.35,Low,29.87
Meerut,Uttar Pradesh,28.952269,77.756721,2024-08-10,94.01,35.81,49.31,6.87,32.94,290.55,2.38,72.42,1,5,82.37,0.77,0,0.0,Low,24.75
Ahmedabad,Gujarat,23.08629,72.496381,2025-09-10,109.69,52.28,78.18,1.87,32.3,22.89,0.39,74.39,4,197,91.17,1.42,49,0.15,Medium,42.15
Raipur,Chhattisgarh,21.266391,81.665725,2025-01-14,54.74,37.52,43.78,3.29,37.61,347.51,2.31,71.87,3,27070,49.32,0.62,9534,15.46,Low,16.99
Solapur,Maharashtra,17.75403,75.976639,2024-04-09,74.41,52.02,76.65,5.25,30.27,48.13,0.35,33.66,3,3955,61.72,0.52,996,1.98,Low,31.8
Allahabad,Uttar Pradesh,25.472719,81.915202,2024-04-27,58.81,23.24,26.7,1.04,42.12,93.64,0.12,83.68,4,4675,67.31,0.3,1429,1.46,Low,28.39
Ranchi,Jharkhand,23.368861,85.284954,2024-10-29,127.6,48.16,59.73,3.04,38.9,93.15,0.99,65.15,6,10447,50.58,0.94,4034,10.44,Medium,39.92
Thiruvananthapuram,Kerala,8.513803,76.942814,2025-01-14,86.31,49.87,60.24,2.1,36.22,100.54,1.32,60.08,2,123,95.74,0.11,27,0.01,Low,25.37
Vasai,Maharashtra,19.413287,72.748025,2024-09-29,88.94,46.57,58.32,8.63,39.07,156.76,0.02,59.77,3,509,61.17,1.19,148,0.51,Low,32.21
Kolkata,West Bengal,22.501582,88.284544,2024-08-12,61.55,33.55,38.38,3.36,15.69,138.56,1.04,87.98,2,644,91.36,0.84,115,0.15,Low,25.12
Indore,Madhya Pradesh,22.676022,75.865355,2023-05-21,97.43,43.22,62.15,1.03,38.63,76.03,0.93,77.05,3,579,55.2,0.14,106,0.03,Low,23.17
Hubli,Karnataka,15.345819,75.090899,2023-03-26,76.66,47.76,65.48,13.47,37.82,134.14,4.69,76.75,4,869,63.43,0.62,185,0.48,Low,28.03
Hubli,Karnataka,15.396649,75.136673,2023-11-07,48.86,14.8,17.07,3.57,22.75,256.06,1.12,68.57,2,1300,69.83,0.97,432,1.06,Low,4.93
Kanpur,Uttar Pradesh,26.372322,80.373847,2023-02-12,138.69,43.37,64.76,6.98,53.31,78.5,0.22,87.87,3,1308,83.45,1.76,1150,6.21,Medium,52.6
Chandigarh,Chandigarh,30.687656,76.878002,2024-02-26,98.48,50.12,56.46,8.71,27.36,148.11,0.31,51.72,7,207,80.38,0.45,6,0.01,Low,34.15
Jabalpur,Madhya Pradesh,23.206309,79.934204,2025-03-20,194.33,70.37,103.97,4.65,53.47,159.58,1.12,35.27,3,100,74.57,2.01,36,0.32,Medium,50.41
Rajkot,Gujarat,22.283114,70.819922,2023-12-29,27.66,11.93,13.53,5.34,31.74,134.09,2.17,86.41,3,20357,61.15,0.88,1692,3.88,Low,18.75
Solapur,Maharashtra,17.630264,75.869566,2023-12-11,150.38,60.85,84.93,8.13,55.29,93.21,3.62,80.99,1,1413,81.39,3.02,1592,16.86,High,57.08
Meerut,Uttar Pradesh,28.911519,77.73913,2023-07-07,27.17,12.72,15.66,4.44,16.99,34.32,3.2,72.24,2,801,87.0,1.03,179,0.27,Low,19.8
Coimbatore,Tamil Nadu,10.94501,76.970766,2024-06-29,107.47,42.47,49.3,1.37,54.52,65.19,0.03,65.8,2,143,57.19,1.5,87,0.58,Medium,40.48
Jabalpur,Madhya Pradesh,23.163935,79.947842,2025-03-19,61.93,33.01,38.56,8.34,34.86,140.63,8.06,58.09,4,294,81.2,0.56,107,0.08,Low,21.42
Nashik,Maharashtra,20.014044,73.831,2024-08-02,65.26,37.0,44.29,0.23,32.52,124.9,1.21,80.26,2,84,80.93,1.01,29,0.08,Low,17.73
Bhopal,Madhya Pradesh,23.345146,77.378269,2023-01-22,83.84,26.25,34.63,2.82,20.55,100.09,0.89,91.44,5,846,80.76,0.33,76,0.1,Low,24.95
Allahabad,Uttar Pradesh,25.457964,81.90414,2025-02-27,201.04,121.7,163.7,5.43,49.24,26.71,3.29,72.57,5,619,60.25,2.46,284,1.67,High,67.54
Chennai,Tamil Nadu,13.051407,80.364797,2024-05-10,87.37,39.42,53.45,6.92,37.75,158.61,1.04,65.04,2,1209,53.17,1.2,363,0.77,Low,30.29
Raipur,Chhattisgarh,21.200954,81.679238,2023-08-20,231.82,176.56,206.15,6.3,47.15,133.25,0.69,34.18,4,1355,53.72,2.17,1125,6.23,High,67.51
Vasai,Maharashtra,19.476086,72.708015,2023-07-20,46.74,25.36,34.06,5.06,33.19,33.23,3.77,37.49,6,610,59.27,0.96,59,0.18,Low,16.6
Indore,Madhya Pradesh,22.793535,75.877587,2025-08-28,90.88,58.26,64.84,0.66,51.94,97.0,0.42,49.86,3,583,86.64,0.8,174,0.54,Low,28.34
Bangalore,Karnataka,13.024848,77.609617,2024-01-08,95.58,74.25,103.52,4.88,31.27,192.15,4.76,62.95,3,50000,84.7,0.93,9279,16.67,Low,21.88
Jabalpur,Madhya Pradesh,23.133849,80.071354,2024-08-19,114.68,71.28,96.01,2.13,36.24,107.22,1.26,73.11,2,1547,66.65,1.06,302,1.12,Low,33.98
Allahabad,Uttar Pradesh,25.509157,81.855149,2024-05-17,238.81,112.16,151.38,5.97,80.13,107.31,3.22,43.27,6,161,90.25,2.6,128,0.93,High,66.48
Bhopal,Madhya Pradesh,23.355888,77.434524,2023-10-19,108.9,63.28,93.01,7.3,52.49,75.07,3.14,75.9,5,9093,62.71,1.46,3252,21.32,Medium,50.45
Agra,Uttar Pradesh,27.094252,78.080396,2024-04-05,168.27,131.46,161.39,2.85,41.18,167.7,3.56,68.13,4,104,69.0,1.06,57,0.17,Medium,41.91
Ranchi,Jharkhand,23.378228,85.338985,2024-06-12,92.72,66.42,80.47,5.98,49.09,47.59,2.77,64.72,4,527,74.12,1.62,170,0.46,Medium,36.21
Agra,Uttar Pradesh,27.26923,78.038419,2024-05-03,57.94,22.64,31.45,6.77,44.96,62.78,1.84,38.53,4,3322,93.75,0.81,1882,5.71,Medium,39.37
Agra,Uttar Pradesh,27.156695,78.009268,2023-01-05,51.21,15.93,21.58,5.36,41.09,54.36,2.53,34.11,0,594,82.11,0.42,171,0.24,Low,34.41
Bangalore,Karnataka,12.910742,77.568182,2024-05-27,47.6,27.12,35.56,1.78,49.03,281.04,7.98,37.18,1,38,90.3,0.35,6,0.01,Low,4.21
Kalyan,Maharashtra,19.248098,73.17191,2024-10-23,71.55,43.15,58.63,3.17,33.17,259.25,0.55,85.79,2,11626,50.88,0.66,2875,2.02,Low,19.05
Delhi,Delhi,28.604634,77.161576,2023-01-29,51.07,18.16,22.07,8.99,22.17,129.17,0.15,15.12,5,1367,79.05,2.24,873,6.97,Medium,39.72
Aurangabad,Maharashtra,19.812365,75.24768,2023-10-07,98.26,36.63,46.68,15.37,42.41,78.38,1.82,64.29,2,948,76.81,3.4,920,15.04,High,55.55
Solapur,Maharashtra,17.663098,75.925254,2025-07-08,157.49,106.31,135.74,6.14,53.93,72.97,2.12,84.87,3,96,40.74,2.17,29,0.24,Medium,48.51
Kochi,Kerala,9.840978,76.34785,2025-04-14,60.2,19.88,25.2,1.64,37.95,81.59,0.99,48.41,1,183,84.97,0.75,29,0.08,Low,28.69
Patna,Bihar,25.633948,85.234696,2023-08-06,94.87,56.07,82.91,5.93,53.28,47.0,0.42,85.25,5,46678,83.85,2.11,12197,111.94,Medium,44.88
Raipur,Chhattisgarh,21.288687,81.677993,2025-05-25,22.13,12.68,15.86,5.67,24.47,101.87,0.06,3.0,5,9277,78.2,1.02,2405,7.13,Low,17.23
Hubli,Karnataka,15.453218,75.16649,2024-03-22,115.73,86.69,111.49,3.93,43.73,135.18,2.15,57.42,2,237,80.32,0.24,36,0.02,Low,31.67
Ahmedabad,Gujarat,23.093407,72.655535,2025-06-12,69.45,55.52,66.64,5.15,35.19,44.28,1.94,59.29,2,568,63.99,1.24,281,1.45,Medium,37.36
Visakhapatnam,Andhra Pradesh,17.633812,83.230259,2024-10-17,100.74,55.44,69.81,2.96,32.85,33.03,5.33,65.61,1,984,71.15,0.2,147,0.07,Low,33.4
Solapur,Maharashtra,17.733168,75.888412,2023-06-04,117.15,42.53,55.1,5.43,40.15,79.46,1.84,32.3,4,251,30.81,1.14,146,0.44,Medium,45.22
Varanasi,Uttar Pradesh,25.33121,82.978146,2023-11-22,25.73,9.21,11.56,2.05,37.4,7.86,4.19,84.07,2,21,80.46,0.42,0,0.0,Low,11.25
Howrah,West Bengal,22.64829,88.174883,2025-08-14,26.53,12.8,16.77,0.05,23.29,112.88,5.77,36.57,2,7152,35.98,0.56,748,1.91,Low,0.17
Guwahati,Assam,26.077736,91.669776,2023-12-19,103.4,74.92,100.02,4.29,47.64,94.08,3.96,25.55,0,6785,47.82,0.83,3999,11.9,Medium,38.61
Vadodara,Gujarat,22.382924,73.213697,2024-04-10,83.56,31.72,44.42,6.43,43.92,39.29,1.08,61.88,4,951,54.96,1.15,534,2.55,Medium,40.11
Kolkata,West Bengal,22.546432,88.282244,2023-07-22,120.33,55.89,70.97,4.43,51.04,19.27,0.73,27.67,2,542,90.12,3.0,267,2.2,High,55.11
Bareilly,Uttar Pradesh,28.275218,75.38049,2025-01-02,44.6,28.42,36.56,0.0,24.2,60.94,4.51,73.71,2,1996,78.63,0.2,615,0.15,Low,8.05
Solapur,Maharashtra,17.617588,75.85326,2023-11-30,95.1,42.85,51.34,2.93,23.13,50.06,0.56,30.0,2,1244,75.02,0.71,108,0.32,Low,28.5
Bareilly,Uttar Pradesh,28.444948,75.418261,2023-01-18,53.56,27.52,36.51,7.54,29.11,36.16,1.12,58.94,5,91,84.37,1.84,35,0.09,Medium,41.03
Hyderabad,Telangana,17.320078,78.525944,2024-04-08,100.64,64.76,96.47,3.52,36.53,160.6,2.42,82.78,1,88,94.48,0.63,27,0.06,Low,31.49
Rajkot,Gujarat,22.33997,70.781019,2024-07-03,103.4,79.67,94.5,9.04,46.95,68.75,2.13,87.02,2,308,67.95,2.05,89,0.42,Medium,52.94
Bhopal,Madhya Pradesh,23.326888,77.408537,2025-08-01,127.59,90.52,123.28,3.71,51.74,38.3,3.2,63.91,6,47744,57.68,2.16,14487,155.3,Medium,36.8
Bareilly,Uttar Pradesh,28.415615,75.402888,2025-01-11,86.15,37.66,47.81,5.46,34.22,80.3,0.68,52.24,6,5976,88.45,0.22,661,0.6,Low,34.79
Howrah,West Bengal,22.593757,88.20755,2024-09-14,124.99,62.4,69.34,7.58,38.11,56.99,0.73,96.42,4,7893,56.31,2.24,1539,5.97,Medium,44.94
Kanpur,Uttar Pradesh,26.487952,80.244107,2023-05-19,28.03,16.43,23.46,5.76,14.55,168.66,1.43,87.85,6,103,56.65,0.27,39,0.01,Low,19.67
Kolkata,West Bengal,22.620084,88.363263,2023-09-02,31.81,23.78,26.89,0.42,37.33,136.11,0.34,39.95,2,26352,66.4,0.54,4359,9.02,Low,18.3
Lucknow,Uttar Pradesh,26.819036,80.962201,2025-06-29,94.51,50.44,58.63,2.17,30.94,44.96,4.73,63.76,4,6107,81.31,0.34,771,0.85,Low,19.63
Jabalpur,Madhya Pradesh,23.117982,80.045519,2024-04-05,57.68,17.62,23.23,4.01,6.26,40.25,0.56,52.87,6,16409,78.9,1.57,8184,31.25,Medium,35.35
Hyderabad,Telangana,17.440166,78.449481,2024-06-24,117.19,52.19,63.78,7.99,40.57,55.77,0.7,89.86,7,1286,82.53,2.9,444,3.72,High,56.97
Nagpur,Maharashtra,21.224232,79.076904,2025-07-13,129.25,55.54,79.97,7.58,54.07,243.23,0.33,53.77,5,3355,43.11,1.5,1857,3.13,Medium,43.95
Solapur,Maharashtra,17.629041,75.967681,2023-07-12,104.23,67.5,93.83,2.81,32.72,308.32,0.79,57.64,3,26583,70.23,0.86,6577,25.37,Low,34.93
Bhopal,Madhya Pradesh,23.348269,77.410191,2023-10-31,161.44,81.29,100.39,9.04,55.75,39.78,2.86,87.11,2,4370,65.42,2.82,4249,58.76,High,63.85
Kalyan,Maharashtra,19.191198,73.057487,2023-11-02,89.85,65.63,88.83,1.0,37.82,24.85,1.38,49.84,4,36,47.89,0.47,8,0.01,Low,24.15
Surat,Gujarat,21.119689,72.91988,2024-11-14,29.05,21.85,24.89,1.2,15.08,28.21,1.78,33.03,2,319,69.91,0.98,21,0.05,Low,13.05
Nagpur,Maharashtra,21.114791,79.176316,2024-03-10,132.83,83.09,115.76,3.15,38.53,146.17,0.41,91.99,6,399,81.63,0.4,42,0.07,Low,30.25
Vijayawada,Andhra Pradesh,16.59469,80.747475,2025-09-23,172.19,102.07,140.39,2.61,47.09,73.71,3.1,44.8,4,34380,28.38,1.41,24903,65.56,Medium,42.4
Meerut,Uttar Pradesh,29.011798,77.652539,2023-09-22,89.55,49.85,69.42,3.06,30.84,88.25,0.31,22.21,6,11584,73.33,0.61,2437,1.68,Low,22.19
Varanasi,Uttar Pradesh,25.358486,82.964793,2025-06-16,20.63,15.72,18.95,1.13,23.93,64.67,1.22,68.68,3,31,52.82,0.15,8,0.01,Low,12.67
Aurangabad,Maharashtra,19.886095,75.2798,2025-09-15,75.01,57.34,70.98,3.39,38.32,40.61,0.1,81.01,3,898,66.19,0.25,330,0.1,Low,30.24
Bareilly,Uttar Pradesh,28.346967,75.345954,2023-09-08,47.03,23.5,27.96,6.47,26.8,246.17,1.08,63.4,1,948,74.51,0.9,116,0.37,Low,11.53
Kolkata,West Bengal,22.482069,88.284741,2023-11-06,49.14,37.73,48.03,2.76,50.07,77.06,0.6,19.61,2,160,86.88,0.25,14,0.01,Low,17.42
Srinagar,Jammu and Kashmir,34.134832,74.75678,2023-04-18,70.71,26.01,35.47,10.61,40.26,177.37,1.4,58.91,4,857,84.53,0.99,288,1.13,Medium,48.78
Dhanbad,Jharkhand,23.754942,86.44253,2024-04-04,108.49,79.38,95.46,5.58,55.49,103.77,0.15,81.16,3,1557,72.01,2.23,1083,8.61,Medium,45.71
Patna,Bihar,25.570649,85.039818,2023-01-24,77.7,48.96,66.21,1.04,27.51,78.08,0.11,24.42,3,14932,59.04,0.54,4593,7.48,Low,26.18
Amritsar,Punjab,31.693347,74.862039,2023-08-06,9.88,6.21,8.21,6.16,26.96,133.0,1.01,68.69,1,995,48.78,0.3,307,0.19,Low,20.43
Allahabad,Uttar Pradesh,25.338674,81.750472,2025-04-01,77.77,29.34,38.01,2.01,32.99,52.87,9.72,64.44,4,883,82.22,1.09,71,0.27,Low,16.78
Amritsar,Punjab,31.597874,74.901361,2024-09-09,57.1,43.56,61.4,7.25,33.5,23.11,3.66,39.73,5,136,52.26,0.52,16,0.03,Low,34.94
Bareilly,Uttar Pradesh,28.430619,75.339014,2024-01-29,22.29,16.69,24.86,4.15,11.51,68.09,0.29,81.6,1,493,93.02,0.67,139,0.2,Low,20.42
Solapur,Maharashtra,17.727967,75.988228,2025-06-09,16.6,8.04,10.45,2.47,28.87,75.43,0.49,50.56,4,1460,53.35,0.29,313,0.18,Low,14.11
Coimbatore,Tamil Nadu,11.059325,76.931562,2024-08-16,277.47,115.31,145.42,3.86,67.87,156.71,0.9,68.94,5,7141,77.67,3.97,7526,139.27,High,62.73
Madurai,Tamil Nadu,9.984545,78.133207,2024-11-23,185.67,105.03,144.83,3.61,57.67,138.09,0.59,55.35,4,50000,79.8,0.91,24197,22.54,Medium,47.4
Allahabad,Uttar Pradesh,25.433619,81.790073,2024-07-01,19.75,9.53,10.76,4.55,12.24,92.21,1.13,47.17,3,19272,85.0,0.85,7164,17.09,Low,18.49
Raipur,Chhattisgarh,21.16112,81.654944,2023-05-08,18.15,12.63,16.57,3.98,20.04,64.93,0.04,65.66,2,50000,71.09,0.13,19676,9.07,Low,16.02
Nagpur,Maharashtra,21.161639,79.170187,2025-01-11,114.54,74.17,96.18,6.4,15.49,110.99,1.3,18.8,1,1339,68.51,2.05,736,6.7,Medium,39.77
Dhanbad,Jharkhand,23.789993,86.359024,2025-01-23,29.26,14.75,21.51,1.47,55.23,47.28,6.9,38.47,2,568,87.62,0.52,194,0.42,Low,13.24
Surat,Gujarat,21.229311,72.812622,2024-04-17,71.96,54.48,60.57,0.19,30.01,179.49,0.78,68.24,2,1166,97.28,0.53,447,0.53,Low,27.02
Howrah,West Bengal,22.670924,88.231628,2024-05-21,109.22,85.14,126.33,11.24,44.75,196.03,2.88,55.8,3,9181,74.62,2.47,8640,28.08,Medium,53.7
Delhi,Delhi,28.710924,77.027317,2024-11-28,37.21,29.38,37.39,4.74,3.15,240.67,5.86,44.3,4,111,69.41,0.61,6,0.01,Low,1.67
Kochi,Kerala,9.968796,76.237108,2023-08-07,114.59,82.31,102.8,1.16,50.12,73.51,0.41,61.73,4,1710,79.82,1.99,300,1.3,Medium,41.55
Raipur,Chhattisgarh,21.26513,81.597768,2024-12-02,102.92,35.28,49.0,0.73,32.85,29.75,2.58,56.69,8,1629,59.44,0.11,201,0.11,Low,30.73
Guwahati,Assam,26.079863,91.745145,2023-04-18,79.95,25.76,35.82,3.76,30.9,22.56,2.87,42.41,2,772,90.31,0.8,175,0.23,Low,27.98
Bangalore,Karnataka,13.053101,77.671765,2025-01-15,70.12,49.93,56.23,0.11,53.32,30.35,3.07,21.33,4,5588,52.23,0.48,969,2.11,Low,28.44
Pune,Maharashtra,18.567897,73.887712,2024-12-18,87.07,44.9,62.13,4.04,47.19,62.74,0.12,62.59,3,1238,82.44,2.13,217,1.05,Medium,38.88
Chennai,Tamil Nadu,13.019351,80.325155,2023-02-02,131.04,95.53,112.36,2.44,55.88,173.21,1.15,85.97,1,270,84.3,1.28,60,0.26,Medium,40.97
Amritsar,Punjab,31.621771,74.826459,2025-07-28,123.78,85.7,116.54,6.07,38.0,35.58,0.96,81.65,3,1447,83.42,2.33,181,1.48,Medium,46.82
Kalyan,Maharashtra,19.309626,73.056881,2025-08-05,62.34,23.88,30.61,7.06,9.96,20.92,0.0,59.0,6,95,45.42,2.33,33,0.16,Medium,39.17
Guwahati,Assam,26.089131,91.678371,2024-08-02,18.84,10.08,14.52,2.94,25.97,220.55,0.64,75.64,3,142,79.08,0.43,41,0.08,Low,5.13
Bareilly,Uttar Pradesh,28.288223,75.41965,2023-06-18,93.24,72.71,87.28,3.18,38.24,17.51,0.87,72.79,1,304,61.37,0.13,49,0.03,Low,27.29
Kolkata,West Bengal,22.600515,88.353075,2025-02-15,70.03,33.47,38.16,5.23,43.85,37.21,0.87,83.53,6,1414,64.9,0.92,959,1.54,Medium,39.0
Bangalore,Karnataka,12.91089,77.655488,2025-02-04,177.64,85.16,118.09,2.76,44.06,165.05,0.45,48.63,6,61,35.91,2.44,28,0.29,Medium,49.78
Jodhpur,Rajasthan,26.269803,72.94123,2025-05-25,248.33,186.21,215.89,4.62,67.26,146.21,2.64,41.29,2,15223,74.48,2.95,3714,44.43,High,63.51
Kochi,Kerala,9.914482,76.326805,2025-08-11,157.99,116.12,165.65,6.29,37.33,172.11,1.32,56.18,2,45,88.55,2.21,33,0.35,Medium,44.64
Raipur,Chhattisgarh,21.301386,81.643636,2025-02-10,29.12,15.37,22.74,4.59,27.56,57.62,0.76,79.79,3,12103,82.46,0.84,1684,1.79,Low,19.79
Kochi,Kerala,9.877545,76.221814,2023-02-11,178.39,74.03,81.89,4.03,67.75,91.29,3.56,87.19,1,11264,73.51,2.46,12312,94.65,High,58.95
Surat,Gujarat,21.075721,72.793705,2023-08-16,98.24,44.17,62.83,6.82,36.67,54.22,0.3,45.85,1,2934,93.86,0.97,404,1.28,Low,33.34
Kochi,Kerala,9.852773,76.177797,2023-08-22,56.39,20.46,23.64,7.35,24.08,50.62,2.58,87.9,2,50000,88.6,0.98,5556,7.66,Low,29.83
Dhanbad,Jharkhand,23.855303,86.403292,2023-05-17,53.93,17.26,19.1,6.57,13.44,225.27,0.1,55.24,4,39,76.46,0.69,10,0.02,Low,27.47
Bhopal,Madhya Pradesh,23.232224,77.484493,2024-01-16,64.64,51.05,63.4,6.06,20.0,100.15,0.16,67.61,3,50000,65.19,1.15,9492,43.9,Low,34.89
Varanasi,Uttar Pradesh,25.405926,83.035166,2023-09-16,156.09,87.42,130.66,4.33,42.09,126.57,3.92,88.02,3,35795,58.15,1.51,16971,41.15,Medium,53.68
Indore,Madhya Pradesh,22.678196,75.856579,2025-08-04,117.83,39.05,48.97,5.82,46.54,116.75,1.05,75.72,3,2797,77.38,1.6,1805,11.62,Medium,40.66
Jaipur,Rajasthan,26.979371,75.769194,2025-09-14,74.26,53.21,70.2,0.56,36.81,223.81,2.11,75.45,0,65,92.0,0.67,14,0.03,Low,17.57
Hubli,Karnataka,15.333515,75.206727,2025-07-28,71.96,57.3,81.58,11.41,22.98,32.15,0.21,74.17,3,2682,66.14,1.33,1768,4.18,Medium,44.38
Surat,Gujarat,21.12433,72.892183,2024-10-31,97.71,78.15,112.49,5.29,38.76,130.71,1.39,24.44,3,346,24.67,0.31,48,0.07,Low,24.6
Coimbatore,Tamil Nadu,11.038288,76.988953,2025-04-12,129.69,91.35,120.32,3.01,50.08,38.4,3.32,74.39,7,1506,65.72,0.62,206,0.33,Low,34.1
Indore,Madhya Pradesh,22.627835,75.894418,2023-09-17,78.03,59.39,83.12,10.01,35.69,54.37,7.53,72.08,2,722,96.54,0.87,123,0.22,Low,33.33
Madurai,Tamil Nadu,9.856898,78.035201,2024-05-29,102.98,36.25,40.46,2.37,16.71,149.39,1.07,33.26,3,10145,69.67,1.0,1325,5.77,Low,29.31
Madurai,Tamil Nadu,9.868147,78.166132,2023-12-16,21.47,13.17,17.36,3.25,14.54,156.47,1.33,51.68,3,110,61.21,0.61,44,0.03,Low,12.72
Bhopal,Madhya Pradesh,23.223741,77.398833,2023-11-24,211.88,151.27,211.07,3.32,49.66,137.68,0.9,48.04,3,74,54.73,3.91,14,0.2,High,62.9
Kochi,Kerala,9.958079,76.188036,2023-04-11,64.73,20.83,30.06,4.61,28.49,159.89,0.89,67.83,1,30,85.98,1.0,5,0.01,Low,27.2
Kolkata,West Bengal,22.602877,88.292773,2025-09-10,90.41,33.18,47.24,8.14,28.31,68.41,1.3,34.14,2,1456,76.94,0.87,85,0.16,Low,34.74
Solapur,Maharashtra,17.58239,76.004931,2023-03-18,62.79,40.24,50.88,4.33,26.53,76.55,3.04,94.55,3,486,71.09,0.97,110,0.47,Low,29.57
Vasai,Maharashtra,19.538356,72.783042,2023-08-25,149.41,90.24,116.88,4.39,51.75,177.77,1.05,49.93,4,25994,85.7,0.99,9081,12.08,Medium,42.72
Lucknow,Uttar Pradesh,26.937068,80.864674,2024-10-01,145.12,111.07,145.18,5.14,31.58,236.09,0.61,69.94,3,4596,81.33,0.13,903,0.26,Low,31.23
Chandigarh,Chandigarh,30.772957,76.805527,2025-07-12,155.27,79.99,96.96,1.86,39.56,182.56,0.58,80.63,0,213,78.99,1.14,118,0.67,Medium,47.41
Vijayawada,Andhra Pradesh,16.483923,80.729289,2024-08-23,70.15,30.67,45.87,0.87,18.83,95.33,0.04,75.11,0,8455,83.48,0.91,2112,2.91,Low,31.22
Kalyan,Maharashtra,19.311387,73.063738,2024-12-12,85.82,62.73,75.88,4.9,27.21,81.91,1.62,45.53,3,86,71.24,0.26,10,0.01,Low,31.66
Varanasi,Uttar Pradesh,25.246304,82.966795,2025-02-24,103.98,78.71,115.74,4.61,30.58,117.24,1.51,35.36,3,905,70.34,1.11,152,0.77,Medium,41.79
Bangalore,Karnataka,12.923618,77.504225,2024-11-24,72.28,32.13,48.11,3.43,25.02,19.02,0.42,32.98,2,129,74.86,0.33,36,0.05,Low,27.29
Chandigarh,Chandigarh,30.749201,76.723279,2025-06-15,21.05,8.3,11.42,3.99,30.67,39.34,0.1,95.44,3,4647,92.25,0.46,595,1.12,Low,18.29
Dhanbad,Jharkhand,23.884426,86.430549,2025-08-23,34.31,12.98,16.12,6.18,35.0,154.91,1.02,71.49,2,2801,93.03,0.97,160,0.59,Low,13.51
Varanasi,Uttar Pradesh,25.342224,82.936074,2025-01-07,95.61,64.61,88.64,5.98,25.19,171.29,3.82,86.14,2,1620,80.42,0.29,470,0.15,Low,26.57
Nagpur,Maharashtra,21.194084,79.020013,2025-07-13,73.52,25.12,37.11,2.42,37.51,126.96,0.9,61.06,3,495,65.08,0.69,170,0.54,Low,19.84
Hubli,Karnataka,15.453133,75.110453,2025-02-02,48.93,24.1,34.24,8.12,24.79,137.45,2.27,65.38,4,1408,67.15,0.91,352,1.14,Low,22.39
Howrah,West Bengal,22.529706,88.331682,2025-04-03,26.6,13.55,20.07,2.38,28.8,102.99,0.41,48.43,4,271,78.09,0.66,32,0.08,Low,17.94
Varanasi,Uttar Pradesh,25.298967,82.945986,2025-04-10,26.32,17.86,21.64,10.26,37.77,63.33,1.85,82.1,4,12509,56.07,0.38,1992,2.19,Low,29.18
Coimbatore,Tamil Nadu,10.991663,76.929985,2023-10-29,59.83,28.9,34.04,6.46,33.79,88.53,0.38,69.53,4,234,97.88,0.44,46,0.07,Low,34.75
Chennai,Tamil Nadu,12.98299,80.217532,2025-06-29,114.49,37.76,45.82,2.6,49.98,31.38,0.26,78.83,1,1593,70.5,2.16,347,1.9,Medium,41.64
Vijayawada,Andhra Pradesh,16.568372,80.634854,2025-05-20,44.7,29.76,41.58,2.44,27.91,146.33,0.54,52.29,0,11149,85.7,0.13,1447,0.45,Low,17.61
Bangalore,Karnataka,12.971645,77.598495,2025-06-11,110.08,68.37,89.05,2.82,39.53,163.96,0.73,94.38,3,3136,73.75,2.45,1519,15.91,Medium,38.57
Guwahati,Assam,26.048733,91.657875,2023-01-04,66.07,20.51,23.53,5.0,36.74,229.96,0.04,96.91,2,451,68.86,1.1,30,0.16,Low,30.5
Bareilly,Uttar Pradesh,28.383987,75.458485,2023-08-03,41.64,23.12,29.54,1.26,25.91,11.41,0.27,83.11,2,2323,58.19,0.7,994,3.2,Low,19.24
Srinagar,Jammu and Kashmir,34.086251,74.758633,2025-08-25,136.71,89.04,104.12,12.24,49.63,70.0,1.21,57.84,3,406,74.03,2.93,304,1.0,High,56.76
Bareilly,Uttar Pradesh,28.43123,75.3385,2024-08-13,132.78,93.12,122.27,1.6,36.78,27.17,2.13,78.85,2,2225,77.23,0.69,310,0.57,Low,32.92
Guwahati,Assam,26.180418,91.725071,2024-09-30,134.56,50.48,68.0,2.68,43.07,23.06,3.1,39.09,2,59,90.61,1.0,29,0.07,Medium,42.52
Kanpur,Uttar Pradesh,26.372455,80.381837,2025-05-25,37.69,23.31,33.85,6.0,30.97,142.23,0.42,47.15,2,719,77.69,1.01,143,0.36,Low,15.35
Kalyan,Maharashtra,19.191159,73.034886,2025-09-11,74.45,51.64,71.18,2.74,40.56,70.1,4.01,79.12,3,83,61.82,0.62,10,0.01,Low,23.79
Aurangabad,Maharashtra,19.855023,75.385236,2024-04-02,54.28,39.43,51.76,3.52,24.2,166.91,5.79,63.69,0,5456,79.27,0.98,2131,9.41,Low,18.68
Nagpur,Maharashtra,21.240268,79.047853,2023-06-06,33.15,26.21,37.28,2.45,23.43,102.54,1.31,73.13,1,632,54.86,0.29,97,0.14,Low,6.37
Indore,Madhya Pradesh,22.741473,75.903005,2025-01-19,190.61,81.82,91.04,5.43,40.88,127.18,0.78,35.81,0,1417,95.56,2.58,1526,6.83,High,58.42
Bangalore,Karnataka,12.902852,77.532605,2025-08-22,120.79,76.35,110.29,4.38,36.32,79.73,0.27,57.43,2,568,83.98,2.28,268,2.35,Medium,47.76
Rajkot,Gujarat,22.350997,70.88288,2023-12-21,99.75,58.02,85.25,10.64,24.28,118.33,4.76,92.97,1,6903,72.98,1.79,1914,5.82,Medium,36.14
Bangalore,Karnataka,12.874927,77.671297,2025-07-14,72.19,45.5,50.05,0.0,25.94,169.06,8.95,84.36,5,1007,34.46,0.55,176,0.31,Low,9.63
Srinagar,Jammu and Kashmir,34.029607,74.799766,2023-07-29,60.4,44.05,50.91,12.36,20.98,35.36,0.49,48.42,4,629,60.94,2.35,335,1.83,Medium,52.63
Howrah,West Bengal,22.547112,88.207506,2024-06-03,34.3,12.0,17.79,3.75,5.09,131.33,2.7,66.29,4,5535,97.68,0.24,1160,0.47,Low,10.41
Coimbatore,Tamil Nadu,11.108117,76.952013,2024-02-15,139.39,86.69,123.57,3.2,50.58,37.55,2.27,93.94,4,651,78.94,1.27,122,0.51,Medium,43.05
Raipur,Chhattisgarh,21.198646,81.54114,2024-09-16,82.79,31.87,43.33,3.5,34.94,59.9,0.37,41.18,3,5321,86.35,0.39,1409,2.26,Low,28.19
Gwalior,Madhya Pradesh,26.222837,78.191654,2024-09-09,47.93,33.96,50.73,4.77,33.34,80.39,1.73,56.76,1,1280,81.7,0.88,472,1.58,Low,24.48
Lucknow,Uttar Pradesh,26.905516,81.025263,2024-07-01,83.06,45.63,63.02,3.87,38.99,88.72,1.19,11.17,3,166,50.11,0.53,48,0.06,Low,26.72
Hyderabad,Telangana,17.308458,78.455576,2023-06-24,57.59,42.25,52.24,5.12,16.45,70.29,2.38,56.35,4,886,93.18,0.7,91,0.2,Low,28.6
Jabalpur,Madhya Pradesh,23.243662,79.900201,2023-05-31,154.03,69.95,97.22,8.51,50.33,67.23,2.19,67.39,1,24546,66.32,2.04,12681,56.97,High,57.92
Lucknow,Uttar Pradesh,26.753768,80.901335,2025-06-18,131.18,42.89,56.12,0.68,54.08,156.82,1.2,55.76,2,466,93.29,2.25,143,1.42,Medium,39.17
Surat,Gujarat,21.256627,72.911696,2025-04-24,80.72,47.89,60.28,9.73,50.98,131.7,3.42,70.21,3,138,65.94,0.99,55,0.17,Medium,38.83
Amritsar,Punjab,31.571414,74.808283,2024-10-03,97.46,55.51,74.2,2.66,34.21,43.83,0.53,83.38,1,1939,80.42,0.81,528,0.94,Low,30.65
Bangalore,Karnataka,12.95847,77.602866,2023-11-09,144.69,75.85,107.46,2.56,47.95,219.71,4.39,46.87,2,17,73.46,1.15,1,0.0,Low,24.48
Kota,Rajasthan,25.289191,75.88637,2023-12-19,88.68,31.52,41.22,3.59,39.82,25.45,2.14,86.11,3,4331,91.73,0.6,832,2.0,Low,22.92
Kolkata,West Bengal,22.530672,88.318055,2025-06-05,31.08,18.59,26.91,9.52,13.9,82.89,7.09,75.78,3,492,48.58,0.52,64,0.16,Low,20.86
Delhi,Delhi,28.737788,77.033946,2025-04-12,158.86,94.1,137.83,4.31,40.42,70.84,0.67,54.79,3,296,60.6,2.3,153,1.01,High,62.07
Nashik,Maharashtra,20.087843,73.790098,2023-04-05,69.11,46.1,51.11,3.5,25.55,112.21,1.45,67.5,1,1456,81.09,0.31,288,0.4,Low,22.87
Jaipur,Rajasthan,26.877513,75.861544,2024-07-21,28.79,18.94,22.52,3.42,48.2,171.93,1.35,75.66,5,1981,72.7,0.62,189,0.25,Low,11.09
Pune,Maharashtra,18.567871,73.922567,2024-07-29,58.24,20.63,23.96,11.37,22.95,116.18,7.69,56.0,2,2162,97.09,0.17,532,0.15,Low,29.18
Pune,Maharashtra,18.577799,73.907347,2024-04-06,68.92,37.8,43.52,5.81,43.29,36.71,1.28,67.73,5,31048,69.17,0.24,12505,14.46,Low,33.07
Amritsar,Punjab,31.711368,74.80133,2025-04-21,76.95,23.82,30.18,2.21,44.57,25.47,2.44,79.32,1,926,60.98,0.45,197,0.31,Low,27.1
Kochi,Kerala,9.934743,76.261814,2023-01-23,45.47,34.67,38.46,6.8,21.9,43.09,1.97,48.18,4,755,67.12,1.17,78,0.35,Low,24.53
Allahabad,Uttar Pradesh,25.425977,81.942964,2023-12-27,54.2,38.91,50.46,10.69,24.55,97.46,3.03,72.01,1,853,81.27,0.82,131,0.23,Low,34.74
Kota,Rajasthan,25.199185,75.884098,2023-09-02,73.79,28.51,36.83,6.57,45.88,32.35,0.19,38.04,2,3462,63.27,1.86,1385,10.77,Medium,36.6
Allahabad,Uttar Pradesh,25.394757,81.885484,2024-05-22,70.8,36.01,49.18,3.41,35.08,193.85,0.35,57.56,2,4363,72.83,0.49,1352,1.54,Low,21.1
Hyderabad,Telangana,17.438063,78.505197,2024-06-09,42.86,16.36,23.8,8.62,15.52,61.83,2.34,60.96,3,600,88.21,0.6,91,0.27,Low,26.64
Jabalpur,Madhya Pradesh,23.166821,80.012369,2023-04-04,73.52,41.08,58.1,8.82,45.57,46.84,0.55,97.07,1,3384,81.88,2.19,1374,5.12,Medium,45.26
Srinagar,Jammu and Kashmir,34.123992,74.869071,2023-08-27,65.86,40.28,45.55,2.81,37.64,86.8,0.18,41.84,2,3572,81.39,0.22,281,0.2,Low,22.45
Vadodara,Gujarat,22.266959,73.227262,2024-07-07,215.93,159.64,177.0,5.6,67.68,67.8,0.48,48.65,4,1882,68.22,2.1,1424,13.09,High,70.88
Vasai,Maharashtra,19.509605,72.837565,2023-06-25,100.79,37.92,54.79,6.43,54.39,68.71,0.58,28.02,5,3347,49.43,2.05,969,2.2,Medium,47.21
Kalyan,Maharashtra,19.221867,73.127145,2024-09-15,143.75,46.88,59.01,4.93,51.86,1.42,0.71,71.9,3,274,88.49,2.07,40,0.22,Medium,46.74
Varanasi,Uttar Pradesh,25.357014,82.931872,2025-07-04,44.5,19.6,25.53,10.17,13.17,261.1,3.25,29.66,2,881,95.56,0.36,139,0.1,Low,17.56
Jaipur,Rajasthan,26.977171,75.843666,2025-08-28,86.1,58.52,81.52,5.22,42.22,86.34,0.53,43.84,1,1094,79.4,1.5,485,1.89,Medium,42.89
Nashik,Maharashtra,19.940466,73.871162,2024-03-02,115.95,86.02,113.76,6.1,46.11,40.23,2.36,93.39,2,330,81.03,0.92,78,0.19,Medium,46.27
Faridabad,Haryana,28.417536,77.394258,2024-10-27,56.74,39.1,48.07,6.02,43.45,133.27,1.47,90.61,3,546,92.26,0.71,30,0.08,Low,28.35
Faridabad,Haryana,28.498324,77.258063,2024-12-28,107.04,76.9,99.34,1.37,47.37,58.4,0.64,46.13,2,511,97.67,2.02,367,1.16,Medium,46.89
Surat,Gujarat,21.097803,72.739804,2023-05-16,85.16,46.54,63.51,0.52,38.89,77.34,4.29,63.91,1,4477,37.61,0.95,1423,2.02,Low,19.27
Lucknow,Uttar Pradesh,26.824156,80.951955,2024-11-28,20.83,7.11,9.52,7.48,38.77,31.25,3.02,57.99,3,474,53.64,0.19,133,0.12,Low,29.78
Lucknow,Uttar Pradesh,26.759781,80.945996,2023-06-21,142.44,77.51,89.67,8.64,40.42,80.4,5.56,60.3,1,6871,66.9,1.38,3364,13.89,Medium,47.85
Visakhapatnam,Andhra Pradesh,17.66989,83.16629,2025-09-07,83.01,55.39,64.57,2.01,32.52,215.49,0.42,56.89,2,4495,46.62,0.84,160,0.48,Low,22.5
Srinagar,Jammu and Kashmir,34.108536,74.872252,2024-09-01,90.92,46.85,67.9,10.18,48.03,31.36,0.07,68.47,4,274,61.33,3.88,145,0.61,High,56.37
Kota,Rajasthan,25.295586,75.914685,2023-01-29,82.9,31.51,41.48,7.9,36.55,16.61,0.82,64.78,1,419,52.32,1.7,145,0.9,Medium,40.21
Ranchi,Jharkhand,23.412158,85.283958,2024-11-05,138.56,86.71,101.24,2.16,43.12,114.71,4.09,62.07,4,1132,74.15,0.65,190,0.55,Low,31.89
Guwahati,Assam,26.063328,91.696746,2023-08-22,133.3,59.63,71.46,5.24,49.97,176.51,2.19,56.91,2,388,69.08,1.03,201,0.58,Medium,35.55
Dhanbad,Jharkhand,23.721292,86.494293,2023-06-05,25.82,11.51,15.38,1.2,24.04,25.42,1.96,52.11,3,43909,97.36,1.18,13305,46.3,Low,19.68
Indore,Madhya Pradesh,22.688057,75.800235,2023-10-13,140.06,86.8,117.69,4.84,58.39,206.61,1.83,42.39,6,18,60.63,1.46,4,0.01,Medium,39.71
Kanpur,Uttar Pradesh,26.453647,80.356363,2025-05-08,63.32,22.03,32.42,3.04,54.63,85.21,0.14,34.13,7,20171,82.41,2.15,11543,113.65,Medium,35.72
Nagpur,Maharashtra,21.106157,79.030809,2025-03-21,194.6,150.21,187.92,4.9,50.55,286.05,0.25,41.55,2,5616,83.79,1.18,1240,4.01,Medium,52.58
Allahabad,Uttar Pradesh,25.387307,81.823769,2024-03-14,18.94,8.93,12.09,3.39,18.84,161.73,8.76,25.33,3,58,84.98,0.41,11,0.01,Low,5.33
Guwahati,Assam,26.074401,91.738039,2024-03-09,148.5,105.24,144.89,7.09,41.24,168.32,0.09,61.02,3,203,60.97,1.46,89,0.64,Medium,54.38
Madurai,Tamil Nadu,9.949223,78.100548,2024-03-20,229.24,119.68,173.49,8.93,62.72,40.11,0.81,63.75,2,1524,89.13,5.12,2366,21.77,Critical,84.38
Guwahati,Assam,26.20721,91.822038,2024-11-06,76.38,52.03,58.47,0.0,36.19,112.83,1.37,49.65,8,116,87.2,0.16,10,0.01,Low,20.67
Bangalore,Karnataka,13.041698,77.622929,2024-01-13,62.01,21.38,31.34,3.26,32.55,223.65,0.33,53.73,5,524,80.53,0.9,202,0.57,Low,24.25
Hyderabad,Telangana,17.376906,78.568062,2025-02-09,85.29,60.84,72.93,0.0,38.48,66.53,0.18,27.81,5,121,63.84,1.15,57,0.22,Low,24.01
Vijayawada,Andhra Pradesh,16.471635,80.632128,2023-07-28,62.86,30.83,44.01,2.82,23.0,92.14,2.69,74.18,2,393,52.54,1.18,80,0.12,Low,25.93
Kolkata,West Bengal,22.651593,88.294419,2025-02-10,88.87,36.57,49.05,4.15,26.64,60.64,1.74,47.97,0,6130,50.01,0.99,332,1.2,Low,32.97
Surat,Gujarat,21.105266,72.851324,2025-06-26,82.94,54.45,79.33,3.65,44.42,8.38,4.66,32.0,6,1725,89.88,1.05,621,2.66,Low,23.32
Vadodara,Gujarat,22.283335,73.239566,2023-04-29,45.74,18.01,23.03,0.3,36.44,242.28,2.65,68.29,2,5305,64.18,1.11,605,2.66,Low,4.22
Vasai,Maharashtra,19.500673,72.890211,2024-01-02,34.58,27.09,35.58,5.18,26.55,188.18,0.66,65.56,7,31323,77.97,0.59,4771,12.93,Low,24.94
Meerut,Uttar Pradesh,28.93241,77.701348,2025-08-09,77.57,50.08,72.29,10.2,28.07,26.35,1.4,32.69,2,238,47.08,2.01,133,0.83,Medium,43.28
Solapur,Maharashtra,17.690549,75.84848,2024-01-31,88.7,43.35,60.13,1.48,36.01,270.28,0.04,59.83,3,1217,75.11,1.11,222,1.17,Low,16.44
Surat,Gujarat,21.257009,72.867515,2024-03-17,70.55,47.96,69.25,1.75,24.32,73.45,2.62,88.04,4,5676,88.99,1.12,1354,3.74,Low,23.34
Coimbatore,Tamil Nadu,10.972557,76.911086,2024-06-16,40.3,15.81,17.53,1.04,20.23,54.72,2.28,37.87,4,75,68.51,0.5,22,0.04,Low,8.56
Chennai,Tamil Nadu,13.14061,80.222598,2023-01-15,64.73,22.73,25.4,3.65,46.54,97.64,4.4,67.34,3,308,60.33,0.31,65,0.02,Low,24.14
Kalyan,Maharashtra,19.159095,73.225479,2023-11-07,63.88,35.87,43.98,3.69,30.59,70.42,0.21,74.13,2,4366,94.98,1.11,1155,2.91,Low,26.84
Indore,Madhya Pradesh,22.788509,75.814954,2024-02-24,57.33,32.64,44.24,6.6,18.58,18.74,0.08,11.44,2,427,59.33,2.0,253,1.98,Medium,37.29
Bangalore,Karnataka,12.938116,77.541318,2023-05-05,49.16,24.02,31.85,0.13,22.59,215.25,3.98,81.49,3,4788,56.89,0.7,1669,2.84,Low,1.1
Vijayawada,Andhra Pradesh,16.410472,80.670029,2024-08-01,76.2,52.64,65.83,3.52,19.83,51.19,1.05,94.06,0,1305,72.34,0.5,189,0.16,Low,23.33
Aurangabad,Maharashtra,19.842706,75.313927,2024-05-04,105.59,44.23,64.83,3.79,40.43,160.53,0.06,83.19,7,710,67.51,2.06,261,1.94,Medium,36.78
Solapur,Maharashtra,17.651108,75.865828,2025-07-25,19.05,7.85,10.83,2.01,22.96,52.11,0.09,92.49,5,940,59.79,1.13,113,0.43,Low,14.38
Jodhpur,Rajasthan,26.284721,72.999704,2025-07-07,52.82,17.64,20.79,1.88,20.16,89.76,1.27,65.79,0,16,77.65,0.98,3,0.01,Low,27.54
Kota,Rajasthan,25.235518,75.778904,2023-09-23,107.04,82.79,119.12,4.73,35.28,270.92,1.6,23.95,5,538,81.81,0.54,77,0.13,Low,33.92
Nashik,Maharashtra,19.930895,73.744609,2023-11-15,60.51,20.93,28.36,0.66,37.19,196.22,0.91,58.37,1,352,57.67,0.16,117,0.05,Low,22.57
Kolkata,West Bengal,22.502247,88.378697,2024-09-28,65.91,27.43,37.3,5.27,30.13,51.83,3.4,79.18,1,28,83.99,0.75,3,0.01,Low,32.0
Delhi,Delhi,28.665581,77.170199,2023-01-17,33.82,25.18,32.58,6.62,15.01,43.84,0.87,94.78,5,30270,84.05,1.08,3844,5.41,Low,30.0
Bareilly,Uttar Pradesh,28.407517,75.482419,2025-01-05,88.51,38.08,47.53,11.97,43.52,26.78,2.0,89.25,1,8327,94.08,2.03,1238,12.03,Medium,42.54
Visakhapatnam,Andhra Pradesh,17.752412,83.311394,2024-11-30,99.86,54.9,77.75,6.02,39.13,108.65,0.49,7.61,3,1578,93.89,0.28,159,0.07,Low,29.43
Guwahati,Assam,26.05651,91.74718,2023-10-17,91.0,49.35,68.44,2.47,46.01,52.89,0.88,63.42,0,280,64.18,0.49,94,0.05,Low,30.62
Faridabad,Haryana,28.503976,77.360736,2025-09-02,139.12,104.64,148.23,0.45,57.36,90.9,0.18,17.66,4,76,90.83,1.11,21,0.08,Medium,40.33
Bhopal,Madhya Pradesh,23.213838,77.50956,2023-04-02,55.1,43.49,48.63,1.78,36.65,101.7,3.76,96.95,6,1156,64.98,0.57,238,0.54,Low,17.68
Ranchi,Jharkhand,23.357132,85.25303,2023-05-25,98.55,43.93,62.55,3.87,50.36,37.51,1.72,91.14,1,306,55.88,0.14,48,0.01,Low,32.2
Kanpur,Uttar Pradesh,26.491799,80.245562,2024-05-22,82.36,39.28,51.9,2.82,60.6,173.9,4.43,61.03,1,40,60.53,0.89,4,0.02,Low,23.35
Varanasi,Uttar Pradesh,25.318986,83.012557,2024-10-21,101.92,80.82,112.99,3.17,34.62,170.51,0.95,69.91,4,1266,65.63,1.95,251,0.7,Medium,37.68
Agra,Uttar Pradesh,27.172493,77.986529,2023-09-30,102.65,65.45,85.26,3.06,44.45,118.8,0.38,58.88,3,907,71.5,0.84,481,1.55,Medium,35.47
Vadodara,Gujarat,22.265127,73.223101,2023-08-13,60.08,37.72,51.26,10.48,43.02,118.51,2.22,66.37,4,1139,43.32,2.27,376,2.85,Medium,43.59
Vasai,Maharashtra,19.465263,72.71931,2025-01-23,144.88,91.32,113.78,7.57,45.99,79.87,1.77,78.2,3,683,37.86,2.46,313,2.15,Medium,46.28
Varanasi,Uttar Pradesh,25.381944,83.067115,2023-03-04,94.61,53.55,75.61,2.93,27.61,42.28,2.66,76.03,3,3190,96.09,0.57,586,0.61,Low,25.54
Lucknow,Uttar Pradesh,26.792414,80.971288,2025-03-22,90.95,66.4,96.03,6.03,32.79,39.01,1.19,40.95,1,16640,28.67,0.7,3595,11.73,Low,31.2
Aurangabad,Maharashtra,19.968536,75.318121,2024-06-01,59.58,28.21,40.48,2.53,30.81,124.6,3.41,41.93,4,5556,52.72,0.15,459,0.31,Low,21.59
Madurai,Tamil Nadu,9.863666,78.049477,2025-07-07,148.03,111.99,136.9,1.95,60.4,48.14,0.77,48.52,3,1316,90.07,1.91,785,7.26,Medium,52.76
Jabalpur,Madhya Pradesh,23.112198,80.071784,2023-07-29,56.42,32.17,46.77,8.0,27.34,41.83,0.96,57.31,1,12,81.19,1.56,2,0.0,Medium,45.77
Mumbai,Maharashtra,19.096935,72.815518,2024-09-11,197.5,91.44,103.95,4.01,53.52,78.48,3.18,32.43,3,356,47.33,1.61,110,0.71,Medium,49.1
Chennai,Tamil Nadu,13.16087,80.369502,2024-11-30,63.68,20.46,24.62,0.9,14.48,59.82,2.92,64.73,2,202,24.87,0.31,49,0.03,Low,17.71
Indore,Madhya Pradesh,22.798091,75.827807,2024-03-25,48.01,14.68,19.48,3.08,37.2,69.01,0.08,85.42,1,309,81.12,0.94,47,0.16,Low,13.25
Ranchi,Jharkhand,23.311759,85.396936,2024-12-24,177.09,109.39,157.68,9.64,62.79,287.65,1.94,65.03,2,232,44.91,3.02,212,1.57,High,56.24
Kalyan,Maharashtra,19.145949,73.104481,2024-07-28,15.68,10.55,12.46,3.1,30.54,21.03,2.16,30.51,3,3597,61.07,0.19,654,0.5,Low,17.12
Guwahati,Assam,26.168961,91.75221,2023-01-30,58.47,39.26,58.88,6.05,15.69,7.41,0.36,37.74,1,1057,53.38,1.95,647,2.99,Medium,38.11
Kolkata,West Bengal,22.56373,88.349416,2025-03-31,175.39,67.71,93.2,6.69,41.91,76.42,4.73,60.92,5,10204,78.16,1.05,4377,11.93,Medium,48.64
Coimbatore,Tamil Nadu,10.921107,76.885206,2025-05-21,42.09,12.93,18.38,12.66,20.75,78.22,0.38,77.54,1,890,83.11,1.19,384,1.11,Medium,37.03
Jaipur,Rajasthan,26.846197,75.695586,2023-09-05,131.27,56.89,73.4,3.2,57.19,23.14,1.69,70.72,1,1034,85.39,1.36,218,1.31,Medium,41.2
Gwalior,Madhya Pradesh,26.152119,78.244035,2025-04-01,80.31,53.94,68.2,1.8,48.34,32.57,3.91,68.4,3,9910,66.31,1.16,2557,12.14,Low,29.32
Kalyan,Maharashtra,19.319662,73.08082,2023-02-16,239.68,85.68,106.91,2.39,70.22,20.06,3.4,47.28,3,760,88.02,2.24,250,2.79,High,62.64
Vijayawada,Andhra Pradesh,16.603882,80.648681,2024-03-11,97.43,36.29,43.7,4.86,39.45,212.55,0.3,53.91,3,122,70.79,0.49,13,0.03,Low,23.04
Madurai,Tamil Nadu,9.947618,78.14819,2023-11-10,83.82,61.12,88.84,7.87,27.82,36.51,0.95,17.7,4,2839,71.57,2.21,1027,5.21,Medium,38.07
Jaipur,Rajasthan,26.894605,75.857293,2025-05-10,59.89,41.8,56.44,4.55,46.7,76.56,4.59,65.23,2,715,64.69,0.7,51,0.13,Low,32.23
Madurai,Tamil Nadu,9.893856,78.059564,2025-05-11,26.51,9.36,11.07,5.2,11.8,51.24,0.62,83.82,2,2419,86.63,0.61,853,1.2,Low,23.16
Guwahati,Assam,26.106943,91.690955,2024-09-16,86.75,40.96,47.26,4.13,27.09,25.06,1.66,58.4,0,1924,82.84,0.81,169,0.5,Low,34.74
Visakhapatnam,Andhra Pradesh,17.696493,83.279266,2023-01-08,137.04,101.03,138.0,9.32,43.49,53.65,0.05,46.97,3,2737,62.3,2.01,1298,3.75,Medium,54.62
Delhi,Delhi,28.735217,77.039555,2025-06-16,104.83,66.47,92.76,3.19,42.65,110.36,1.42,45.57,5,52,72.73,1.66,6,0.02,Medium,38.42
Faridabad,Haryana,28.497773,77.39363,2023-08-11,29.64,14.99,18.39,4.03,14.98,58.08,0.54,67.32,0,7331,97.31,0.39,1078,0.82,Low,27.39
Kota,Rajasthan,25.29584,75.788346,2024-03-13,122.17,56.61,65.14,7.96,42.77,79.87,0.18,50.88,2,43,72.04,1.2,38,0.05,Medium,51.27
Howrah,West Bengal,22.647842,88.306402,2024-08-15,49.66,29.78,43.51,5.37,30.38,134.37,0.02,83.52,5,378,79.7,0.81,74,0.26,Low,20.78
Kota,Rajasthan,25.234267,75.78293,2024-06-14,47.01,36.47,53.62,3.08,47.36,23.58,0.28,73.0,4,31,60.07,0.11,7,0.0,Low,26.61
Bangalore,Karnataka,13.028364,77.627868,2023-12-24,149.69,108.63,123.9,4.8,49.52,29.91,2.66,28.83,1,90,75.67,1.52,48,0.36,Medium,42.17
Chandigarh,Chandigarh,30.71059,76.703821,2025-02-15,105.24,60.28,74.38,8.56,39.49,23.51,10.0,60.71,3,2430,60.43,0.91,1583,5.57,Medium,37.77
Mumbai,Maharashtra,19.165982,72.921463,2024-10-02,140.1,54.13,78.72,6.49,58.13,220.85,0.61,17.17,2,203,82.22,2.43,150,1.09,Medium,42.54
Bangalore,Karnataka,12.998722,77.52722,2025-06-06,129.94,43.18,57.61,3.66,14.54,124.54,1.4,69.01,1,3766,49.96,0.73,1474,1.36,Low,27.3
Chennai,Tamil Nadu,13.034805,80.250932,2023-04-12,46.9,20.9,30.3,5.83,30.82,177.79,6.69,71.32,1,967,68.95,0.76,291,0.67,Low,6.0
Kochi,Kerala,9.860482,76.206438,2023-05-23,261.74,84.81,121.47,16.44,71.55,153.82,3.19,95.47,5,267,81.01,7.04,526,17.6,Critical,86.54
Visakhapatnam,Andhra Pradesh,17.638525,83.286286,2023-07-29,31.42,12.29,15.2,1.54,31.98,33.31,1.22,79.26,3,9420,68.41,0.19,2027,1.56,Low,13.8
Chennai,Tamil Nadu,13.078309,80.321794,2025-05-23,112.79,56.69,75.28,6.13,60.64,95.4,2.97,44.71,1,7251,62.82,0.87,1112,1.97,Medium,47.19
Chennai,Tamil Nadu,13.106116,80.175222,2024-06-28,107.34,82.83,120.32,3.56,46.1,144.52,0.1,38.57,1,96,69.17,1.29,24,0.09,Medium,42.95
Surat,Gujarat,21.116344,72.743632,2024-06-21,63.35,30.01,43.06,10.46,38.73,80.17,1.18,21.7,3,323,61.49,0.93,57,0.12,Medium,39.56
Thiruvananthapuram,Kerala,8.560159,76.867055,2025-03-22,128.98,90.41,101.96,5.77,32.42,15.71,4.96,80.85,2,8680,88.51,0.86,3387,6.49,Medium,37.19
Vijayawada,Andhra Pradesh,16.414937,80.746624,2023-12-24,52.5,33.79,40.21,4.88,21.04,21.78,0.58,90.06,5,1142,75.69,2.12,626,6.6,Medium,37.59
Meerut,Uttar Pradesh,28.981065,77.629406,2023-09-13,13.5,9.61,11.37,2.28,18.83,31.59,0.44,59.27,5,554,94.87,0.83,174,0.55,Low,24.24
Indore,Madhya Pradesh,22.791895,75.892041,2025-05-08,42.3,33.06,46.88,6.01,33.65,21.84,0.68,81.24,4,677,59.7,0.17,81,0.02,Low,28.01
Vasai,Maharashtra,19.543352,72.883561,2024-08-01,102.1,79.53,99.23,2.39,48.49,77.9,5.25,56.7,3,766,45.46,0.96,195,0.43,Low,27.57
Visakhapatnam,Andhra Pradesh,17.663692,83.302135,2023-02-20,86.97,63.04,92.56,7.35,48.17,156.06,0.63,68.41,6,2872,91.47,1.25,831,2.29,Medium,43.81
Gwalior,Madhya Pradesh,26.133568,78.144439,2023-03-28,125.2,94.52,122.11,5.32,38.31,257.71,0.88,84.37,4,2063,81.05,0.13,413,0.07,Low,31.49
Indore,Madhya Pradesh,22.805881,75.886214,2023-12-14,37.67,28.35,39.69,2.56,25.97,208.22,2.75,81.48,1,741,75.94,0.73,47,0.16,Low,0.52
Ahmedabad,Gujarat,22.941313,72.47381,2025-09-08,278.6,204.81,260.65,10.18,97.2,178.29,4.47,81.47,1,1841,77.68,3.87,846,14.32,Critical,76.87
Srinagar,Jammu and Kashmir,34.150598,74.83029,2024-01-15,95.51,42.87,52.01,8.39,26.94,74.01,0.09,91.28,5,3614,59.68,2.06,2416,17.97,Medium,36.42
Ahmedabad,Gujarat,23.119823,72.475715,2024-10-01,190.63,58.66,85.9,7.54,56.35,45.47,1.66,52.36,3,13991,90.22,2.67,13817,48.43,High,65.77
Bangalore,Karnataka,13.068634,77.598131,2023-11-10,73.23,50.26,64.97,4.54,44.54,144.12,3.6,38.45,3,10626,58.25,0.33,3333,2.01,Low,32.6
Aurangabad,Maharashtra,19.825545,75.321972,2023-11-26,48.97,28.01,30.87,15.33,55.63,149.24,0.37,83.42,4,4356,66.45,2.09,1441,6.56,Medium,48.99
Nagpur,Maharashtra,21.067719,78.996075,2024-10-10,64.53,41.73,51.02,16.18,23.37,15.84,5.32,85.06,4,7206,84.66,0.98,2219,3.2,Medium,49.95
Visakhapatnam,Andhra Pradesh,17.621162,83.314821,2024-04-02,141.26,110.01,131.77,6.62,28.36,135.57,0.36,49.5,3,7483,70.38,2.22,3204,31.49,Medium,44.33
Allahabad,Uttar Pradesh,25.378827,81.879568,2025-06-25,50.92,17.91,23.82,4.91,17.58,44.93,0.05,31.88,2,120,87.7,2.38,31,0.19,Medium,37.07
Amritsar,Punjab,31.634365,74.819057,2024-12-14,67.32,38.6,47.54,4.1,28.54,48.83,0.14,24.59,5,38,74.82,0.7,14,0.03,Low,31.95
Chandigarh,Chandigarh,30.677567,76.879144,2024-06-17,185.57,91.22,112.03,13.17,53.37,179.07,4.73,61.12,2,9634,90.71,3.18,9352,121.36,High,61.92
Vasai,Maharashtra,19.492629,72.904949,2025-05-21,84.01,52.44,77.26,15.21,67.47,69.74,4.29,54.28,4,2661,56.25,1.79,1715,14.09,Medium,53.25
Indore,Madhya Pradesh,22.641556,75.920213,2024-03-13,88.2,40.53,51.25,12.21,24.94,107.1,0.2,56.24,4,7147,53.37,1.08,2288,3.62,Medium,46.12
Agra,Uttar Pradesh,27.164264,78.01019,2024-01-09,104.99,37.42,45.64,1.37,75.13,70.43,0.81,53.11,2,22856,85.73,1.78,8714,58.3,Medium,44.75
Jabalpur,Madhya Pradesh,23.162028,80.01322,2024-10-12,97.19,77.33,92.95,8.42,35.03,15.14,7.35,73.05,2,149,77.24,0.59,18,0.04,Low,31.73
Kanpur,Uttar Pradesh,26.466735,80.420853,2024-02-02,61.56,38.09,53.13,3.39,25.95,82.98,1.62,44.37,3,1803,64.8,0.7,295,0.57,Low,20.39
Kalyan,Maharashtra,19.177718,73.22633,2024-12-25,40.11,15.78,22.5,2.82,31.47,22.04,3.71,54.72,6,4751,73.35,0.58,841,2.15,Low,15.57
Solapur,Maharashtra,17.602601,76.005885,2024-01-28,150.99,79.29,116.72,8.08,40.75,31.49,1.37,74.1,4,602,91.21,3.66,422,3.54,High,67.79
Vijayawada,Andhra Pradesh,16.538702,80.554764,2024-12-09,72.49,39.12,44.5,8.71,44.42,168.22,0.88,46.25,5,214,62.85,1.43,154,0.28,Medium,42.11
Indore,Madhya Pradesh,22.788242,75.809999,2024-10-18,43.79,28.49,37.47,6.53,38.95,7.4,2.05,71.02,1,124,63.2,0.9,6,0.02,Low,23.22
Varanasi,Uttar Pradesh,25.343427,82.875248,2024-06-13,27.01,12.05,15.31,13.02,31.58,80.81,0.14,90.99,2,3007,97.5,0.52,495,0.9,Low,33.46
Dhanbad,Jharkhand,23.870297,86.529615,2024-03-10,91.44,62.34,88.82,4.14,40.28,13.62,2.92,47.35,0,4576,87.94,0.37,1052,1.12,Low,30.5
Howrah,West Bengal,22.675828,88.257537,2025-07-25,136.77,74.52,110.36,4.7,39.55,132.59,0.21,37.68,1,34,35.39,1.25,21,0.05,Medium,37.53
Hyderabad,Telangana,17.424712,78.424819,2024-01-22,69.69,43.25,52.14,7.99,39.66,45.94,0.54,77.51,2,162,68.04,0.91,73,0.09,Medium,42.57
Amritsar,Punjab,31.576464,74.910951,2023-11-14,251.87,140.07,171.04,6.68,62.37,171.84,3.58,61.23,1,1264,76.09,3.66,919,9.37,High,67.25
Guwahati,Assam,26.24398,91.643148,2025-02-09,74.31,34.15,48.73,4.7,29.01,70.57,1.62,42.53,3,103,90.98,0.11,28,0.02,Low,33.76
Meerut,Uttar Pradesh,29.026567,77.741508,2023-07-12,28.77,16.91,22.97,3.94,25.99,85.8,0.03,46.75,4,535,71.94,0.35,157,0.08,Low,14.89
Nashik,Maharashtra,19.946837,73.777769,2024-05-10,73.88,36.06,51.95,4.07,13.9,81.82,0.6,68.82,6,10,67.29,0.44,1,0.0,Low,33.76
Kochi,Kerala,9.924018,76.28328,2025-05-19,53.94,32.69,45.25,9.07,28.37,173.44,0.75,70.44,6,5,17.67,0.14,1,0.0,Low,31.1
Raipur,Chhattisgarh,21.31175,81.711877,2025-01-09,110.92,76.53,89.9,2.45,40.46,67.18,0.22,78.45,4,25,70.43,1.88,7,0.05,Medium,42.48
Nagpur,Maharashtra,21.157151,79.130112,2024-04-08,92.03,55.72,68.82,6.54,30.95,116.1,0.29,49.54,1,319,87.29,0.98,104,0.46,Low,30.32
Allahabad,Uttar Pradesh,25.351019,81.926431,2023-01-04,89.09,60.03,81.78,10.86,41.68,41.78,0.03,12.95,4,1140,74.11,0.98,125,0.5,Medium,49.72
Chennai,Tamil Nadu,13.06063,80.272966,2023-04-09,38.58,24.3,32.2,1.32,22.81,27.8,0.74,63.73,2,4828,77.63,0.84,867,2.44,Low,19.17
Mumbai,Maharashtra,19.016465,72.798231,2023-02-12,125.74,97.79,117.55,3.65,27.07,39.17,2.59,62.2,4,1665,85.76,2.12,848,2.58,Medium,37.57
Vasai,Maharashtra,19.527164,72.90023,2024-06-07,157.46,64.85,80.93,6.1,52.56,94.4,0.22,62.6,5,217,66.24,1.93,122,0.45,Medium,54.66
Meerut,Uttar Pradesh,28.919005,77.73205,2023-11-15,295.73,116.53,170.98,7.75,68.86,145.02,2.39,52.11,6,199,89.28,2.63,122,1.18,High,71.3
Rajkot,Gujarat,22.224324,70.73994,2023-09-14,94.69,28.49,42.5,3.15,28.4,91.34,3.13,58.8,1,23,71.17,0.18,4,0.0,Low,19.02
Jodhpur,Rajasthan,26.154447,73.056772,2024-12-25,42.24,13.14,16.97,4.34,26.27,12.7,1.74,79.25,1,669,88.6,1.17,85,0.18,Low,22.08
Visakhapatnam,Andhra Pradesh,17.606007,83.311367,2025-06-18,38.67,28.51,33.76,0.38,19.39,53.87,1.51,44.44,4,306,91.52,0.76,53,0.16,Low,9.76
Bhopal,Madhya Pradesh,23.240174,77.345141,2023-03-22,105.81,58.9,83.53,8.29,14.52,190.18,0.13,44.6,4,307,65.83,2.19,75,0.46,Medium,41.13
Thiruvananthapuram,Kerala,8.512866,76.935366,2024-02-17,36.3,19.69,24.45,17.89,20.1,140.52,0.52,32.77,4,1254,77.02,2.11,811,2.92,Medium,40.26
Jodhpur,Rajasthan,26.275331,73.042344,2024-12-12,155.07,90.69,122.74,5.68,63.24,17.34,1.55,74.78,2,1774,83.41,3.81,1294,15.61,High,66.31
Jaipur,Rajasthan,26.952194,75.707939,2024-11-17,112.09,62.27,85.45,4.76,30.36,264.3,0.7,89.34,2,6519,63.71,1.9,1898,6.63,Medium,35.14
Thiruvananthapuram,Kerala,8.541808,77.009486,2023-02-12,93.64,47.87,64.94,2.16,30.01,61.28,1.73,76.16,1,13,83.42,0.95,2,0.01,Low,20.9
Nashik,Maharashtra,20.045381,73.853694,2023-05-24,168.02,59.32,67.69,7.64,47.52,39.79,3.2,53.57,4,12097,91.74,2.07,5377,32.86,High,60.16
Vadodara,Gujarat,22.290263,73.166806,2024-11-04,23.12,11.63,13.69,6.1,17.46,37.2,0.08,80.25,2,4203,69.7,0.13,391,0.23,Low,24.38
Bhopal,Madhya Pradesh,23.289865,77.404193,2025-04-01,54.24,24.71,34.15,3.61,24.59,102.08,5.36,72.03,4,2325,83.96,0.72,564,1.1,Low,11.6
Kalyan,Maharashtra,19.231005,73.149912,2024-12-27,51.48,24.27,32.96,2.71,40.83,61.99,2.2,57.56,3,6666,96.9,0.59,587,1.21,Low,23.31
Visakhapatnam,Andhra Pradesh,17.780083,83.178101,2024-04-03,90.03,71.91,85.52,4.59,41.33,48.68,0.78,31.49,5,18765,78.51,0.85,9271,19.14,Medium,43.0
Agra,Uttar Pradesh,27.197054,78.101665,2025-04-24,44.84,27.33,36.81,0.1,28.44,331.12,1.57,74.2,5,5606,94.7,1.1,501,1.99,Low,10.5
Agra,Uttar Pradesh,27.207165,77.994703,2024-09-11,182.0,131.81,195.5,3.17,39.47,81.31,0.63,51.57,1,2048,80.19,2.2,713,7.27,Medium,50.5
Kanpur,Uttar Pradesh,26.384508,80.272216,2024-09-07,145.91,86.32,99.19,3.02,40.99,184.4,2.91,41.31,2,215,83.74,1.85,143,0.93,Medium,36.89
Vadodara,Gujarat,22.292004,73.172058,2023-08-03,47.8,37.86,50.74,1.24,48.55,58.53,7.57,71.99,3,879,62.53,0.72,355,0.81,Low,13.91
Patna,Bihar,25.666169,85.231546,2023-03-18,68.51,43.37,49.06,8.56,41.18,69.52,2.74,42.45,3,50000,76.44,2.36,13593,61.82,Medium,39.28
Surat,Gujarat,21.103722,72.800426,2023-09-12,89.63,37.02,44.96,6.96,22.45,122.47,0.02,61.37,1,825,53.89,0.42,151,0.27,Low,26.24
Lucknow,Uttar Pradesh,26.815318,80.879034,2025-06-16,138.38,89.89,101.17,4.15,52.99,510.88,0.55,62.0,1,834,77.67,1.33,197,0.81,Medium,44.66
Faridabad,Haryana,28.400859,77.370483,2024-05-16,79.56,45.62,59.91,8.33,47.38,127.71,1.09,51.39,4,23843,55.43,1.15,8738,14.07,Low,33.44
Kota,Rajasthan,25.198419,75.777351,2023-01-03,79.21,24.0,28.36,7.22,28.22,128.18,0.88,50.37,5,750,81.64,1.58,442,1.75,Medium,35.94
Bhopal,Madhya Pradesh,23.332889,77.493714,2025-01-01,163.36,75.94,104.03,3.14,46.41,50.77,6.87,43.41,2,1294,74.89,1.01,986,3.65,Medium,38.73
Visakhapatnam,Andhra Pradesh,17.634918,83.300735,2024-07-16,12.76,5.3,6.59,1.65,21.61,137.59,1.99,50.32,3,3159,69.15,0.61,1018,1.79,Low,15.1
Allahabad,Uttar Pradesh,25.341691,81.944236,2025-06-15,151.49,99.81,145.13,6.29,50.5,51.53,1.74,54.01,3,3057,68.54,2.3,2461,15.91,High,55.6
Rajkot,Gujarat,22.403222,70.858345,2023-12-27,34.43,16.06,23.27,2.19,26.49,342.41,0.78,67.91,4,679,85.82,1.06,58,0.08,Low,8.96
Guwahati,Assam,26.126721,91.75549,2024-11-13,78.01,43.06,51.71,1.45,39.83,14.87,0.8,39.17,0,20,74.13,0.56,2,0.0,Low,29.76
Bangalore,Karnataka,12.889789,77.633745,2023-04-21,44.3,17.92,21.38,3.47,26.44,52.26,1.4,27.39,1,687,94.32,0.31,99,0.08,Low,9.5
Amritsar,Punjab,31.610268,74.865555,2023-08-13,45.67,32.86,44.56,7.21,47.85,123.91,1.12,12.92,2,562,58.8,1.06,109,0.49,Low,24.85
Guwahati,Assam,26.184145,91.656277,2024-05-05,58.48,28.86,35.81,4.01,32.18,162.7,2.46,60.18,6,8198,89.33,0.17,1225,0.97,Low,27.87
Meerut,Uttar Pradesh,29.017913,77.755958,2023-02-25,80.81,37.15,46.1,2.51,39.44,45.15,2.2,51.59,2,1381,79.13,0.63,194,0.28,Low,24.99
Gwalior,Madhya Pradesh,26.150752,78.123284,2025-09-21,85.49,60.89,81.36,12.92,36.23,38.22,3.43,94.44,3,598,69.12,1.67,503,2.53,Medium,45.72
Hyderabad,Telangana,17.406894,78.542987,2025-07-24,79.65,55.96,69.63,6.41,42.23,78.04,0.75,75.36,5,29485,84.04,1.37,6615,35.05,Medium,35.88
Aurangabad,Maharashtra,19.863328,75.254914,2024-04-17,136.77,81.0,118.47,5.21,39.44,187.31,0.06,52.45,2,80,96.15,1.66,40,0.13,Medium,40.97
Gwalior,Madhya Pradesh,26.301506,78.173313,2025-02-18,94.96,34.69,41.2,9.1,42.33,40.56,1.31,42.23,4,1952,83.92,0.87,790,1.08,Medium,41.4
Jabalpur,Madhya Pradesh,23.192172,80.031453,2024-07-04,47.19,18.23,23.53,8.13,9.45,139.91,0.31,32.11,4,97,42.44,0.3,16,0.01,Low,24.87
Amritsar,Punjab,31.697628,74.849525,2025-05-16,250.19,199.52,243.82,7.43,74.17,11.12,0.33,63.17,1,1290,60.91,4.03,1388,22.74,Critical,79.69
Nashik,Maharashtra,20.083874,73.711383,2023-02-07,44.52,19.14,27.55,2.56,36.66,19.63,2.99,59.62,3,156,86.09,0.94,48,0.15,Low,11.25
Nashik,Maharashtra,20.057726,73.802297,2023-05-14,119.84,52.95,79.28,5.43,45.74,18.42,5.55,57.6,3,50000,80.68,1.76,13265,34.98,Medium,41.8
Amritsar,Punjab,31.600232,74.922693,2023-01-25,26.0,19.85,23.27,6.04,40.99,75.25,0.48,42.51,2,1387,86.05,0.42,170,0.16,Low,32.7
Lucknow,Uttar Pradesh,26.748713,80.947816,2024-11-27,22.21,10.82,12.51,9.19,27.39,70.43,1.4,70.55,2,23,80.95,0.36,2,0.0,Low,22.65
Kochi,Kerala,9.899494,76.33878,2023-09-06,93.61,57.13,64.01,4.76,35.14,146.63,2.11,74.75,1,7231,55.12,1.07,748,3.85,Low,19.04
Bhopal,Madhya Pradesh,23.299443,77.346751,2025-01-23,164.62,52.49,59.88,6.53,43.03,135.65,3.19,81.88,4,7268,37.28,0.86,1221,1.48,Medium,46.02
Dhanbad,Jharkhand,23.894434,86.442318,2025-04-08,66.27,44.16,53.96,7.15,45.43,29.05,0.73,72.76,2,368,82.66,1.91,192,0.84,Medium,46.88
Vijayawada,Andhra Pradesh,16.497998,80.612387,2024-01-23,180.08,70.34,79.84,11.63,60.77,96.56,0.16,84.58,3,1492,86.81,6.1,1423,36.58,Critical,78.55
Howrah,West Bengal,22.576052,88.21521,2024-05-18,139.14,72.03,94.35,7.53,57.73,28.02,0.95,32.69,0,5560,81.14,2.36,6651,33.06,High,58.95
Jodhpur,Rajasthan,26.254656,73.124135,2023-10-11,98.84,46.47,59.76,3.96,34.68,102.2,0.0,29.19,0,8518,62.48,0.28,2693,0.81,Low,25.35
Visakhapatnam,Andhra Pradesh,17.701332,83.294536,2023-02-01,62.58,40.99,45.63,3.31,35.09,44.78,0.16,77.28,3,8,85.02,0.95,0,0.0,Low,28.63
Vijayawada,Andhra Pradesh,16.42634,80.636179,2025-07-03,194.31,82.92,97.25,6.6,58.79,124.92,3.43,76.81,1,37,74.28,1.19,28,0.15,Medium,46.44
Delhi,Delhi,28.618209,77.076367,2023-10-25,133.78,55.8,66.44,3.52,46.98,21.51,0.11,37.65,4,5289,40.93,1.0,4824,21.61,Medium,47.45
Bhopal,Madhya Pradesh,23.243204,77.448814,2025-02-03,45.5,23.6,29.36,0.8,33.37,100.22,2.24,92.77,2,685,67.3,0.38,138,0.13,Low,10.74
Vadodara,Gujarat,22.265444,73.234474,2024-06-06,70.8,23.24,33.12,4.32,34.92,18.86,0.45,13.25,0,2828,76.61,0.53,395,0.78,Low,32.71
Howrah,West Bengal,22.551138,88.278273,2025-02-25,231.85,126.81,183.37,3.18,83.78,49.93,2.47,90.5,5,28,50.81,3.03,6,0.06,High,73.0
Kanpur,Uttar Pradesh,26.500532,80.339868,2024-10-21,87.12,62.39,91.94,5.18,38.05,178.57,1.69,20.7,1,10706,89.83,0.91,952,2.59,Low,30.75
Patna,Bihar,25.502384,85.077253,2023-10-29,83.19,37.64,44.45,1.83,52.4,119.5,6.69,55.28,5,2907,41.73,0.38,618,0.55,Low,22.21
Bareilly,Uttar Pradesh,28.465011,75.37646,2025-04-29,47.18,37.51,51.78,2.52,27.55,142.97,2.02,69.22,1,1132,45.8,0.26,201,0.26,Low,8.14
Lucknow,Uttar Pradesh,26.942602,80.863898,2023-07-08,103.03,56.84,67.23,3.6,47.52,47.88,0.7,81.73,4,586,86.02,1.56,304,0.72,Medium,49.35
Bangalore,Karnataka,13.006305,77.630454,2024-04-30,56.8,33.94,45.34,9.38,33.32,77.46,2.79,21.64,5,8177,83.45,0.7,310,0.81,Low,32.79
Indore,Madhya Pradesh,22.760104,75.831982,2024-01-22,62.66,48.63,71.68,4.44,14.4,112.55,0.92,51.53,3,371,72.27,0.54,63,0.05,Low,28.49
Vijayawada,Andhra Pradesh,16.445132,80.657663,2024-07-06,33.84,16.82,23.06,6.3,25.89,123.3,2.09,27.81,4,759,47.55,0.42,240,0.39,Low,16.88
Jodhpur,Rajasthan,26.33602,72.935327,2023-02-24,189.41,74.04,89.67,3.11,53.43,58.92,0.58,63.75,3,1144,82.75,1.51,121,0.5,Medium,54.84
Pune,Maharashtra,18.450627,73.765211,2024-10-14,31.75,16.29,21.19,14.72,23.07,63.14,5.52,44.42,0,2652,72.03,0.62,209,0.48,Low,29.07
Bareilly,Uttar Pradesh,28.331196,75.453986,2024-08-13,44.72,33.92,39.07,4.14,19.08,99.66,1.54,53.97,1,461,97.81,0.1,81,0.03,Low,19.04
Kochi,Kerala,9.910996,76.22393,2024-03-12,131.64,54.96,81.96,7.19,53.91,130.69,0.34,29.46,4,370,80.31,0.98,188,0.24,Medium,54.73
Kanpur,Uttar Pradesh,26.494619,80.238589,2024-11-21,117.54,90.48,128.27,7.4,39.93,27.31,1.37,69.19,4,1120,39.93,1.46,524,3.19,Medium,52.09
Delhi,Delhi,28.645022,77.022955,2024-12-20,80.34,29.4,36.94,2.21,49.23,97.04,0.18,22.4,2,113,93.75,0.79,10,0.04,Low,31.3
Visakhapatnam,Andhra Pradesh,17.655335,83.207844,2023-06-03,206.92,85.98,101.32,7.09,74.48,55.37,2.02,75.25,2,752,69.53,3.4,377,1.97,High,70.89
Varanasi,Uttar Pradesh,25.242812,82.96177,2023-11-06,53.46,18.73,22.38,3.32,38.52,59.18,3.78,39.47,5,58,73.46,0.27,7,0.01,Low,24.0
Patna,Bihar,25.567147,85.046639,2023-07-09,77.14,42.27,48.71,3.89,48.98,90.35,4.55,54.48,2,56,72.49,0.24,9,0.0,Low,26.76
Vadodara,Gujarat,22.371896,73.131182,2025-06-19,73.3,48.24,65.63,5.33,29.73,167.71,1.29,74.94,2,2351,86.43,0.5,173,0.3,Low,26.33
Kanpur,Uttar Pradesh,26.40186,80.362472,2023-04-17,42.04,16.22,20.81,8.31,36.75,158.82,1.84,77.16,1,881,52.79,0.68,114,0.1,Low,19.48
Jaipur,Rajasthan,26.905441,75.815742,2024-02-24,136.08,79.81,108.95,3.24,32.34,137.14,1.65,62.88,3,381,73.43,0.78,109,0.12,Low,26.63
Pune,Maharashtra,18.420932,73.874052,2023-11-08,124.19,40.8,45.79,4.07,28.65,92.35,1.41,40.52,1,47,77.88,0.86,33,0.14,Medium,35.11
Nagpur,Maharashtra,21.089395,79.038961,2023-07-21,30.01,20.58,28.93,9.38,38.16,79.96,0.99,34.0,3,186,67.58,0.74,29,0.09,Low,33.12
Bareilly,Uttar Pradesh,28.406698,75.372045,2025-08-01,106.98,47.07,55.11,7.55,36.52,75.99,0.18,51.84,1,62,35.0,0.99,16,0.02,Medium,49.64
Jaipur,Rajasthan,26.833267,75.804398,2023-07-27,20.7,15.31,20.97,4.62,30.7,34.53,1.91,18.89,1,1827,93.09,0.33,303,0.16,Low,22.99
Chandigarh,Chandigarh,30.809577,76.877676,2025-04-06,169.46,61.77,88.84,3.15,42.52,223.78,3.12,78.73,3,1562,24.87,1.51,960,5.12,Medium,41.32
Hubli,Karnataka,15.344546,75.188925,2023-11-23,76.09,36.91,51.65,1.98,27.01,174.58,0.98,50.08,2,270,78.08,0.92,80,0.29,Low,27.66
Thiruvananthapuram,Kerala,8.621938,76.873395,2025-06-25,91.26,55.25,75.99,4.84,48.21,92.75,0.49,48.64,1,3189,75.9,1.71,2884,23.75,Medium,40.03
Guwahati,Assam,26.190681,91.717365,2024-11-04,48.65,17.24,21.51,3.1,10.91,121.07,2.23,75.25,5,42618,87.74,0.56,2425,5.09,Low,8.5
Vadodara,Gujarat,22.256642,73.274026,2024-01-29,58.47,18.72,23.34,6.11,42.99,132.46,4.19,41.39,3,212,70.85,0.27,29,0.03,Low,22.63
Gwalior,Madhya Pradesh,26.307081,78.21705,2023-03-20,82.74,38.22,46.79,0.0,53.59,23.35,0.03,62.35,1,1135,86.68,2.23,225,1.78,Medium,38.0
Raipur,Chhattisgarh,21.259544,81.635709,2023-07-22,183.76,95.49,135.89,2.73,66.72,82.01,2.67,56.06,3,9211,55.17,0.99,4632,6.18,Medium,52.91
Agra,Uttar Pradesh,27.121101,78.008717,2025-03-10,19.75,14.56,18.3,10.0,51.04,132.95,1.54,93.16,4,50000,51.77,0.38,6770,2.81,Low,31.11
Aurangabad,Maharashtra,19.818803,75.385181,2024-04-26,27.77,15.13,19.85,6.62,11.86,65.08,2.55,71.95,1,50000,78.22,0.14,5049,1.47,Low,18.89
Chandigarh,Chandigarh,30.72649,76.815014,2024-11-01,50.82,40.52,59.17,3.22,30.76,76.85,0.7,61.57,3,20567,94.08,1.08,7540,25.05,Low,28.35
Faridabad,Haryana,28.437496,77.395975,2024-05-07,45.49,26.35,34.77,1.14,34.15,177.98,1.05,27.39,3,2428,58.64,1.14,634,1.74,Low,11.11
Kolkata,West Bengal,22.494989,88.311837,2024-06-30,49.32,31.48,34.7,1.72,28.42,64.75,4.14,42.41,4,5446,36.52,0.57,1182,3.33,Low,6.99
Mumbai,Maharashtra,19.041374,72.845689,2023-02-16,60.65,37.32,51.07,4.5,54.8,218.79,0.7,82.41,3,50000,87.82,1.05,10216,42.25,Low,33.28
Kota,Rajasthan,25.307432,75.937844,2024-06-26,36.8,23.82,29.78,1.05,27.47,257.88,4.11,46.54,4,343,66.78,0.5,35,0.09,Low,1.92
Raipur,Chhattisgarh,21.306489,81.703709,2024-08-01,70.58,52.83,72.33,4.07,37.68,82.5,0.44,56.97,6,50000,70.31,1.6,41276,159.81,Medium,35.92
Dhanbad,Jharkhand,23.797348,86.338849,2025-08-20,33.93,13.52,17.52,3.28,15.59,141.68,0.25,78.21,4,970,27.72,0.86,329,0.78,Low,10.58
Hyderabad,Telangana,17.45853,78.542012,2024-01-22,49.57,24.91,33.73,2.64,28.83,58.33,0.17,79.67,2,4035,67.04,0.63,1160,0.97,Low,16.74
Coimbatore,Tamil Nadu,10.93611,77.030965,2023-09-08,130.95,64.47,79.54,1.85,49.38,106.25,4.8,73.63,4,1391,74.77,0.63,565,1.56,Low,32.65
Gwalior,Madhya Pradesh,26.190842,78.213466,2024-10-02,202.82,77.95,107.15,3.31,66.28,47.9,1.56,78.57,3,158,69.5,2.62,43,0.12,High,71.63
Raipur,Chhattisgarh,21.350756,81.557779,2024-08-23,33.61,25.46,28.17,1.25,17.35,139.41,2.04,60.89,6,3813,60.68,0.36,437,0.53,Low,5.13
Ahmedabad,Gujarat,23.049896,72.519705,2023-02-04,18.48,14.11,18.22,4.22,2.33,33.0,0.71,31.47,4,414,93.63,0.5,31,0.03,Low,28.64
Surat,Gujarat,21.269256,72.814472,2023-04-24,85.68,29.35,34.09,6.61,50.72,113.76,0.43,78.55,4,1381,28.84,1.11,251,0.73,Low,33.21
Hubli,Karnataka,15.270708,75.155631,2023-07-12,77.98,58.98,79.62,1.96,41.65,38.57,0.56,28.25,4,305,93.27,0.81,55,0.13,Low,33.04
Jabalpur,Madhya Pradesh,23.129793,79.965642,2025-02-10,60.48,40.31,44.6,4.06,19.91,108.75,5.28,64.57,1,1641,76.1,0.13,173,0.08,Low,15.15
Hubli,Karnataka,15.41657,75.197225,2025-07-31,137.99,95.58,137.65,7.35,35.76,443.03,2.02,76.14,2,546,85.01,0.6,219,0.19,Low,32.34
Raipur,Chhattisgarh,21.192562,81.538745,2023-10-06,79.25,61.14,89.63,8.82,43.58,138.69,0.49,47.56,3,972,44.0,0.85,457,0.68,Medium,45.4
Bareilly,Uttar Pradesh,28.350426,75.48592,2024-11-11,79.04,38.88,58.16,7.96,31.27,99.36,0.1,91.87,4,1893,89.98,1.72,1227,7.23,Medium,35.46
Ahmedabad,Gujarat,22.956614,72.556472,2024-04-09,278.88,91.5,128.08,6.25,70.9,167.38,0.3,46.92,6,8516,62.33,2.6,10324,127.17,High,71.38
Coimbatore,Tamil Nadu,11.065289,76.937611,2023-03-26,136.89,78.26,94.69,2.51,38.08,114.42,0.36,73.87,4,35975,58.86,0.8,12738,32.51,Medium,36.26
Coimbatore,Tamil Nadu,11.080302,76.965134,2025-09-11,59.95,30.5,38.04,2.43,22.44,15.29,1.74,52.59,1,2306,42.97,0.95,681,1.96,Low,31.78
Guwahati,Assam,26.125536,91.829521,2023-11-04,82.53,37.71,55.13,5.4,27.29,125.54,2.15,75.97,1,393,86.65,0.33,104,0.09,Low,28.82
Madurai,Tamil Nadu,9.917407,78.210726,2024-11-15,73.65,52.45,62.34,6.76,37.24,154.37,1.14,92.5,2,9686,79.16,0.57,1331,3.18,Low,25.7
Lucknow,Uttar Pradesh,26.914243,80.903057,2024-01-31,40.17,27.07,33.86,3.56,21.27,1.7,0.7,50.05,2,30131,76.59,0.41,7169,6.04,Low,24.22
Vasai,Maharashtra,19.486502,72.83855,2025-02-07,55.65,39.96,57.69,3.05,30.22,97.81,3.22,48.38,4,415,62.83,0.42,53,0.09,Low,25.39
Jaipur,Rajasthan,26.974049,75.796484,2024-10-03,62.39,32.43,47.25,1.94,31.36,112.13,3.14,17.53,2,1009,74.97,0.8,54,0.12,Low,20.17
Mumbai,Maharashtra,19.042882,72.903695,2024-06-01,81.53,24.69,35.75,4.03,26.34,179.4,0.96,59.86,5,8358,76.93,0.65,771,1.88,Low,27.85
Guwahati,Assam,26.169926,91.800915,2023-07-05,223.77,111.83,123.11,6.33,61.97,41.28,0.05,46.27,6,859,48.75,2.25,856,5.79,High,72.77
Howrah,West Bengal,22.522092,88.261406,2023-11-18,47.63,33.74,50.51,8.63,21.35,89.02,6.31,43.16,3,17195,64.6,0.52,1415,3.23,Low,20.34
Mumbai,Maharashtra,19.089534,72.793502,2024-03-19,158.26,52.78,64.25,0.94,61.7,209.68,2.62,88.26,2,840,71.27,1.4,295,0.57,Medium,41.94
Bhopal,Madhya Pradesh,23.307101,77.380069,2023-12-09,108.15,57.72,63.89,4.65,54.21,140.3,3.45,53.08,5,4325,77.07,1.86,2215,12.58,Medium,39.43
Pune,Maharashtra,18.507958,73.834733,2023-07-28,201.92,65.18,84.73,7.27,59.56,83.27,0.03,61.99,2,1727,72.63,3.61,2840,23.07,Critical,78.29
Chennai,Tamil Nadu,13.043169,80.335684,2024-01-12,50.03,17.96,23.77,5.17,39.39,40.48,2.25,78.37,2,496,61.69,0.83,49,0.07,Low,34.78
Surat,Gujarat,21.198137,72.913249,2024-10-24,99.69,75.59,111.88,4.38,37.67,23.66,0.08,51.71,5,1142,87.26,0.45,335,0.64,Low,31.04
Bangalore,Karnataka,12.926002,77.613351,2025-03-18,124.24,57.49,69.73,3.72,42.07,121.24,1.95,72.38,4,1589,62.25,2.35,610,2.02,Medium,40.29
Nashik,Maharashtra,19.970661,73.704397,2024-06-17,38.24,22.1,25.69,9.68,43.7,129.5,1.37,58.44,4,3475,62.02,0.76,527,0.8,Low,28.8
Kochi,Kerala,9.891588,76.262177,2025-03-04,24.74,18.72,25.42,2.5,28.5,76.52,3.9,89.92,4,18563,65.81,0.18,5679,3.59,Low,11.64
Varanasi,Uttar Pradesh,25.370281,82.943879,2023-04-04,51.15,19.67,29.15,4.18,20.69,123.33,3.67,75.51,4,50000,59.71,0.98,5291,15.33,Low,21.66
Amritsar,Punjab,31.729756,74.80187,2025-08-03,65.64,34.57,45.28,4.09,40.15,99.62,0.08,70.82,4,423,77.22,2.18,302,2.82,Medium,39.95
Kolkata,West Bengal,22.663497,88.435909,2025-07-10,202.85,160.45,234.23,1.82,48.46,110.33,0.52,89.74,1,211,70.53,3.01,200,2.73,High,55.95
Allahabad,Uttar Pradesh,25.341909,81.930468,2024-01-08,98.21,57.91,84.83,6.3,29.69,48.96,1.43,58.32,4,74,75.6,2.38,22,0.18,Medium,36.86
Meerut,Uttar Pradesh,29.07389,77.77184,2025-02-10,152.2,96.55,128.98,4.69,41.97,299.01,3.86,63.96,1,1675,65.81,0.99,730,1.23,Medium,45.76
Guwahati,Assam,26.068796,91.67003,2024-08-17,55.05,35.45,46.29,0.0,33.14,160.58,0.83,55.03,2,4478,69.9,0.13,775,0.49,Low,26.49
Srinagar,Jammu and Kashmir,34.126999,74.730399,2025-01-22,9.86,6.61,9.22,0.18,24.36,142.85,1.03,59.29,2,1739,50.46,0.6,313,0.3,Low,10.82
Vasai,Maharashtra,19.427994,72.757645,2024-03-21,116.06,54.33,78.73,5.2,49.32,25.0,0.23,41.52,2,87,90.7,3.12,46,0.28,High,55.52
Delhi,Delhi,28.744209,77.100612,2023-04-09,88.65,31.31,45.95,3.24,44.36,69.74,1.33,55.33,2,12781,65.88,0.29,4778,2.59,Low,28.33
Ranchi,Jharkhand,23.420127,85.214632,2025-05-09,97.99,46.63,67.92,4.4,46.56,139.2,0.11,71.32,2,338,72.58,2.2,134,0.4,Medium,35.77
Chandigarh,Chandigarh,30.725428,76.701565,2024-11-06,117.47,49.3,62.61,5.5,32.88,101.97,1.5,84.6,5,1468,81.93,1.31,546,0.98,Medium,39.13
Kanpur,Uttar Pradesh,26.432343,80.299258,2024-03-16,64.52,47.34,70.03,4.31,13.36,29.6,2.16,61.93,2,702,62.66,0.7,88,0.07,Low,28.8
Pune,Maharashtra,18.614267,73.910605,2023-08-18,31.29,18.52,25.99,5.43,26.63,223.89,0.13,48.77,0,5150,74.53,0.68,532,1.77,Low,13.56
Vijayawada,Andhra Pradesh,16.495334,80.575356,2024-06-10,193.27,131.78,180.11,6.18,65.33,84.87,1.93,70.27,1,87,98.77,3.47,62,0.63,High,57.04
Vijayawada,Andhra Pradesh,16.441315,80.636873,2025-09-23,131.24,49.86,70.62,3.42,52.71,144.88,2.56,84.13,3,227,73.82,0.6,69,0.16,Low,32.68
Chennai,Tamil Nadu,13.049237,80.20293,2024-06-06,25.97,8.21,11.17,7.38,15.29,181.98,1.6,88.01,3,1329,61.34,0.12,100,0.04,Low,21.91
Solapur,Maharashtra,17.632165,75.956533,2025-02-14,33.21,11.99,13.39,3.28,23.23,203.83,0.68,81.29,3,229,67.32,0.18,15,0.01,Low,13.38
Howrah,West Bengal,22.598419,88.178103,2023-08-20,156.29,110.21,164.98,2.39,64.27,47.44,1.07,68.28,5,214,35.63,1.64,119,0.4,Medium,52.88
Gwalior,Madhya Pradesh,26.151973,78.213642,2023-11-30,32.95,12.08,17.63,6.53,37.89,36.71,0.44,49.3,3,167,95.46,0.21,31,0.01,Low,21.68
Pune,Maharashtra,18.432349,73.811892,2023-12-15,34.35,25.44,32.32,8.8,21.56,142.46,0.29,81.8,3,265,87.45,0.11,10,0.0,Low,26.19
Faridabad,Haryana,28.486855,77.349621,2024-01-04,37.7,23.75,34.97,3.67,37.46,29.61,2.83,45.02,1,525,61.01,0.56,157,0.17,Low,9.75
Vijayawada,Andhra Pradesh,16.505551,80.562636,2023-07-04,156.73,53.7,77.65,5.61,57.17,102.08,3.38,22.3,5,50000,90.22,1.45,12428,40.48,Medium,44.47
Agra,Uttar Pradesh,27.147555,78.025173,2025-03-14,62.63,37.37,44.86,5.68,32.51,30.37,3.2,85.06,4,205,53.86,0.99,28,0.14,Low,33.89
Kochi,Kerala,9.850425,76.324276,2025-04-09,140.68,105.52,136.59,8.14,35.32,122.29,0.72,26.87,6,1576,83.07,1.45,722,2.66,Medium,46.67
Howrah,West Bengal,22.606682,88.185476,2025-06-19,75.22,47.89,61.97,5.68,48.07,38.81,3.01,73.92,3,280,73.09,1.07,62,0.33,Low,32.27
Delhi,Delhi,28.680527,77.064127,2025-08-12,115.33,35.1,47.76,4.25,34.89,90.39,0.52,87.31,1,914,51.09,1.68,413,1.65,Medium,44.31
Hyderabad,Telangana,17.399853,78.545546,2023-04-17,118.16,73.18,105.23,7.74,57.63,68.14,0.91,68.73,2,938,38.65,2.38,782,7.77,Medium,49.14
Guwahati,Assam,26.154267,91.683402,2024-07-16,51.64,29.84,34.14,4.2,32.35,104.94,1.81,44.29,6,497,42.18,0.93,58,0.1,Low,29.77
Guwahati,Assam,26.099266,91.788171,2024-10-06,72.79,31.33,46.65,3.49,55.86,25.98,2.09,80.62,0,347,74.82,0.25,58,0.02,Low,26.31
Faridabad,Haryana,28.446703,77.355615,2023-06-16,63.58,34.0,49.6,1.74,37.46,140.4,6.65,93.3,1,50000,88.58,1.14,11785,60.32,Low,14.2
Dhanbad,Jharkhand,23.756117,86.454622,2025-04-14,102.96,62.16,89.8,3.02,36.56,19.68,0.86,68.28,2,1118,89.0,0.89,720,0.68,Medium,39.3
Amritsar,Punjab,31.597214,74.925468,2024-12-28,112.33,74.77,102.0,6.34,42.38,58.81,1.74,40.21,4,10152,66.19,2.34,4969,14.2,Medium,48.87
Guwahati,Assam,26.093219,91.726693,2024-08-28,195.6,90.04,132.08,5.99,57.35,117.0,1.66,95.32,5,169,95.65,1.77,91,0.58,Medium,49.5
Varanasi,Uttar Pradesh,25.385789,83.057739,2024-05-18,20.03,9.15,10.54,0.0,13.55,26.69,3.28,63.0,7,785,53.88,0.13,160,0.03,Low,13.37
Mumbai,Maharashtra,19.108828,72.798464,2023-01-23,81.81,58.13,65.56,4.52,36.83,129.23,6.59,55.8,2,1501,79.19,0.94,275,1.23,Low,17.44
Kochi,Kerala,9.947119,76.189179,2024-10-01,63.15,27.87,33.16,6.4,10.37,118.29,4.89,57.25,0,241,64.7,0.33,85,0.13,Low,24.96
Chandigarh,Chandigarh,30.728691,76.741668,2024-04-24,125.39,72.33,79.77,5.14,59.61,246.69,0.29,36.07,1,836,97.01,1.4,386,0.94,Medium,44.39
Bareilly,Uttar Pradesh,28.377903,75.452386,2023-12-15,114.04,75.46,90.01,3.02,53.37,44.64,1.87,56.87,1,285,85.88,1.33,81,0.17,Medium,45.48
Madurai,Tamil Nadu,9.862129,78.181157,2023-02-05,96.25,69.54,89.45,1.54,50.53,40.17,5.87,64.54,3,2366,78.62,0.71,554,1.88,Low,28.38
Nagpur,Maharashtra,21.164898,79.058671,2024-06-11,61.78,22.7,32.11,3.85,28.32,91.55,3.3,69.95,6,12704,68.73,1.19,4217,24.46,Low,16.31
Gwalior,Madhya Pradesh,26.247215,78.0904,2023-11-20,151.34,55.21,74.6,1.22,15.99,111.64,1.55,66.39,1,10350,83.54,1.95,2668,11.29,Medium,41.1
Visakhapatnam,Andhra Pradesh,17.621046,83.240194,2024-07-24,184.26,121.93,160.83,9.25,48.7,42.29,0.54,79.83,5,175,75.91,2.53,53,0.41,High,71.32
Thiruvananthapuram,Kerala,8.597857,76.994846,2023-10-19,81.52,43.47,52.4,4.43,40.12,113.16,4.53,80.61,5,1511,80.48,0.8,150,0.49,Low,20.71
Raipur,Chhattisgarh,21.270149,81.727521,2024-07-25,70.94,52.1,71.0,4.46,24.0,87.95,1.54,59.29,7,11,94.03,0.22,1,0.0,Low,31.33
Ahmedabad,Gujarat,23.022275,72.629012,2025-03-28,17.0,6.38,7.38,5.51,11.51,81.83,0.63,46.47,2,65,75.4,0.81,4,0.0,Low,22.68
Howrah,West Bengal,22.50277,88.355795,2023-09-08,43.0,30.71,36.84,0.0,32.86,150.6,3.59,52.65,2,37,97.57,0.72,6,0.01,Low,3.55
Chandigarh,Chandigarh,30.802574,76.741976,2024-01-29,74.11,25.47,29.67,5.55,50.61,6.04,1.7,81.71,5,942,77.41,1.32,154,0.29,Medium,36.39
Guwahati,Assam,26.101817,91.818557,2024-12-30,100.26,41.4,46.49,4.88,48.3,85.72,0.23,20.72,2,3634,84.12,1.25,2763,16.73,Medium,48.5
Nagpur,Maharashtra,21.129566,79.140426,2023-11-14,50.24,36.54,46.98,1.59,37.49,131.56,0.54,71.28,5,975,92.26,0.65,75,0.14,Low,20.91
Bhopal,Madhya Pradesh,23.162716,77.337861,2023-06-24,114.15,86.0,104.41,4.13,50.71,34.2,2.03,83.6,2,281,74.12,1.56,119,0.59,Medium,48.52
Nashik,Maharashtra,20.022058,73.809438,2025-08-10,8.45,6.55,7.91,3.3,21.06,22.49,1.95,42.14,2,2579,85.36,1.14,305,0.39,Low,12.06
Patna,Bihar,25.550332,85.130019,2024-03-16,50.47,36.73,42.93,2.36,31.51,259.98,1.2,41.44,3,2293,25.73,0.53,337,0.24,Low,13.55
Jodhpur,Rajasthan,26.247436,73.003936,2025-06-05,76.36,32.87,47.91,6.77,43.54,116.12,5.89,18.08,3,160,86.86,0.92,29,0.08,Low,26.89
Faridabad,Haryana,28.425223,77.263024,2025-06-17,62.1,46.86,62.19,3.07,37.1,107.0,8.48,43.39,1,11231,91.87,0.93,1667,5.11,Low,14.1
Bangalore,Karnataka,12.952832,77.618642,2023-05-09,165.17,116.96,137.33,6.3,54.71,185.21,1.07,61.07,1,6330,48.53,2.29,5009,36.01,High,55.37
Ahmedabad,Gujarat,23.04504,72.482995,2024-05-17,235.52,83.81,123.92,5.12,76.77,41.07,2.3,68.52,3,6526,68.03,2.83,3631,50.06,High,72.73
Hyderabad,Telangana,17.472967,78.483522,2024-08-23,22.07,14.97,19.44,8.15,30.16,65.76,2.36,37.54,3,18724,90.6,0.16,3646,1.6,Low,19.86
Jabalpur,Madhya Pradesh,23.253936,79.994739,2024-03-31,53.23,30.74,34.41,2.94,38.19,114.04,4.7,37.48,5,1268,98.06,0.17,273,0.14,Low,9.37
Amritsar,Punjab,31.565464,74.93185,2025-07-10,106.73,51.51,74.99,3.25,22.3,69.76,2.43,72.38,1,541,59.62,0.76,37,0.07,Low,31.0
Vadodara,Gujarat,22.258753,73.159964,2025-06-22,28.47,13.63,15.77,3.55,27.16,164.64,1.3,84.1,7,679,60.87,1.18,75,0.19,Low,10.94
Dhanbad,Jharkhand,23.782718,86.397891,2025-04-03,53.78,31.14,39.71,2.53,55.0,147.96,0.71,81.42,0,167,62.19,0.98,26,0.09,Low,28.97
Mumbai,Maharashtra,19.140468,72.809651,2024-08-03,96.79,37.18,43.19,8.36,49.86,16.29,0.45,92.13,1,3163,99.75,2.2,1345,6.94,Medium,51.92
Kochi,Kerala,9.915599,76.354131,2025-05-15,45.96,21.74,30.13,3.79,35.24,100.93,1.07,69.86,1,2627,95.85,0.7,732,2.23,Low,11.4
Nashik,Maharashtra,19.932457,73.780895,2024-10-07,99.74,60.05,82.52,4.43,43.38,99.05,1.25,44.56,3,25032,69.78,0.55,7785,16.63,Low,30.89
Surat,Gujarat,21.260791,72.906425,2023-08-26,60.07,44.61,63.09,6.71,20.43,113.69,0.67,40.63,3,16821,90.91,0.25,3786,1.09,Low,28.74
Visakhapatnam,Andhra Pradesh,17.745744,83.150063,2024-09-03,63.8,40.41,50.67,1.61,38.13,55.65,7.9,45.6,3,80,46.89,0.68,3,0.01,Low,20.78
Madurai,Tamil Nadu,9.83776,78.187488,2025-01-03,219.2,70.55,83.48,1.95,69.22,46.6,0.17,91.1,4,1273,66.24,2.96,578,3.66,High,73.33
Jodhpur,Rajasthan,26.143995,73.060381,2024-04-16,145.72,112.44,146.92,5.95,51.65,23.36,1.67,24.72,0,775,79.9,2.37,119,0.67,Medium,46.2
Chennai,Tamil Nadu,13.148804,80.273595,2025-09-23,94.5,47.82,64.33,7.82,61.24,187.03,1.85,76.2,1,48,67.41,2.32,11,0.09,Medium,43.97
Madurai,Tamil Nadu,9.957143,78.115459,2025-04-28,22.78,15.41,18.75,3.49,26.41,83.65,0.14,86.28,3,972,68.05,0.82,204,0.2,Low,20.29
Jodhpur,Rajasthan,26.166374,73.059236,2025-05-09,48.3,27.42,38.36,0.48,49.41,44.64,2.53,76.08,4,163,68.4,1.18,27,0.05,Low,16.11
Delhi,Delhi,28.630157,77.185763,2025-04-04,72.03,53.87,61.52,3.96,34.54,76.92,6.22,17.01,6,260,93.51,0.45,66,0.09,Low,17.32
Jodhpur,Rajasthan,26.247337,72.976422,2023-06-06,49.74,31.25,43.74,2.18,25.36,76.03,1.55,19.23,4,8865,64.17,0.63,2404,3.95,Low,17.22
Vijayawada,Andhra Pradesh,16.520153,80.620019,2024-12-23,28.81,16.64,24.51,7.6,11.78,63.7,0.16,78.6,4,18662,57.73,0.44,3248,7.0,Low,29.32
Kanpur,Uttar Pradesh,26.390743,80.251747,2024-09-08,37.7,25.24,37.76,4.36,43.7,44.79,1.34,94.77,4,75,65.85,0.89,10,0.03,Low,28.38
Patna,Bihar,25.670138,85.047037,2024-12-27,44.13,31.55,39.45,11.57,15.67,73.24,0.86,81.75,4,12978,81.94,1.45,12172,63.38,Medium,36.55
Guwahati,Assam,26.083316,91.804442,2024-08-15,170.07,92.39,120.06,3.95,54.89,262.04,4.36,79.71,1,374,45.03,1.33,112,0.54,Medium,36.16
Ahmedabad,Gujarat,23.021731,72.625092,2023-06-17,43.49,27.82,33.52,7.38,17.28,51.39,0.06,57.74,6,40309,21.3,0.6,9737,7.47,Low,24.11
Patna,Bihar,25.571183,85.203524,2023-07-05,68.78,23.24,26.67,1.77,29.95,36.6,1.75,77.44,4,646,46.26,0.17,85,0.02,Low,31.15
Pune,Maharashtra,18.486122,73.946798,2023-04-07,87.21,54.92,73.9,4.52,28.17,18.01,2.65,54.59,2,50000,58.61,0.29,9196,7.18,Low,30.31
Solapur,Maharashtra,17.610616,75.857638,2025-08-12,99.02,43.52,60.69,0.99,34.77,34.25,1.15,24.96,2,1465,66.18,0.68,206,0.61,Low,29.81
Amritsar,Punjab,31.657391,74.850219,2024-06-16,193.51,63.88,79.37,4.58,56.57,58.65,0.34,70.76,3,272,47.29,2.72,153,0.93,High,55.0
Kanpur,Uttar Pradesh,26.452212,80.396405,2023-11-12,122.29,75.36,111.27,7.26,50.17,216.73,5.46,48.43,7,37631,85.69,2.32,18589,178.97,Medium,36.02
Visakhapatnam,Andhra Pradesh,17.6484,83.296159,2023-03-10,327.89,204.64,299.87,3.45,74.04,75.81,0.51,77.87,3,29,63.87,3.8,33,0.35,High,66.48
Kota,Rajasthan,25.297045,75.900807,2023-08-20,55.29,40.69,47.38,4.11,21.96,84.43,0.77,59.18,1,25742,69.54,0.27,3454,1.99,Low,30.54
Coimbatore,Tamil Nadu,10.980481,77.04508,2023-01-18,72.14,49.82,58.02,7.47,40.77,159.6,0.14,54.22,5,20488,31.24,1.28,3577,18.67,Medium,39.12
Indore,Madhya Pradesh,22.626955,75.951003,2023-08-07,186.34,122.77,136.05,9.73,52.88,45.23,1.82,46.25,4,19462,30.13,3.66,7991,87.39,High,63.06
Ranchi,Jharkhand,23.321677,85.281799,2024-10-04,27.22,12.14,17.85,5.92,16.67,157.76,1.33,76.91,2,10505,60.09,0.44,2780,4.45,Low,21.33
Jabalpur,Madhya Pradesh,23.114086,80.002751,2023-06-20,64.85,26.59,29.34,1.45,26.95,32.58,0.53,62.37,2,309,92.38,0.23,31,0.03,Low,31.81
Faridabad,Haryana,28.468949,77.265685,2025-05-20,46.31,14.49,18.59,8.79,31.14,74.39,0.42,93.35,3,50000,44.66,1.19,19640,69.99,Low,27.26
Faridabad,Haryana,28.400912,77.368722,2024-09-29,35.7,19.43,27.31,3.09,21.91,248.05,5.07,69.91,4,891,44.88,0.49,156,0.18,Low,3.66
Kolkata,West Bengal,22.57702,88.446691,2023-03-22,143.81,82.11,111.7,2.76,45.24,27.3,2.15,51.72,4,2906,85.98,1.97,1306,12.26,Medium,39.14
Kochi,Kerala,9.982341,76.234235,2025-03-23,49.68,37.53,53.12,7.46,20.12,154.24,1.51,65.61,3,11081,75.34,1.04,2410,7.14,Low,26.42
Howrah,West Bengal,22.623558,88.282098,2023-09-24,192.57,126.78,175.35,3.92,53.05,107.68,1.33,42.87,2,6780,66.75,1.84,3148,27.58,Medium,46.97
Thiruvananthapuram,Kerala,8.53464,76.95111,2024-07-01,64.55,20.87,29.18,2.42,42.65,32.69,0.57,43.42,0,729,58.28,0.13,75,0.03,Low,31.25
Agra,Uttar Pradesh,27.114938,77.952237,2025-03-23,80.97,34.98,45.37,6.21,48.91,65.22,3.46,76.79,2,117,53.27,1.71,24,0.14,Medium,35.34
Patna,Bihar,25.658353,85.14804,2023-06-28,52.29,40.46,48.24,4.56,32.53,53.3,2.14,63.94,0,22823,85.42,1.05,3458,6.67,Low,26.55
Aurangabad,Maharashtra,19.859053,75.30933,2024-04-30,81.11,63.02,69.95,5.11,35.37,181.54,0.1,62.95,3,181,65.08,0.71,11,0.03,Low,34.22
Vijayawada,Andhra Pradesh,16.562556,80.725133,2024-08-15,21.3,8.86,11.73,1.3,32.21,42.24,0.03,22.13,4,1150,78.14,0.36,298,0.23,Low,18.57
Nagpur,Maharashtra,21.198607,79.180466,2025-01-09,114.81,79.27,91.47,5.06,23.05,47.62,0.53,43.95,4,1566,78.27,1.83,813,7.21,Medium,44.06
Surat,Gujarat,21.105453,72.913467,2025-01-15,113.2,75.52,92.19,3.26,53.86,137.52,0.62,42.52,1,1631,81.31,1.53,504,0.86,Medium,40.84
Bhopal,Madhya Pradesh,23.167215,77.501145,2024-09-25,60.33,29.82,44.27,12.53,30.29,89.81,1.35,89.07,2,945,75.49,1.12,486,1.04,Medium,46.71
Delhi,Delhi,28.651021,77.063909,2023-12-23,172.46,64.89,95.11,5.11,57.88,80.15,0.03,97.42,4,564,81.06,2.28,149,0.73,Medium,54.33
Kalyan,Maharashtra,19.18388,73.19874,2024-06-16,141.77,65.4,72.98,2.21,34.72,32.27,0.64,75.81,6,1914,84.8,2.45,827,9.11,Medium,39.24
Guwahati,Assam,26.168191,91.731728,2024-10-31,124.42,61.74,81.91,15.08,38.51,116.41,0.4,78.23,4,822,55.91,1.06,273,1.28,Medium,54.5
Faridabad,Haryana,28.395783,77.32229,2025-06-07,132.61,57.69,74.6,1.26,46.63,172.85,0.02,93.72,6,484,73.96,2.44,266,2.89,Medium,43.58
Delhi,Delhi,28.743392,77.098913,2023-06-02,74.24,54.07,65.5,4.8,35.03,16.35,6.04,63.81,2,242,43.08,1.01,32,0.14,Low,23.04
Ahmedabad,Gujarat,23.085805,72.553919,2025-07-29,43.91,20.91,29.13,4.38,24.94,26.29,0.29,74.65,0,6781,70.85,0.44,343,0.22,Low,24.46
Dhanbad,Jharkhand,23.738592,86.457116,2025-05-11,47.19,28.93,39.0,10.57,7.44,40.29,7.15,32.93,4,279,95.13,0.11,21,0.01,Low,27.87
Dhanbad,Jharkhand,23.862449,86.504458,2023-01-10,157.69,54.2,70.74,10.66,50.73,160.44,2.2,73.56,5,33348,58.58,3.08,30368,411.12,High,57.44
Ranchi,Jharkhand,23.440147,85.394303,2025-09-22,23.0,12.1,17.79,2.56,18.58,71.1,3.44,42.98,0,1404,69.89,0.94,175,0.49,Low,13.54
Guwahati,Assam,26.063464,91.661472,2024-10-08,34.34,17.16,19.73,5.83,35.08,83.81,0.22,89.18,5,3688,91.01,0.26,591,0.44,Low,25.86
Kolkata,West Bengal,22.517167,88.276679,2024-02-05,43.54,21.52,25.18,1.24,35.45,46.68,0.42,86.79,3,14,63.68,1.15,1,0.0,Low,21.24
Bangalore,Karnataka,13.064643,77.561323,2023-09-24,52.86,17.66,24.33,1.26,21.67,138.29,2.73,34.78,2,4859,84.56,1.07,2167,2.57,Low,21.0
Surat,Gujarat,21.141733,72.753562,2023-07-22,14.74,5.71,8.5,2.96,27.58,95.6,0.2,64.35,5,6236,78.57,0.59,2799,8.14,Low,12.4
Guwahati,Assam,26.076604,91.733041,2023-08-02,73.38,54.68,61.22,7.34,27.6,106.83,1.05,58.08,2,2591,91.57,0.12,230,0.13,Low,34.56
Thiruvananthapuram,Kerala,8.611661,76.999691,2023-05-30,81.52,62.95,84.08,1.32,35.83,68.2,6.83,70.48,3,463,59.42,0.18,65,0.06,Low,17.23
Pune,Maharashtra,18.487054,73.885096,2025-05-14,62.65,18.9,28.05,3.13,15.42,104.9,1.96,69.61,1,117,74.63,0.71,20,0.07,Low,25.96
Vadodara,Gujarat,22.316074,73.09614,2025-01-13,58.77,29.25,42.52,6.48,21.84,76.72,1.53,24.27,0,1518,44.05,0.24,154,0.14,Low,29.25
Jaipur,Rajasthan,26.948519,75.822925,2025-05-08,105.07,64.68,91.44,2.3,39.62,45.18,1.57,65.85,0,50000,59.92,1.86,11492,84.37,Medium,37.46
Hyderabad,Telangana,17.375354,78.489443,2023-03-09,74.82,31.13,38.11,3.46,15.37,65.81,1.83,44.1,4,123,80.04,1.07,43,0.21,Low,27.01
Aurangabad,Maharashtra,19.820611,75.442435,2024-11-03,91.22,35.1,49.33,4.0,50.25,56.54,1.18,95.26,3,31530,70.72,0.77,8638,7.16,Low,27.1
Vasai,Maharashtra,19.532441,72.893368,2024-05-19,47.96,38.24,53.85,3.96,14.93,84.7,0.67,84.55,2,6234,64.7,0.78,1432,5.11,Low,15.52
Gwalior,Madhya Pradesh,26.177681,78.137628,2023-08-05,144.17,78.67,106.61,6.07,63.6,39.45,0.24,71.37,3,648,82.64,2.41,241,2.69,Medium,51.72
Kochi,Kerala,9.839052,76.3043,2024-05-19,91.91,72.32,82.19,4.16,36.15,42.84,4.66,51.86,4,50000,95.86,1.16,5957,33.19,Low,27.01
Bangalore,Karnataka,12.877532,77.541763,2025-09-11,36.81,16.63,23.33,2.15,30.33,132.19,3.31,60.29,3,50000,75.76,0.9,19624,39.34,Low,9.05
Mumbai,Maharashtra,19.174528,72.905151,2023-09-13,74.93,34.06,40.82,12.22,33.12,100.91,2.06,19.05,1,120,56.06,1.53,52,0.13,Medium,38.82
Mumbai,Maharashtra,19.090092,72.96422,2023-12-08,95.27,30.83,38.25,4.87,31.5,47.27,1.2,75.54,6,5664,26.61,0.66,657,2.09,Low,33.72
Dhanbad,Jharkhand,23.857665,86.342467,2025-04-17,116.76,55.33,61.57,3.16,49.64,92.44,1.14,31.94,0,458,73.21,2.21,358,1.4,Medium,40.77
Faridabad,Haryana,28.498603,77.389134,2023-01-23,83.14,51.58,58.6,4.44,47.65,46.09,4.29,48.04,5,826,34.81,0.63,146,0.13,Low,33.62
Lucknow,Uttar Pradesh,26.851467,80.878605,2023-12-14,66.96,48.44,53.52,9.18,37.67,236.05,0.81,63.24,1,154,64.79,0.11,36,0.02,Low,27.28
Bhopal,Madhya Pradesh,23.270474,77.49917,2024-11-06,73.22,46.34,66.43,2.29,27.13,50.54,0.09,36.24,1,72,74.86,0.78,3,0.0,Low,31.57
Kochi,Kerala,9.902465,76.210771,2024-07-31,24.56,15.9,17.98,7.17,41.28,63.99,0.57,51.2,2,579,87.07,2.22,417,1.1,Medium,37.5
Bangalore,Karnataka,13.037328,77.62619,2024-02-08,111.64,82.7,115.14,6.14,45.65,96.58,5.58,25.89,3,898,20.37,2.31,552,3.24,Medium,42.52
Chandigarh,Chandigarh,30.663454,76.747567,2023-09-09,75.88,24.23,27.78,7.36,27.53,112.38,0.82,91.97,2,378,66.82,2.15,111,0.49,Medium,40.05
Vasai,Maharashtra,19.445434,72.794173,2024-09-08,82.34,49.4,65.55,3.98,41.41,61.83,2.4,87.8,2,583,79.41,0.27,76,0.07,Low,22.76
Gwalior,Madhya Pradesh,26.287842,78.125643,2024-07-16,46.33,34.44,40.17,7.84,20.09,201.08,1.78,70.77,7,2967,91.48,0.65,498,1.6,Low,15.2
Chennai,Tamil Nadu,12.983206,80.206807,2024-12-13,38.75,19.73,22.99,9.96,33.73,86.47,1.23,41.79,2,61,90.97,0.96,10,0.03,Low,24.2
Guwahati,Assam,26.186526,91.683879,2023-01-05,31.07,18.17,22.67,1.4,28.12,33.41,0.0,49.69,2,556,32.84,1.03,42,0.13,Low,17.28
Indore,Madhya Pradesh,22.790648,75.781582,2024-02-13,147.16,78.17,115.82,2.44,37.81,44.45,0.54,35.99,2,5168,39.31,1.29,4447,8.73,Medium,37.15
Guwahati,Assam,26.112012,91.653854,2024-09-13,82.69,45.37,57.35,2.28,44.38,474.56,0.4,79.48,6,48,61.85,0.13,17,0.01,Low,20.43
Coimbatore,Tamil Nadu,10.938043,77.054608,2023-12-11,20.49,16.37,22.56,6.0,22.3,181.66,0.03,94.55,1,50000,79.41,0.41,4803,4.03,Low,24.5
Kanpur,Uttar Pradesh,26.364961,80.245911,2024-11-18,67.5,31.52,36.18,2.96,42.57,110.35,8.21,23.02,1,211,67.86,0.98,24,0.04,Low,15.6
Kanpur,Uttar Pradesh,26.449147,80.271666,2023-08-28,268.63,159.82,223.53,12.64,74.84,62.89,0.95,85.34,2,23,73.3,5.44,8,0.06,Critical,84.32
Meerut,Uttar Pradesh,28.970982,77.791596,2025-04-20,192.49,103.64,115.3,3.11,47.74,74.7,1.78,73.22,1,8653,61.52,1.02,1762,3.8,Medium,46.87
Kanpur,Uttar Pradesh,26.451989,80.408129,2024-03-30,57.81,17.94,20.64,1.29,47.81,110.6,0.18,61.05,4,103,86.34,0.68,8,0.02,Low,31.0
Vijayawada,Andhra Pradesh,16.458252,80.565442,2024-09-02,73.93,58.92,74.54,3.77,56.5,87.85,2.03,78.57,3,2536,78.0,1.14,505,2.39,Low,22.99
Howrah,West Bengal,22.600644,88.285716,2023-03-16,49.83,33.13,46.51,9.41,16.64,34.79,1.6,87.37,7,1534,61.5,0.61,591,1.36,Low,27.2
Bangalore,Karnataka,12.886018,77.541541,2025-06-16,82.46,29.0,38.55,6.32,28.25,54.98,1.23,43.07,5,1171,79.96,0.97,87,0.4,Low,30.98
Guwahati,Assam,26.066248,91.700524,2023-07-25,89.26,69.34,84.43,2.93,53.96,36.05,4.52,40.25,3,3362,77.12,0.15,395,0.15,Low,22.95
Solapur,Maharashtra,17.670682,75.875356,2024-03-16,65.24,25.3,36.48,7.56,38.06,70.3,1.3,51.5,1,2737,83.16,1.14,1806,10.25,Medium,38.06
Jabalpur,Madhya Pradesh,23.253973,79.893741,2024-10-28,96.47,74.76,83.85,1.92,53.18,91.73,0.31,45.41,1,232,39.29,0.36,20,0.02,Low,34.6
Patna,Bihar,25.664945,85.217569,2023-12-04,46.28,27.6,30.8,3.46,41.02,14.23,1.18,85.54,5,63,54.99,0.71,16,0.03,Low,21.61
Nashik,Maharashtra,19.978192,73.828705,2024-05-23,14.14,10.28,11.48,3.92,5.55,79.33,1.66,37.23,3,45,79.37,0.78,2,0.0,Low,11.36
Agra,Uttar Pradesh,27.079617,78.042166,2024-06-21,109.95,50.9,65.22,1.66,49.12,147.64,2.55,64.95,3,9617,87.33,2.37,6761,67.34,Medium,37.83
Indore,Madhya Pradesh,22.79454,75.869474,2024-09-08,67.74,45.99,58.05,5.61,26.98,29.13,0.58,40.3,1,6344,37.37,0.91,1636,5.02,Low,32.25
Meerut,Uttar Pradesh,28.924099,77.720396,2023-06-10,102.81,51.28,67.51,1.87,23.62,117.51,3.18,50.36,1,7119,68.7,0.34,711,0.36,Low,28.4
Bangalore,Karnataka,12.912169,77.692903,2023-04-05,90.99,67.3,88.99,1.12,29.23,38.75,0.99,31.81,2,4004,85.22,0.15,514,0.12,Low,27.77
Rajkot,Gujarat,22.35691,70.732489,2024-12-10,18.6,6.27,9.0,2.95,13.58,209.98,2.68,50.01,3,1060,80.59,0.28,117,0.16,Low,7.85
Surat,Gujarat,21.259905,72.802161,2024-09-24,169.04,129.5,151.22,5.32,40.21,112.06,4.35,31.54,3,2423,78.62,1.07,806,3.74,Medium,45.15
Rajkot,Gujarat,22.288637,70.772672,2025-01-20,29.01,16.14,17.8,3.12,34.56,47.07,7.3,93.47,1,12289,88.31,0.11,1482,0.37,Low,8.8
Solapur,Maharashtra,17.583167,75.916577,2024-02-22,35.05,16.23,20.86,2.49,33.93,135.98,0.63,57.2,3,2172,72.23,0.4,727,1.34,Low,13.5
Dhanbad,Jharkhand,23.882917,86.480262,2025-07-15,204.7,72.72,96.02,5.69,63.01,93.67,5.41,58.85,6,2211,63.57,2.74,1177,13.48,High,63.55
Varanasi,Uttar Pradesh,25.417352,83.053756,2023-03-17,89.95,47.81,55.37,5.47,41.01,70.84,0.22,30.59,4,4350,44.64,1.43,2211,13.73,Medium,40.1
Rajkot,Gujarat,22.336432,70.716969,2023-05-19,53.01,41.71,62.08,1.18,23.49,19.38,1.68,40.35,3,29,69.48,1.03,1,0.0,Low,31.81
Vasai,Maharashtra,19.52879,72.768469,2023-11-27,56.06,41.95,46.59,10.48,35.26,29.83,1.23,62.08,2,4598,68.46,2.17,1534,13.91,Medium,42.54
Aurangabad,Maharashtra,19.869641,75.363113,2025-05-17,118.82,80.05,107.46,6.94,30.48,64.85,0.46,51.1,2,2,79.71,2.36,0,0.0,Medium,43.03
Pune,Maharashtra,18.478609,73.910073,2024-06-10,74.07,46.12,54.36,2.67,30.92,165.15,0.98,47.23,2,3594,45.34,0.68,572,1.18,Low,20.29
Patna,Bihar,25.62564,85.100806,2025-05-04,91.96,35.29,42.38,1.81,33.68,85.21,0.48,74.38,3,1507,87.23,0.13,157,0.08,Low,23.89
Kochi,Kerala,9.964779,76.316429,2023-01-05,58.54,32.21,47.73,2.9,25.85,38.6,4.58,55.12,6,6394,89.37,0.55,550,1.1,Low,20.78
Meerut,Uttar Pradesh,29.026343,77.6556,2024-10-31,66.79,44.51,62.94,4.02,34.77,142.78,3.37,55.26,10,196,62.78,1.03,35,0.04,Low,26.17
Kota,Rajasthan,25.254976,75.782633,2025-01-24,53.24,33.42,40.31,1.64,32.35,41.67,0.26,69.59,1,590,87.73,1.11,48,0.2,Low,25.77
Visakhapatnam,Andhra Pradesh,17.632532,83.194208,2025-02-02,79.05,33.15,45.47,5.28,33.38,44.05,6.22,24.47,0,23670,72.68,0.9,5776,6.58,Low,27.08
Nashik,Maharashtra,20.080875,73.819341,2023-10-16,122.58,79.68,96.92,5.3,35.57,179.25,2.63,58.29,2,127,52.88,0.73,34,0.11,Low,33.79
Kanpur,Uttar Pradesh,26.432312,80.273297,2024-02-18,101.63,41.55,53.58,10.81,39.25,124.34,4.72,44.75,8,4010,20.26,1.95,1785,11.95,Medium,44.71
Surat,Gujarat,21.092933,72.895482,2025-09-05,136.0,72.66,94.39,4.27,55.77,64.1,0.3,29.62,4,325,80.74,1.31,83,0.27,Medium,45.74
Agra,Uttar Pradesh,27.25641,77.964079,2023-12-24,158.85,124.01,172.73,5.0,34.29,189.3,1.4,88.2,2,1098,56.18,1.84,549,4.31,Medium,45.31
Amritsar,Punjab,31.668055,74.920132,2024-10-02,108.33,57.44,71.34,5.5,55.31,57.12,0.58,77.82,6,751,61.81,1.53,442,3.1,Medium,51.16
Jodhpur,Rajasthan,26.224801,72.971806,2024-01-14,29.02,16.28,23.8,6.96,26.99,10.02,0.12,39.53,3,1234,48.94,0.62,261,0.4,Low,25.84
Vasai,Maharashtra,19.41841,72.765309,2024-05-09,34.33,27.41,33.25,3.08,36.04,69.23,1.64,60.41,2,36890,87.18,0.84,6484,21.57,Low,12.94
Kota,Rajasthan,25.286954,75.910687,2025-06-14,169.81,59.11,66.12,2.26,45.53,96.06,1.97,85.08,3,176,77.94,1.37,91,0.59,Medium,48.81
Vadodara,Gujarat,22.234343,73.161087,2024-05-16,75.11,58.84,81.16,9.98,50.27,58.73,1.69,60.79,4,68,72.95,1.57,53,0.4,Medium,43.07
Vasai,Maharashtra,19.519448,72.763269,2024-03-28,67.69,51.02,76.43,7.5,35.75,65.1,0.0,98.36,4,38,93.47,2.48,6,0.03,Medium,43.44
Nashik,Maharashtra,19.969347,73.751614,2023-05-12,62.98,39.13,51.06,1.12,31.5,92.57,0.23,74.4,2,25092,42.57,0.6,5197,14.45,Low,24.54
Chandigarh,Chandigarh,30.652409,76.794673,2025-09-17,98.78,70.64,84.86,6.5,29.4,38.6,2.52,53.14,6,1632,66.71,0.55,200,0.48,Low,30.64
Kolkata,West Bengal,22.600462,88.318446,2024-03-16,115.37,72.63,108.59,5.97,41.23,123.51,0.73,62.2,7,3226,58.53,1.59,3157,11.65,Medium,40.31
Mumbai,Maharashtra,19.036503,72.963965,2024-06-26,113.3,37.61,45.72,4.49,33.7,196.99,1.27,62.55,4,14048,77.77,1.2,8799,41.86,Medium,40.89
Surat,Gujarat,21.213862,72.776659,2023-01-27,64.06,23.24,28.15,5.84,39.76,72.37,6.7,47.02,1,244,78.04,0.36,14,0.02,Low,24.88
Surat,Gujarat,21.220252,72.912553,2023-11-13,144.49,51.48,57.05,11.42,43.68,107.38,0.39,66.46,3,26040,91.63,2.69,8625,30.24,High,61.13
Kochi,Kerala,9.901608,76.237891,2025-04-08,206.41,69.06,93.59,7.06,71.36,8.23,0.55,10.66,6,3000,57.77,4.32,5050,52.37,Critical,83.4
Ranchi,Jharkhand,23.39906,85.368886,2024-11-03,31.33,16.5,21.31,1.05,12.95,128.57,0.15,21.15,5,15278,66.57,0.67,3785,6.67,Low,15.66
Delhi,Delhi,28.719029,77.102075,2025-08-11,20.3,8.92,12.66,6.02,23.62,27.07,2.06,57.48,4,40451,46.1,0.17,15833,8.73,Low,20.11
Agra,Uttar Pradesh,27.169127,78.023908,2023-07-22,145.4,84.78,127.03,3.34,39.66,32.89,0.3,38.99,4,5996,57.66,1.52,1069,6.25,Medium,37.17
Allahabad,Uttar Pradesh,25.404008,81.777163,2025-09-22,70.59,24.92,28.8,1.98,24.48,192.96,0.79,78.27,4,9664,18.39,0.29,3894,2.73,Low,24.27
Jaipur,Rajasthan,26.856861,75.724426,2023-06-07,60.18,29.83,44.49,2.91,43.6,20.12,0.06,80.8,3,349,91.69,2.16,202,1.75,Medium,39.65
Kalyan,Maharashtra,19.331445,73.154465,2024-10-13,154.2,106.25,122.97,8.42,39.43,75.03,6.89,62.94,2,50000,88.31,2.07,25603,86.22,Medium,48.27
Chennai,Tamil Nadu,13.099212,80.175413,2023-02-07,151.14,66.13,85.63,3.3,67.63,94.37,1.13,78.51,2,1020,80.26,2.34,707,5.18,Medium,50.07
Ahmedabad,Gujarat,22.960535,72.574193,2025-02-12,159.8,74.66,94.48,8.72,58.18,53.19,0.49,82.88,3,2544,52.25,3.92,1321,11.21,High,64.35
Rajkot,Gujarat,22.223223,70.855879,2024-09-06,97.35,69.59,87.74,4.81,46.04,42.74,1.48,91.84,2,111,77.84,0.79,15,0.03,Low,34.22
Dhanbad,Jharkhand,23.709472,86.369021,2023-08-11,83.71,45.18,58.95,2.95,33.56,146.27,0.67,41.33,7,11437,53.65,0.93,3398,4.19,Low,25.92
Delhi,Delhi,28.638781,77.138381,2024-05-02,8.82,5.25,6.57,4.22,40.05,132.22,0.54,93.05,2,1212,81.92,1.11,120,0.28,Low,22.74
Patna,Bihar,25.530108,85.123457,2023-04-29,137.05,72.12,93.58,3.48,44.65,4.12,1.17,82.95,2,4322,70.96,1.87,3359,7.03,Medium,38.73
Chennai,Tamil Nadu,13.155697,80.252024,2025-01-01,63.23,27.42,38.72,5.55,31.25,12.82,0.39,44.71,4,2418,84.87,2.42,1133,12.66,Medium,38.43
Kochi,Kerala,9.961107,76.331379,2024-05-23,61.63,33.19,39.96,8.11,31.76,61.16,0.87,91.42,4,39199,69.87,2.23,28323,210.56,Medium,37.76
Howrah,West Bengal,22.62298,88.324811,2025-05-26,126.93,50.67,73.7,9.03,40.28,55.44,0.96,51.64,3,1825,36.28,2.32,406,4.39,High,58.34
Hubli,Karnataka,15.351766,75.035432,2023-03-10,74.98,42.53,47.68,4.37,37.96,42.07,1.22,48.2,2,3774,83.32,1.16,2065,6.96,Medium,35.12
Meerut,Uttar Pradesh,29.03458,77.68664,2024-01-03,27.62,8.38,11.43,11.1,0.63,47.71,1.55,48.41,3,1467,61.17,0.26,216,0.17,Low,32.71
Howrah,West Bengal,22.689597,88.350212,2024-06-07,62.91,45.49,67.05,6.42,17.46,66.29,0.12,82.4,4,9747,50.75,0.77,1740,3.52,Low,30.69
Howrah,West Bengal,22.511059,88.288746,2025-02-02,98.78,65.74,77.98,7.15,49.4,143.37,4.28,41.68,0,597,75.29,2.07,274,1.65,Medium,35.86
Delhi,Delhi,28.72345,77.109214,2024-08-11,38.26,26.5,30.81,4.43,32.97,95.7,0.33,60.14,3,2131,52.57,0.84,588,0.95,Low,20.45
Ranchi,Jharkhand,23.245916,85.347895,2023-08-29,165.79,115.25,147.83,4.53,57.24,52.51,1.53,85.53,3,9125,96.47,2.51,10543,85.04,High,55.31
Thiruvananthapuram,Kerala,8.60135,76.868432,2023-10-29,38.55,13.05,18.3,2.24,31.44,116.81,0.19,56.86,2,1978,91.36,1.02,427,1.95,Low,9.79
Dhanbad,Jharkhand,23.762434,86.433139,2023-06-06,63.78,37.48,45.75,6.36,32.79,147.02,0.99,16.83,3,623,84.19,1.05,86,0.4,Low,25.18
Nashik,Maharashtra,20.059412,73.755819,2023-02-22,68.12,46.51,58.07,4.88,29.39,77.85,0.47,61.42,1,19,47.51,1.78,12,0.04,Medium,35.49
Amritsar,Punjab,31.567778,74.816774,2023-01-03,31.53,24.95,32.19,5.67,26.57,111.13,0.85,71.84,2,1127,78.38,0.49,49,0.06,Low,16.86
Bangalore,Karnataka,12.897496,77.629793,2023-10-13,61.08,40.95,57.5,4.49,31.58,181.93,2.06,89.89,4,245,61.54,1.02,20,0.1,Low,23.18
Meerut,Uttar Pradesh,28.908373,77.680261,2023-10-19,216.67,163.64,238.01,9.43,58.98,123.69,4.72,86.0,4,50000,86.86,3.21,52029,506.85,High,61.02
Kolkata,West Bengal,22.543215,88.413958,2025-03-17,156.59,91.44,115.44,6.55,50.82,33.31,8.06,87.46,3,22755,51.3,1.65,3099,5.33,Medium,51.81
Guwahati,Assam,26.179109,91.802187,2023-07-07,66.73,49.21,67.53,2.95,26.03,119.66,2.63,79.42,2,15568,57.65,1.09,3530,12.46,Low,22.27
Coimbatore,Tamil Nadu,11.032601,76.884763,2023-10-20,54.03,30.22,34.85,4.99,44.97,96.89,2.46,81.32,5,1747,51.57,1.13,595,1.99,Low,34.08
Surat,Gujarat,21.095401,72.802008,2025-03-10,134.77,99.68,139.81,7.1,58.32,151.25,0.34,86.59,5,5075,62.4,1.29,2899,4.06,Medium,54.58
Vadodara,Gujarat,22.227735,73.089344,2024-11-18,136.28,104.31,156.06,2.43,48.63,58.72,0.71,64.11,5,6968,71.34,1.53,1712,12.45,Medium,41.23
Lucknow,Uttar Pradesh,26.841045,80.898415,2024-03-06,104.29,67.9,99.98,11.0,33.18,335.5,0.31,86.91,1,697,85.45,1.57,231,1.68,Medium,47.73
Madurai,Tamil Nadu,9.948717,78.205093,2024-01-30,196.88,119.55,173.26,10.21,50.3,38.78,3.78,32.39,3,1877,58.41,2.69,1256,8.94,High,71.52
Hubli,Karnataka,15.360222,75.140548,2024-01-17,178.14,139.05,154.34,3.03,48.37,280.75,1.74,46.65,2,50000,65.01,0.91,9592,20.12,Medium,43.76
Vijayawada,Andhra Pradesh,16.546194,80.745364,2023-09-03,46.97,31.67,41.63,1.57,25.89,63.59,0.25,35.55,0,1964,84.95,0.38,209,0.34,Low,16.04
Vadodara,Gujarat,22.215399,73.212097,2024-08-01,175.18,102.54,133.72,5.9,31.64,148.23,3.88,70.2,5,5818,52.74,1.42,2672,14.93,Medium,43.71
Jodhpur,Rajasthan,26.147777,73.038169,2024-03-29,132.74,66.16,89.75,5.21,46.93,177.96,0.94,71.81,5,65,91.51,1.74,37,0.31,Medium,42.93
Nagpur,Maharashtra,21.095982,79.151218,2025-03-15,137.88,98.16,127.55,6.33,49.77,160.63,0.63,63.65,5,43,96.85,1.66,17,0.09,Medium,43.46
Rajkot,Gujarat,22.213836,70.877178,2023-06-18,47.63,29.18,36.7,2.84,20.12,76.77,0.45,55.96,1,50000,68.24,0.32,6946,10.86,Low,18.66
Meerut,Uttar Pradesh,28.889965,77.798855,2023-04-29,60.33,36.7,41.1,8.97,54.15,94.07,2.26,77.37,6,3330,66.98,0.58,1159,3.3,Low,34.41
Bareilly,Uttar Pradesh,28.4073,75.378323,2024-12-03,87.82,69.14,98.86,1.59,37.2,29.11,2.76,59.33,4,17254,82.9,0.3,2268,2.02,Low,26.62
Surat,Gujarat,21.188802,72.802671,2025-01-03,27.14,12.6,16.99,5.89,36.9,88.15,0.49,74.8,4,231,81.1,0.36,14,0.02,Low,18.59
Kanpur,Uttar Pradesh,26.371924,80.257171,2025-01-17,64.41,20.16,28.38,7.62,38.06,56.63,0.92,46.98,3,1555,92.54,1.79,1261,5.9,Medium,40.94
Delhi,Delhi,28.767373,77.152586,2025-06-19,72.79,31.9,36.25,2.29,19.9,233.31,1.1,61.09,6,2152,72.38,0.12,468,0.17,Low,15.62
Kalyan,Maharashtra,19.273154,73.066356,2025-03-01,131.27,62.57,82.76,4.04,63.58,121.43,3.7,45.42,3,3440,65.58,2.13,682,5.16,Medium,47.74
Jaipur,Rajasthan,26.935896,75.850879,2023-08-29,49.93,35.3,51.41,3.59,37.93,21.63,1.29,87.19,4,590,90.62,0.3,110,0.09,Low,17.91
Kanpur,Uttar Pradesh,26.457117,80.41541,2024-06-18,86.17,30.84,40.41,2.29,24.39,142.77,0.27,76.71,2,15,82.76,0.27,0,0.0,Low,19.77
Rajkot,Gujarat,22.31353,70.719544,2023-06-18,120.1,60.45,87.84,3.07,52.48,95.82,3.56,37.7,3,52,33.98,0.57,14,0.01,Low,34.86
Hubli,Karnataka,15.302366,75.035302,2023-08-12,223.25,117.95,175.1,7.17,51.29,144.74,0.49,66.15,5,875,75.31,3.29,656,6.0,High,72.33
Delhi,Delhi,28.803676,77.091909,2024-08-25,63.34,32.56,41.15,1.53,21.15,97.79,3.95,52.0,2,230,80.37,0.47,10,0.02,Low,25.16
Dhanbad,Jharkhand,23.837456,86.333734,2024-06-02,68.35,54.61,77.0,3.87,22.22,112.73,3.11,59.15,5,110,83.15,0.51,17,0.04,Low,21.77
Mumbai,Maharashtra,18.985877,72.881068,2023-11-19,26.25,14.65,17.0,4.05,10.27,33.81,0.76,56.92,0,3270,53.67,0.9,956,1.4,Low,26.67
Coimbatore,Tamil Nadu,11.100278,76.99383,2025-05-24,72.6,57.37,80.26,6.54,42.79,292.82,0.96,98.31,3,71,72.13,0.86,24,0.08,Low,32.62
Hyderabad,Telangana,17.39025,78.488338,2024-12-03,102.31,46.38,55.66,3.46,32.3,73.85,3.32,90.67,2,15357,49.78,0.96,2440,6.9,Low,27.82
Kochi,Kerala,10.016073,76.229084,2025-07-12,33.97,23.33,33.37,5.45,7.54,56.94,2.78,89.04,2,95,61.51,0.84,6,0.02,Low,14.04
Chandigarh,Chandigarh,30.741834,76.814501,2025-05-19,127.89,48.07,62.06,2.71,36.14,240.28,3.8,72.32,2,3812,52.76,0.92,640,2.87,Low,19.58
Ranchi,Jharkhand,23.279293,85.365541,2024-11-23,28.84,9.89,12.68,3.56,36.13,117.89,2.21,48.22,4,168,76.56,0.78,6,0.01,Low,8.06
Agra,Uttar Pradesh,27.228458,78.041847,2024-02-10,112.43,37.01,52.09,4.22,38.23,45.4,0.49,56.35,5,68,68.56,1.39,52,0.13,Medium,48.8
Gwalior,Madhya Pradesh,26.225086,78.131185,2025-05-13,110.11,45.19,62.4,0.42,61.76,70.25,2.02,49.06,1,1606,50.75,2.11,1423,8.8,Medium,39.63
Jabalpur,Madhya Pradesh,23.155097,79.892737,2023-06-30,60.49,43.41,59.24,0.32,21.2,133.92,0.93,65.46,4,29922,85.52,0.4,1959,2.64,Low,27.99
Chandigarh,Chandigarh,30.725048,76.733779,2025-01-01,111.03,83.13,107.56,2.21,43.12,58.55,0.87,71.75,4,719,95.91,1.81,132,0.57,Medium,41.05
Jabalpur,Madhya Pradesh,23.150453,80.015423,2024-06-26,198.4,94.14,137.83,8.29,41.68,121.46,0.93,14.35,2,2690,70.08,2.17,1495,6.87,High,65.8
Guwahati,Assam,26.201804,91.666819,2024-05-21,89.99,62.19,68.87,1.29,47.35,44.83,0.01,64.82,2,4583,58.62,2.01,4077,15.63,Medium,39.18
Gwalior,Madhya Pradesh,26.17227,78.206941,2024-10-18,85.1,48.45,68.67,5.4,53.21,57.11,0.28,59.47,2,3481,75.41,0.91,477,1.63,Low,33.19
Amritsar,Punjab,31.698317,74.91891,2024-05-05,198.32,62.81,77.05,6.86,62.15,25.52,5.32,50.31,4,693,55.19,1.62,125,0.91,Medium,52.75
Vasai,Maharashtra,19.524689,72.861597,2024-04-22,105.09,42.04,59.38,8.25,36.27,59.07,0.62,99.5,3,3214,51.71,2.49,419,3.92,Medium,48.75
Surat,Gujarat,21.096255,72.881019,2024-07-01,22.71,9.1,13.42,2.14,15.65,18.94,1.01,64.62,5,116,83.42,0.78,30,0.06,Low,18.88
Patna,Bihar,25.571685,85.151724,2023-10-19,137.54,66.78,99.26,3.84,69.59,137.94,1.32,36.74,3,215,72.38,1.69,104,0.41,Medium,36.94
Chennai,Tamil Nadu,13.017826,80.344048,2024-07-12,21.34,12.86,16.49,5.52,36.35,41.28,0.3,83.87,2,24768,65.31,0.2,3257,2.63,Low,23.93
Chandigarh,Chandigarh,30.718828,76.865557,2023-04-02,43.29,20.52,25.13,4.36,15.69,90.14,0.87,56.63,4,7870,88.1,1.06,625,1.16,Low,26.63
Jodhpur,Rajasthan,26.31865,73.014969,2025-07-27,131.98,93.78,123.89,3.21,60.12,73.37,5.12,39.95,3,269,57.3,0.91,208,0.86,Medium,38.27
Amritsar,Punjab,31.720276,74.804488,2025-01-27,202.24,92.81,114.28,11.47,57.13,35.55,0.71,18.29,3,105,67.6,4.75,58,0.28,Critical,83.39
Mumbai,Maharashtra,19.058798,72.780835,2023-04-18,126.71,48.77,59.73,10.98,48.54,150.75,0.98,43.5,5,188,82.28,1.42,36,0.16,Medium,54.77
Chennai,Tamil Nadu,13.146196,80.338277,2025-05-12,29.06,14.36,18.93,2.88,50.57,29.87,4.39,15.18,4,24733,57.58,0.22,5220,3.32,Low,14.05
Dhanbad,Jharkhand,23.731989,86.401646,2023-07-03,78.81,40.41,46.26,7.32,16.14,106.0,0.77,65.77,5,1302,71.22,1.02,776,2.01,Medium,38.89
Varanasi,Uttar Pradesh,25.229171,82.88988,2024-05-07,99.28,42.32,57.33,4.93,40.7,54.27,5.68,72.48,2,4608,42.84,0.69,370,1.09,Low,31.29
Kalyan,Maharashtra,19.15114,73.13409,2025-03-16,90.44,48.5,66.17,4.13,40.47,58.27,2.42,92.37,1,330,57.15,0.9,129,0.12,Medium,35.78
Thiruvananthapuram,Kerala,8.57308,76.907747,2024-09-21,159.42,82.56,120.96,6.66,53.83,42.45,1.45,79.37,2,1496,65.07,2.19,1551,15.5,High,58.39
Solapur,Maharashtra,17.735467,75.941827,2023-12-27,40.1,16.55,21.85,3.15,20.35,126.46,0.46,55.48,1,2524,41.79,0.76,262,0.4,Low,17.01
Pune,Maharashtra,18.458891,73.873786,2024-04-15,64.55,38.48,56.15,8.29,13.68,28.98,0.71,84.02,5,50000,90.69,0.83,38765,108.68,Medium,43.55
Rajkot,Gujarat,22.313993,70.815507,2024-06-10,59.8,38.61,49.12,4.68,26.34,39.79,1.75,77.12,3,111,63.6,1.18,15,0.03,Low,28.74
Indore,Madhya Pradesh,22.701149,75.942639,2023-12-08,38.16,13.84,19.88,2.06,31.09,161.53,2.37,32.18,4,48537,60.21,1.02,5090,6.93,Low,6.81
Mumbai,Maharashtra,19.163515,72.793236,2024-08-26,37.55,26.21,38.15,3.77,26.44,326.54,2.69,74.49,1,800,48.55,0.63,59,0.1,Low,7.38
Varanasi,Uttar Pradesh,25.330699,83.002069,2025-01-22,300.91,168.05,247.47,5.41,91.11,75.15,1.52,62.14,2,1839,82.11,3.85,1931,35.35,High,73.91
Raipur,Chhattisgarh,21.169555,81.625583,2023-11-18,50.32,32.03,44.58,6.21,31.09,56.53,0.17,44.75,1,225,64.59,1.18,44,0.17,Low,28.16
Solapur,Maharashtra,17.692225,75.937357,2025-05-03,64.35,41.4,56.45,6.06,31.25,153.84,1.36,57.17,0,25,83.01,0.29,3,0.0,Low,30.01
Pune,Maharashtra,18.481192,73.800788,2024-02-01,48.61,18.98,22.57,11.11,53.05,128.65,1.64,59.16,5,290,57.71,1.2,26,0.04,Low,31.02
Howrah,West Bengal,22.655675,88.241437,2025-05-11,66.46,51.72,72.3,5.67,27.17,95.33,0.96,70.51,6,375,58.8,0.32,154,0.21,Low,31.04
Bareilly,Uttar Pradesh,28.398124,75.335793,2024-09-23,46.06,30.98,44.89,2.63,40.06,214.68,0.66,76.36,2,1420,79.86,0.23,103,0.08,Low,13.24
Kanpur,Uttar Pradesh,26.45217,80.420294,2024-02-27,36.58,17.58,26.24,1.74,57.48,98.99,0.61,79.21,1,4291,94.17,0.46,1012,2.22,Low,17.47
Rajkot,Gujarat,22.373852,70.865219,2024-08-19,22.38,17.71,24.44,5.49,18.66,1.54,1.42,82.07,2,76,77.09,0.55,18,0.02,Low,23.62
Delhi,Delhi,28.632743,77.148925,2024-08-01,31.14,16.6,20.33,5.17,21.78,55.64,1.18,87.42,4,1044,83.4,0.72,191,0.66,Low,23.78
Nagpur,Maharashtra,21.148878,79.070912,2024-12-21,50.39,34.31,42.4,2.11,35.1,37.15,0.63,31.38,2,2134,45.75,0.8,838,0.9,Low,25.19
Jabalpur,Madhya Pradesh,23.108835,79.946893,2025-05-15,154.35,73.33,86.91,3.99,55.55,61.9,3.18,36.39,4,180,62.31,1.78,57,0.43,Medium,43.88
Kolkata,West Bengal,22.551497,88.271058,2023-10-13,10.69,8.19,12.08,1.7,46.41,52.78,2.82,53.78,3,1601,84.37,0.34,581,0.2,Low,15.42
Jodhpur,Rajasthan,26.257035,72.968947,2024-07-22,146.06,103.63,131.22,2.61,36.11,40.18,1.39,70.15,2,493,79.14,1.01,199,0.43,Medium,38.3
Rajkot,Gujarat,22.27554,70.798478,2023-02-22,139.33,84.29,96.89,0.33,46.93,115.91,1.45,37.23,1,1655,87.75,0.61,545,1.35,Low,31.71
Hubli,Karnataka,15.338406,75.182467,2025-09-07,122.31,71.03,85.38,2.87,27.46,26.2,2.02,74.68,2,554,33.81,0.97,47,0.16,Low,31.39
Ahmedabad,Gujarat,22.932118,72.485912,2024-12-11,99.73,69.58,102.69,4.32,61.2,36.89,3.25,43.11,3,2300,70.7,2.36,1215,4.86,Medium,39.32
Pune,Maharashtra,18.557651,73.9265,2025-02-25,10.88,4.66,6.32,9.88,26.2,96.84,0.43,77.33,3,1519,71.11,0.72,371,0.98,Low,32.8
Kanpur,Uttar Pradesh,26.497368,80.316768,2024-09-30,87.68,48.32,67.81,4.54,48.67,28.85,0.31,18.4,2,3242,71.89,1.59,627,1.86,Medium,37.92
Guwahati,Assam,26.065982,91.71588,2024-10-30,133.93,96.73,130.57,8.44,42.25,347.26,6.54,72.68,1,12880,95.29,1.1,729,3.36,Low,34.73
Pune,Maharashtra,18.512026,73.844454,2023-02-12,59.55,18.89,27.66,3.59,43.55,85.47,1.09,30.94,5,2170,79.96,0.72,331,0.49,Low,33.52
Thiruvananthapuram,Kerala,8.501985,77.033331,2025-09-16,131.64,102.73,116.24,3.98,61.6,106.76,0.53,77.74,3,295,70.66,1.64,54,0.25,Medium,41.81
Chennai,Tamil Nadu,13.01633,80.27972,2024-11-29,64.18,33.77,49.88,5.39,40.04,78.2,2.29,34.74,1,459,88.06,2.18,298,1.99,Medium,36.17
Guwahati,Assam,26.190541,91.765248,2024-07-18,67.39,38.28,49.01,1.37,27.88,23.72,3.94,29.28,2,22528,62.29,1.13,5601,11.79,Low,26.87
Jodhpur,Rajasthan,26.220329,72.956502,2024-02-17,116.0,79.44,96.53,5.65,42.66,21.72,0.36,49.57,3,441,58.76,1.83,170,0.72,Medium,53.04
Kochi,Kerala,9.989983,76.271174,2025-08-29,75.23,54.63,61.15,4.24,34.6,18.5,2.85,62.17,4,349,82.29,0.47,98,0.06,Low,27.24
Pune,Maharashtra,18.572775,73.812374,2023-06-30,21.98,14.26,18.65,8.26,37.28,110.39,1.1,38.3,0,264,49.44,0.91,14,0.02,Low,19.32
Kochi,Kerala,9.835866,76.275238,2025-01-31,124.04,46.45,61.77,7.99,52.98,104.67,0.44,75.29,2,918,82.44,1.46,663,3.9,Medium,49.44
Chandigarh,Chandigarh,30.739103,76.837742,2025-08-13,37.79,18.18,25.89,8.54,32.63,179.44,4.14,49.6,5,123,70.38,0.36,16,0.02,Low,16.41
Lucknow,Uttar Pradesh,26.779305,80.877995,2024-11-04,189.94,69.4,100.65,6.79,59.18,76.9,3.4,36.0,3,2945,83.88,1.76,1201,3.82,Medium,54.85
Nagpur,Maharashtra,21.218241,78.998473,2024-07-16,56.06,32.01,35.24,8.22,20.5,56.56,1.48,82.59,4,10747,68.46,0.66,3655,6.44,Low,33.23
Indore,Madhya Pradesh,22.69329,75.774313,2025-08-10,71.9,57.36,80.53,6.79,41.87,100.62,3.06,65.12,1,23,87.98,0.8,1,0.0,Low,25.74
Faridabad,Haryana,28.456341,77.358992,2025-02-18,118.77,86.31,95.94,5.1,47.16,55.02,7.41,35.63,2,3706,87.93,2.3,614,3.38,Medium,40.71
Allahabad,Uttar Pradesh,25.426031,81.808622,2023-10-12,140.31,92.57,119.5,6.31,34.68,54.97,2.66,43.61,5,147,87.26,2.15,68,0.31,Medium,35.72
Jaipur,Rajasthan,26.838399,75.803122,2025-04-27,90.15,47.78,54.11,2.55,32.84,151.4,2.33,45.25,2,105,84.34,0.62,20,0.02,Low,19.34
Patna,Bihar,25.560912,85.129788,2024-11-12,214.08,125.02,182.57,6.68,60.89,41.83,0.19,48.18,5,158,87.94,6.0,239,5.46,Critical,80.92
Kanpur,Uttar Pradesh,26.497625,80.284413,2024-09-18,65.78,39.68,49.92,2.22,40.54,127.91,1.16,68.3,2,4385,86.71,1.15,1315,6.67,Low,29.68
Thiruvananthapuram,Kerala,8.548496,76.904255,2023-12-12,70.89,41.82,57.63,7.02,37.28,28.57,0.74,91.59,5,4640,85.2,2.4,564,6.36,Medium,40.41
Kalyan,Maharashtra,19.165666,73.138938,2025-03-06,64.34,25.09,35.91,5.55,32.07,90.09,0.26,40.54,6,83,77.37,0.6,4,0.01,Low,29.99
Delhi,Delhi,28.670204,77.162951,2024-12-24,56.99,24.42,31.44,9.07,7.12,132.03,0.53,50.48,0,345,67.79,2.36,165,0.52,Medium,38.39
Solapur,Maharashtra,17.703365,75.871161,2024-12-04,41.98,15.39,19.1,4.71,45.44,57.81,4.5,58.74,3,35108,76.81,0.8,3919,9.64,Low,13.53
Lucknow,Uttar Pradesh,26.899136,80.997789,2024-05-21,27.96,14.13,19.17,1.21,22.63,171.8,6.99,38.31,1,12759,84.7,0.1,2846,1.41,Low,2.51
Vijayawada,Andhra Pradesh,16.533472,80.571041,2024-04-12,372.32,160.04,210.1,6.27,86.63,46.45,0.0,70.19,5,4411,80.8,7.41,9838,189.24,Critical,78.79
Kalyan,Maharashtra,19.316451,73.113458,2024-03-14,94.17,59.82,79.51,3.12,39.13,27.29,0.25,54.35,0,15717,91.84,0.9,3437,11.94,Low,34.67
Kanpur,Uttar Pradesh,26.373795,80.255296,2023-03-17,47.75,37.89,50.02,2.24,28.81,49.79,0.83,55.32,6,38,67.62,0.64,4,0.01,Low,15.29
Bangalore,Karnataka,13.005967,77.534902,2025-03-06,176.57,59.6,70.07,9.77,57.98,112.61,3.52,58.18,3,1134,69.9,1.97,280,2.57,Medium,51.52
Allahabad,Uttar Pradesh,25.436307,81.90598,2025-08-28,37.25,15.33,20.84,5.0,35.93,68.46,2.01,82.34,2,656,72.95,0.15,242,0.13,Low,13.0
Kochi,Kerala,9.999546,76.240139,2024-06-29,96.1,51.56,62.92,2.42,57.4,166.16,0.09,28.21,5,20,57.83,1.01,1,0.0,Low,29.17
Varanasi,Uttar Pradesh,25.396494,82.894702,2025-09-20,69.49,21.23,28.27,1.88,22.32,119.03,0.88,14.4,4,224,67.94,0.16,41,0.02,Low,26.81
Rajkot,Gujarat,22.337103,70.836467,2023-01-03,70.94,29.42,39.98,6.92,44.53,19.05,0.65,53.36,2,50000,62.8,1.71,9005,60.45,Medium,38.83
Jodhpur,Rajasthan,26.337218,72.955687,2023-10-05,58.12,24.43,33.2,3.51,34.29,90.99,1.94,45.89,5,560,83.32,0.78,145,0.53,Low,28.55
Nashik,Maharashtra,19.996522,73.777403,2024-06-05,31.43,17.22,21.18,6.61,28.18,83.1,0.26,23.01,2,1692,60.26,1.19,159,0.76,Low,27.96
Vasai,Maharashtra,19.529487,72.863466,2025-06-01,89.13,28.08,32.6,2.72,41.82,83.04,6.16,37.16,0,12069,90.51,0.99,1081,1.45,Low,24.3
Aurangabad,Maharashtra,19.963544,75.402566,2024-01-31,104.25,58.29,83.7,10.54,50.63,53.79,4.87,91.15,5,150,72.32,1.65,45,0.15,Medium,52.03
Nagpur,Maharashtra,21.174218,79.128576,2023-10-15,136.97,51.28,63.58,6.14,45.23,30.67,0.42,79.63,4,1092,77.27,1.3,462,2.4,Medium,48.17
Vasai,Maharashtra,19.416685,72.705505,2023-06-30,74.12,47.22,62.09,3.23,36.25,120.66,0.65,57.84,4,9253,41.32,0.87,3020,8.49,Low,28.84
Meerut,Uttar Pradesh,28.912054,77.700606,2023-11-11,131.49,96.77,111.71,4.59,32.21,26.25,2.69,73.33,4,1528,32.6,1.82,972,5.38,Medium,43.78
Patna,Bihar,25.690991,85.188938,2024-10-07,20.45,11.5,15.38,5.14,37.61,85.36,1.47,88.86,1,38,58.41,0.53,12,0.03,Low,23.21
Indore,Madhya Pradesh,22.689635,75.876681,2024-11-24,234.53,170.81,232.47,9.02,80.81,85.49,3.38,89.26,3,1872,91.0,4.96,1524,9.94,Critical,80.4
Jaipur,Rajasthan,26.895615,75.755019,2024-02-19,67.79,41.89,58.33,1.89,52.44,22.27,2.84,27.71,1,1682,87.21,1.04,89,0.26,Low,24.65
Vadodara,Gujarat,22.39085,73.124886,2023-08-19,134.99,43.96,48.99,4.74,41.07,7.4,3.05,64.76,1,17017,77.95,2.47,9905,70.16,Medium,41.13
Varanasi,Uttar Pradesh,25.346822,82.948434,2024-02-03,156.81,115.31,127.87,5.51,55.86,227.38,0.77,60.58,4,401,73.03,1.09,133,0.3,Medium,53.39
Kochi,Kerala,9.886466,76.183489,2024-06-25,106.11,63.8,77.31,1.88,25.63,122.02,4.4,47.11,6,494,64.17,1.15,80,0.29,Low,23.07
Mumbai,Maharashtra,19.161473,72.89985,2023-05-14,111.96,74.45,97.61,6.49,38.56,268.78,1.34,69.34,1,1437,51.38,0.57,307,0.58,Low,29.34
Kolkata,West Bengal,22.619866,88.321529,2024-12-10,126.69,51.32,61.39,4.56,39.22,108.84,0.03,87.99,3,87,84.72,2.17,56,0.58,Medium,41.53
Nagpur,Maharashtra,21.23682,79.065154,2023-08-11,40.36,14.06,18.99,3.58,25.61,21.66,0.55,50.55,4,23560,45.52,0.29,1033,0.34,Low,23.59
Jabalpur,Madhya Pradesh,23.13543,79.920388,2025-02-01,176.1,88.19,105.5,3.34,53.04,50.0,3.12,61.04,1,30,31.5,1.14,9,0.05,Medium,47.82
Kanpur,Uttar Pradesh,26.464391,80.421572,2024-01-05,89.25,53.71,76.51,2.86,40.94,108.57,0.38,64.51,3,2197,63.27,0.94,212,0.83,Low,32.86
Bangalore,Karnataka,12.978856,77.56442,2025-03-06,147.19,53.14,65.85,4.4,43.83,123.79,0.49,93.86,6,2549,67.83,2.32,1458,13.66,Medium,40.19
Kanpur,Uttar Pradesh,26.370844,80.246635,2024-05-02,64.78,28.2,40.76,1.94,38.69,106.9,2.5,32.0,6,20413,90.75,0.31,5523,4.16,Low,16.58
Kota,Rajasthan,25.262536,75.815635,2024-02-09,79.97,50.27,65.29,4.18,49.21,53.45,2.41,24.15,1,33111,65.36,1.82,10095,35.07,Medium,35.74
Bangalore,Karnataka,12.908214,77.517684,2023-12-05,130.06,66.33,96.57,6.18,51.02,156.07,5.16,34.39,2,2620,84.51,2.02,2222,14.88,Medium,38.86
Jabalpur,Madhya Pradesh,23.152787,79.988308,2024-03-15,39.88,12.41,16.49,4.21,36.13,27.47,1.33,50.02,1,2139,61.51,0.36,203,0.25,Low,21.97
Visakhapatnam,Andhra Pradesh,17.666467,83.244737,2023-02-03,44.34,21.15,28.47,6.01,25.68,53.83,0.09,31.83,4,50000,55.48,0.36,3799,2.4,Low,23.36
Kota,Rajasthan,25.217939,75.867978,2025-01-01,142.59,95.67,140.38,7.26,55.69,203.06,1.31,75.16,4,228,74.25,2.34,95,0.88,Medium,41.07
Delhi,Delhi,28.666476,77.050314,2023-08-11,116.49,77.74,109.02,7.82,47.65,150.31,0.55,59.12,4,10006,68.72,1.78,4432,12.87,Medium,47.34
Nagpur,Maharashtra,21.225515,79.022156,2023-08-29,43.72,32.96,40.23,2.45,20.44,56.19,1.77,47.96,5,3708,39.57,1.04,645,1.47,Low,10.53
Ahmedabad,Gujarat,23.112356,72.485347,2024-01-25,128.91,101.79,117.63,4.93,26.91,18.51,0.52,58.78,2,3591,87.79,1.63,2092,5.88,Medium,44.16
Nashik,Maharashtra,19.925823,73.715554,2025-05-17,48.64,24.61,28.66,8.5,11.68,110.14,1.18,70.95,6,4004,39.41,0.93,812,0.77,Low,18.09
Dhanbad,Jharkhand,23.72533,86.406166,2023-11-11,38.56,28.18,36.74,3.21,27.85,111.72,0.58,48.49,5,4207,78.92,0.18,931,0.37,Low,9.17
Meerut,Uttar Pradesh,29.003387,77.746278,2024-12-19,202.7,128.06,159.45,2.52,58.72,150.75,0.43,72.98,2,307,70.27,2.88,182,0.88,High,58.53
Delhi,Delhi,28.623094,77.172858,2025-02-08,34.17,18.47,24.39,5.88,27.79,131.22,5.28,42.35,4,16,85.76,0.36,5,0.01,Low,11.18
Meerut,Uttar Pradesh,29.070185,77.67722,2024-04-29,26.73,12.52,17.47,12.49,28.77,13.43,2.07,37.27,6,3176,82.33,0.15,362,0.1,Low,31.3
Indore,Madhya Pradesh,22.668149,75.880764,2023-02-24,53.29,39.7,54.85,4.16,40.8,53.86,2.6,84.45,4,50000,82.64,0.31,8619,4.19,Low,31.57
Delhi,Delhi,28.769898,77.035176,2024-08-10,187.66,91.26,124.05,5.16,57.34,148.82,0.85,44.33,2,85,20.3,2.12,108,0.94,High,55.99
Chennai,Tamil Nadu,13.015513,80.17213,2023-05-14,175.52,59.35,66.93,3.9,54.38,268.35,0.26,58.15,2,690,74.75,2.42,449,2.52,Medium,46.11
Dhanbad,Jharkhand,23.805399,86.500888,2024-02-02,97.63,58.44,74.07,2.33,22.57,122.77,0.71,57.0,2,1179,73.37,0.16,279,0.06,Low,19.65
Bareilly,Uttar Pradesh,28.270061,75.492173,2024-10-25,27.03,13.5,18.65,1.02,23.07,101.69,0.81,58.91,1,1101,82.42,0.55,86,0.24,Low,15.96
Jabalpur,Madhya Pradesh,23.231158,79.929032,2024-01-15,122.07,51.2,62.06,11.45,50.46,42.7,4.43,86.8,3,485,70.6,1.88,287,1.76,Medium,51.86
Mumbai,Maharashtra,18.991641,72.94888,2023-03-23,89.74,61.3,89.48,1.63,32.26,60.48,8.8,65.2,4,2739,48.2,0.75,255,0.71,Low,12.52
Lucknow,Uttar Pradesh,26.816,81.045145,2023-11-05,34.21,12.35,16.76,8.46,25.66,107.07,2.81,42.68,3,16595,66.17,1.08,4109,10.06,Low,24.66
Guwahati,Assam,26.162414,91.67223,2023-07-30,49.31,21.08,25.92,0.0,46.01,82.76,0.97,57.87,3,4408,89.06,0.44,1339,0.85,Low,18.97
Faridabad,Haryana,28.364714,77.243097,2023-06-09,77.52,31.35,44.22,6.94,33.66,138.84,2.04,81.19,2,1854,82.0,0.72,724,1.69,Low,27.91
Coimbatore,Tamil Nadu,11.112899,77.037228,2024-01-17,98.98,78.84,94.49,5.51,46.1,70.28,1.28,43.42,0,297,85.49,2.23,37,0.25,Medium,35.57
Surat,Gujarat,21.222894,72.841486,2023-09-22,243.17,161.53,226.46,11.79,45.1,25.65,1.62,42.33,4,128,86.06,5.73,133,1.61,Critical,77.65
Solapur,Maharashtra,17.734479,75.973062,2023-10-10,53.22,27.36,37.54,5.4,46.72,17.83,1.67,70.37,2,8,69.9,1.14,0,0.0,Low,34.76
Varanasi,Uttar Pradesh,25.353512,82.891659,2023-11-24,161.42,68.3,77.0,9.38,38.31,101.94,2.08,46.57,3,5602,62.97,1.38,868,3.07,Medium,50.15
Vadodara,Gujarat,22.32636,73.260871,2023-09-20,50.84,15.97,23.03,4.33,39.26,68.27,4.51,88.81,3,2110,80.64,0.5,224,0.15,Low,23.0
Madurai,Tamil Nadu,9.954878,78.079269,2024-01-05,90.68,50.88,57.51,7.36,32.49,79.46,0.32,45.11,1,417,71.9,1.21,218,0.38,Medium,42.97
Solapur,Maharashtra,17.723864,75.964933,2024-11-01,71.37,33.58,48.4,6.96,23.48,42.05,2.74,75.83,4,4157,55.88,1.02,477,2.1,Low,30.0
Bhopal,Madhya Pradesh,23.279914,77.490305,2023-05-21,76.74,34.04,48.1,4.95,46.79,95.43,8.84,80.45,2,3550,68.98,0.37,469,0.58,Low,25.24
Kochi,Kerala,9.979946,76.310734,2023-08-10,74.75,48.4,65.26,7.45,35.81,29.86,0.94,38.32,3,1344,75.02,1.48,750,4.38,Medium,43.44
Jabalpur,Madhya Pradesh,23.257719,80.029852,2025-01-19,76.99,50.05,67.59,4.73,37.49,50.17,0.52,44.2,2,4033,71.49,0.47,848,1.27,Low,34.0
Surat,Gujarat,21.166671,72.856249,2025-08-22,356.23,129.23,149.66,8.15,100.0,82.79,6.32,31.95,3,2059,86.32,3.79,2160,39.6,Critical,76.77
Dhanbad,Jharkhand,23.835763,86.458618,2023-07-08,56.43,41.0,54.27,2.15,26.48,26.48,4.2,83.69,3,111,90.47,1.12,19,0.05,Low,24.7
Patna,Bihar,25.643443,85.10668,2024-12-18,79.22,59.08,68.26,1.74,44.31,10.97,0.41,49.1,2,2646,58.72,0.54,941,0.58,Low,30.67
Rajkot,Gujarat,22.224994,70.900741,2024-10-03,207.67,76.25,90.25,6.47,44.38,74.63,1.15,76.52,4,294,58.91,3.67,219,3.92,High,60.34
Solapur,Maharashtra,17.628108,75.968527,2023-07-06,84.05,46.08,68.16,8.99,38.47,34.45,1.03,48.21,5,109,65.38,0.88,60,0.15,Medium,37.39
Kolkata,West Bengal,22.530461,88.375351,2023-06-03,38.08,11.7,14.46,2.11,25.23,76.06,4.04,58.12,2,30,85.02,0.38,12,0.0,Low,4.55
Kalyan,Maharashtra,19.262479,73.19176,2025-03-05,5.31,2.06,2.95,0.17,8.39,76.55,0.94,58.66,2,28136,79.3,0.14,4399,2.18,Low,20.2
Thiruvananthapuram,Kerala,8.517778,76.861323,2023-11-18,53.45,23.01,28.94,4.16,35.35,105.24,3.01,81.69,4,50000,78.7,0.23,21905,13.62,Low,24.26
Varanasi,Uttar Pradesh,25.291892,82.895011,2025-05-13,204.75,77.32,95.29,9.43,57.32,286.04,0.96,91.54,4,102,76.02,3.71,60,0.83,High,69.93
Indore,Madhya Pradesh,22.745541,75.779665,2024-02-09,121.26,48.2,54.55,3.83,48.31,70.95,4.18,80.24,2,2053,84.39,0.46,667,0.67,Low,30.33
Dhanbad,Jharkhand,23.708471,86.338002,2025-03-30,101.63,54.69,65.73,1.12,45.44,110.86,0.14,91.03,1,817,72.07,0.43,79,0.06,Low,34.46
Solapur,Maharashtra,17.604619,75.906999,2025-06-27,82.18,27.94,32.86,9.7,26.27,263.51,1.52,84.67,2,50000,44.64,0.91,4434,9.15,Low,28.81
Madurai,Tamil Nadu,9.925199,78.130062,2025-07-15,77.69,37.83,49.28,12.16,39.03,16.6,3.66,64.58,3,1363,91.73,1.05,461,1.38,Medium,46.4
Pune,Maharashtra,18.45324,73.789499,2023-04-28,88.8,59.95,85.2,6.96,26.47,78.22,0.4,21.9,1,127,78.29,1.65,38,0.09,Medium,37.23
Kanpur,Uttar Pradesh,26.483115,80.282118,2024-01-11,46.38,32.95,42.17,5.94,22.42,91.62,1.55,87.44,2,17591,51.66,0.7,4607,11.36,Low,20.73
Faridabad,Haryana,28.419642,77.266703,2023-04-08,58.53,37.26,50.39,9.84,37.35,15.99,1.15,74.88,3,2934,70.21,2.07,459,2.18,Medium,41.79
Meerut,Uttar Pradesh,29.039479,77.747992,2023-03-13,15.25,9.04,13.2,3.95,26.79,144.24,2.81,80.56,3,3556,86.01,0.76,1039,3.89,Low,5.18
Hyderabad,Telangana,17.339261,78.569722,2024-11-22,24.81,12.85,18.66,4.07,15.36,40.29,1.7,28.41,0,11225,80.0,0.5,1845,4.56,Low,19.97
Srinagar,Jammu and Kashmir,34.143285,74.758092,2023-07-10,185.68,134.36,174.37,3.71,67.28,103.01,1.17,15.56,3,50000,58.51,2.05,21324,62.54,Medium,47.95
Visakhapatnam,Andhra Pradesh,17.609602,83.302401,2024-03-14,207.97,131.15,189.92,3.1,73.06,116.39,0.88,48.28,3,3519,94.2,2.07,2718,15.7,High,62.95
Aurangabad,Maharashtra,19.862261,75.384126,2023-05-09,78.16,58.13,68.02,11.72,29.33,53.02,0.6,57.35,2,3204,73.36,2.48,1649,18.31,Medium,49.8
Ahmedabad,Gujarat,23.020538,72.567347,2023-01-06,97.41,31.44,40.49,2.08,53.83,73.08,2.21,50.61,2,2563,71.13,0.45,630,1.36,Low,28.7
Vasai,Maharashtra,19.541712,72.896109,2024-01-12,21.06,8.44,9.87,1.54,13.24,94.07,0.89,38.36,2,457,56.33,1.12,117,0.34,Low,18.59
Kalyan,Maharashtra,19.312658,73.156269,2025-03-13,107.96,67.7,84.82,0.0,43.47,28.09,0.33,69.59,3,1576,76.19,1.75,856,6.8,Medium,48.87
Bangalore,Karnataka,12.93524,77.584491,2023-07-18,63.18,23.0,31.8,9.75,31.11,162.7,0.04,21.06,0,132,73.02,0.83,40,0.04,Low,33.56
Bareilly,Uttar Pradesh,28.29052,75.314778,2024-03-10,76.09,57.44,76.89,4.48,30.69,208.9,0.15,71.44,3,805,82.45,1.03,222,0.81,Low,28.16
Allahabad,Uttar Pradesh,25.523604,81.905517,2023-10-25,71.27,29.37,33.89,0.0,40.46,32.15,1.6,55.95,5,1421,74.03,0.34,273,0.12,Low,27.77
Aurangabad,Maharashtra,19.873928,75.442162,2024-10-15,122.07,49.0,54.27,2.63,39.55,7.7,2.29,74.88,5,15206,88.65,0.35,3385,3.59,Low,31.99
Kalyan,Maharashtra,19.316292,73.119259,2023-05-24,69.3,23.94,30.42,6.52,35.92,147.66,0.09,42.02,4,180,95.61,1.0,29,0.07,Low,32.73
Bareilly,Uttar Pradesh,28.369882,75.383764,2023-10-09,59.61,44.34,62.5,4.3,32.8,36.64,0.09,28.88,7,1200,86.25,0.89,208,0.52,Low,32.52
Surat,Gujarat,21.117789,72.875858,2023-07-17,46.39,14.28,17.51,2.93,18.56,66.44,0.14,50.75,2,4070,91.03,1.12,377,0.57,Low,12.05
Hubli,Karnataka,15.458117,75.0542,2023-07-22,182.26,137.21,172.49,9.13,52.37,322.02,0.39,39.0,1,1898,82.95,0.81,1298,2.92,Medium,52.4
Gwalior,Madhya Pradesh,26.278022,78.197123,2025-04-18,78.27,42.14,47.04,9.11,51.55,26.94,0.37,47.86,0,4359,84.62,0.81,1760,3.0,Medium,42.2
Srinagar,Jammu and Kashmir,34.175311,74.86643,2024-12-22,123.03,55.1,73.04,3.49,33.53,119.64,1.75,82.07,2,1702,44.11,0.26,698,0.3,Low,32.47
Hyderabad,Telangana,17.331927,78.477625,2025-08-16,95.9,33.23,44.98,2.31,36.86,139.38,0.57,85.93,10,50000,79.05,0.2,5030,3.29,Low,19.8
Bhopal,Madhya Pradesh,23.179062,77.343351,2024-02-26,107.21,52.54,58.13,1.59,54.41,47.74,2.25,32.43,3,2323,67.45,2.22,985,9.21,Medium,37.26
Rajkot,Gujarat,22.367007,70.762448,2023-08-01,82.08,65.23,86.53,4.98,42.07,70.53,0.39,68.41,1,6061,47.63,1.43,3705,24.15,Medium,35.64
Kochi,Kerala,9.990942,76.185183,2024-01-24,215.21,156.26,212.53,2.82,63.42,65.52,0.95,58.77,2,246,68.57,2.65,171,1.69,High,62.59
Agra,Uttar Pradesh,27.215488,77.97409,2024-09-01,59.11,33.05,46.67,9.93,21.0,60.64,0.97,58.97,1,14956,72.13,1.9,2998,6.16,Medium,42.33
Kota,Rajasthan,25.31156,75.800415,2024-01-03,82.32,44.5,57.54,11.29,53.01,69.98,0.13,77.69,8,50000,51.09,1.0,13425,29.67,Medium,51.85
Agra,Uttar Pradesh,27.246472,78.061696,2023-09-20,68.32,33.9,38.28,8.7,31.79,117.69,7.01,60.46,2,222,61.53,0.25,35,0.01,Low,22.19
Amritsar,Punjab,31.598659,74.898939,2024-12-21,60.82,24.45,32.31,3.55,37.7,191.11,2.1,82.22,5,210,76.61,1.08,61,0.07,Low,18.47
Visakhapatnam,Andhra Pradesh,17.703801,83.191613,2025-08-23,161.95,101.31,139.98,3.86,65.54,59.72,2.52,41.63,4,9,65.46,2.23,1,0.01,Medium,54.93
Jabalpur,Madhya Pradesh,23.160584,80.003796,2023-08-20,105.39,39.23,57.44,3.97,31.68,19.84,2.8,22.59,3,615,74.78,1.93,507,2.33,Medium,35.76
Visakhapatnam,Andhra Pradesh,17.640125,83.254334,2025-04-18,74.65,43.85,50.13,3.41,19.73,266.33,1.42,75.49,3,37474,85.96,0.87,9556,22.37,Low,16.64
Bhopal,Madhya Pradesh,23.236826,77.340789,2023-02-24,100.56,59.73,83.45,1.84,37.44,27.76,0.29,52.22,4,2117,75.31,0.88,1527,1.7,Medium,42.29
Bangalore,Karnataka,13.030013,77.593221,2024-02-09,242.74,105.47,122.85,12.27,63.56,91.1,3.38,57.19,3,4589,79.87,4.17,2874,20.93,Critical,79.57
Chandigarh,Chandigarh,30.675264,76.864364,2025-08-27,118.98,49.74,65.57,3.5,56.72,195.07,2.41,47.79,1,1890,73.41,0.15,176,0.1,Low,32.5
Delhi,Delhi,28.611846,77.125535,2023-04-11,167.78,70.39,95.74,4.2,67.1,27.04,0.28,60.27,2,259,85.6,2.72,331,1.83,High,66.92
Coimbatore,Tamil Nadu,10.971167,76.965022,2024-05-01,257.08,160.45,228.88,4.99,67.11,154.12,1.51,40.09,3,870,86.69,2.24,888,7.7,High,71.77
Surat,Gujarat,21.113084,72.894159,2025-06-10,23.19,10.04,12.05,4.15,24.16,104.08,0.65,32.23,3,8431,83.8,1.01,2808,3.75,Low,17.37
Pune,Maharashtra,18.497342,73.765465,2024-05-10,86.24,34.05,44.78,15.82,46.85,118.36,2.04,76.34,7,5599,85.91,0.85,4942,18.54,Medium,52.63
Raipur,Chhattisgarh,21.249565,81.610319,2024-07-10,106.45,50.94,57.66,1.76,45.75,83.37,0.22,34.26,3,849,84.16,1.52,554,3.07,Medium,42.71
Howrah,West Bengal,22.613722,88.166818,2024-08-12,46.11,16.25,19.87,2.34,38.14,21.14,0.55,41.18,2,1764,63.59,0.95,265,1.03,Low,18.39
Allahabad,Uttar Pradesh,25.379088,81.798161,2024-10-19,78.6,61.26,83.34,6.04,26.9,104.44,2.11,53.7,3,419,50.28,1.08,117,0.36,Low,26.75
Kota,Rajasthan,25.149539,75.933805,2024-12-25,252.62,123.18,135.76,6.29,67.27,122.53,0.6,23.83,5,1696,69.79,2.83,1036,8.28,High,72.67
Faridabad,Haryana,28.478168,77.344033,2024-02-10,97.59,71.54,89.66,3.89,30.35,32.05,0.44,45.95,4,6723,59.41,1.14,1873,4.27,Low,30.62
Mumbai,Maharashtra,19.054761,72.959908,2023-10-31,102.88,77.19,90.7,6.32,29.06,143.59,1.85,23.97,1,268,67.1,1.1,106,0.22,Low,33.62
Thiruvananthapuram,Kerala,8.557512,76.866156,2023-05-30,62.48,30.28,42.06,5.64,15.35,299.67,3.91,63.52,3,2050,72.68,0.84,233,0.85,Low,21.7
Jodhpur,Rajasthan,26.22877,73.036397,2023-07-26,64.15,40.02,52.66,6.18,35.82,114.92,5.54,94.05,6,805,78.06,1.08,291,1.01,Low,16.17
Vijayawada,Andhra Pradesh,16.504582,80.716699,2024-07-19,97.54,41.72,58.64,9.69,31.52,160.6,2.14,70.84,4,1182,55.18,0.33,404,0.19,Low,29.7
Madurai,Tamil Nadu,10.001068,78.026581,2024-03-27,162.42,128.12,163.12,4.19,33.06,47.05,2.55,73.24,3,247,74.65,0.82,186,0.39,Medium,50.25
Kanpur,Uttar Pradesh,26.422384,80.23262,2023-06-14,37.95,15.75,17.97,2.58,20.64,99.3,5.49,31.25,2,3299,94.73,0.36,871,1.34,Low,5.23
Faridabad,Haryana,28.477587,77.319571,2023-03-10,20.44,15.9,22.64,8.4,9.51,27.46,4.74,88.28,0,10561,61.18,1.12,2493,11.62,Low,24.24
Agra,Uttar Pradesh,27.148915,77.9216,2024-10-29,72.14,30.19,41.83,7.13,22.62,57.55,0.86,18.99,2,2921,75.33,1.33,1438,5.79,Medium,40.0
Delhi,Delhi,28.730157,77.173036,2023-01-18,39.27,22.97,28.83,3.09,41.09,55.16,0.1,85.38,5,1936,84.75,0.92,362,1.47,Low,17.85
Vasai,Maharashtra,19.497462,72.885511,2025-03-08,98.42,51.7,63.31,12.96,40.22,134.57,4.01,67.35,2,14490,99.15,1.5,2385,13.25,Medium,40.16
Indore,Madhya Pradesh,22.623176,75.836455,2023-10-09,49.12,14.81,16.79,18.01,39.26,85.03,0.5,77.38,4,8273,64.94,0.97,7344,21.8,Medium,44.37
Amritsar,Punjab,31.67287,74.918601,2023-06-11,135.58,56.09,82.42,4.79,49.81,46.24,2.52,50.21,0,3475,73.99,1.17,1282,5.62,Medium,43.02
Guwahati,Assam,26.107042,91.637327,2023-09-02,132.95,81.56,115.42,4.01,28.32,92.86,0.22,46.91,4,273,91.66,1.25,172,1.04,Medium,40.69
Raipur,Chhattisgarh,21.301494,81.674926,2024-07-16,88.55,57.76,70.32,3.95,18.06,154.27,1.67,75.51,0,359,69.53,0.25,24,0.01,Low,17.32
Coimbatore,Tamil Nadu,10.952169,76.962399,2024-01-05,18.72,6.91,9.61,2.86,37.37,80.26,0.61,62.45,2,205,83.54,0.32,72,0.09,Low,19.96
Jabalpur,Madhya Pradesh,23.15826,80.047604,2023-02-20,170.58,63.13,72.89,4.72,53.18,140.66,2.47,83.65,2,9366,71.47,2.17,7161,54.92,Medium,47.48
Varanasi,Uttar Pradesh,25.408102,82.946595,2024-07-25,111.83,38.44,48.69,13.31,23.63,26.44,3.63,24.9,2,14,92.37,2.31,9,0.03,Medium,49.57
Bareilly,Uttar Pradesh,28.292172,75.333605,2025-06-10,62.02,31.87,38.55,8.59,54.83,122.68,1.31,18.88,0,2097,85.01,2.19,673,7.02,Medium,39.24
Hubli,Karnataka,15.447602,75.186614,2023-11-27,213.43,75.75,113.15,6.73,61.95,81.61,5.04,77.07,3,304,80.71,3.06,139,1.19,High,64.12
Bangalore,Karnataka,13.062657,77.603177,2024-01-31,168.14,85.31,111.13,11.86,60.9,68.05,1.49,89.11,2,2143,69.28,3.11,1161,5.56,High,71.77
Hyderabad,Telangana,17.340028,78.455957,2024-05-13,21.71,15.79,22.77,2.26,10.13,242.31,0.09,41.68,2,1625,85.16,1.01,84,0.1,Low,14.2
Kota,Rajasthan,25.286759,75.94752,2024-01-19,186.2,134.59,165.24,4.28,68.83,30.4,3.98,51.9,3,12,97.56,3.78,2,0.02,High,63.27
Vasai,Maharashtra,19.435494,72.811797,2024-11-13,168.66,115.38,129.17,1.93,46.02,69.18,0.01,76.38,4,35,56.41,1.17,18,0.07,Medium,50.27
Vasai,Maharashtra,19.385263,72.807287,2023-11-02,93.31,46.91,65.85,6.35,23.04,198.17,2.36,63.2,1,540,88.08,0.5,116,0.18,Low,25.4
Aurangabad,Maharashtra,19.895787,75.290345,2024-02-16,58.5,34.01,46.15,4.06,10.77,32.71,0.68,53.82,4,17772,36.04,0.75,3028,6.01,Low,33.14
Delhi,Delhi,28.727474,77.135531,2024-05-21,59.42,39.84,54.27,5.26,32.13,94.85,0.09,91.36,3,3350,97.97,1.08,1161,3.0,Low,34.39
Visakhapatnam,Andhra Pradesh,17.691702,83.315194,2025-06-02,91.88,39.74,47.96,4.1,36.58,81.26,5.4,77.0,0,647,91.79,0.86,214,0.85,Low,27.37
Vijayawada,Andhra Pradesh,16.556802,80.65299,2023-07-31,45.02,14.73,20.07,5.13,29.03,42.06,1.62,48.98,3,33,86.12,0.72,2,0.01,Low,26.85
Raipur,Chhattisgarh,21.318845,81.691693,2024-03-01,118.94,68.41,92.75,4.78,35.65,70.89,2.4,75.24,3,353,56.34,1.9,183,1.33,Medium,41.06
Kanpur,Uttar Pradesh,26.537337,80.249215,2024-10-20,117.58,41.2,52.53,4.8,41.05,39.29,1.63,74.9,2,164,73.78,1.42,96,0.49,Medium,45.98
Varanasi,Uttar Pradesh,25.369627,82.932303,2024-06-12,186.91,97.2,139.49,3.86,74.57,184.9,2.88,38.5,4,4214,81.46,1.01,2491,9.23,Medium,51.6
Bhopal,Madhya Pradesh,23.336248,77.507535,2024-01-31,44.71,20.41,27.44,4.11,20.67,119.23,0.09,29.3,6,116,73.54,0.31,24,0.01,Low,15.66
Coimbatore,Tamil Nadu,11.034201,76.971173,2025-03-23,58.22,40.52,57.57,0.91,22.51,98.53,1.66,63.81,0,3176,75.79,0.7,574,1.02,Low,23.43
Guwahati,Assam,26.216203,91.645715,2023-06-30,188.07,150.3,195.28,5.38,59.12,58.1,4.5,17.31,0,48,91.89,1.3,28,0.12,Medium,50.57
Ranchi,Jharkhand,23.312901,85.23668,2024-03-21,50.63,21.11,23.73,2.45,26.99,84.1,1.21,89.36,3,566,59.46,0.12,162,0.09,Low,27.05
Varanasi,Uttar Pradesh,25.341785,83.064133,2024-01-25,64.1,25.89,34.12,6.42,39.88,27.53,1.96,69.76,2,7282,75.44,0.37,2654,2.21,Low,29.33
Jodhpur,Rajasthan,26.173211,72.988082,2024-07-09,164.61,97.64,109.28,4.93,59.27,260.56,3.17,62.9,4,855,64.73,1.89,442,1.69,Medium,40.01
Kochi,Kerala,10.008169,76.196752,2024-08-19,28.34,19.5,25.4,1.44,16.0,51.15,1.23,84.38,2,3945,72.66,0.97,1738,5.27,Low,17.14
Vijayawada,Andhra Pradesh,16.538387,80.662532,2024-07-07,36.13,28.59,37.13,2.48,31.57,152.8,1.49,52.32,5,7914,79.63,0.48,2039,2.34,Low,10.5
Varanasi,Uttar Pradesh,25.281888,82.976589,2025-06-25,75.37,37.65,45.58,5.79,18.3,98.08,0.56,54.45,6,803,82.05,0.58,129,0.2,Low,34.53
Vadodara,Gujarat,22.267695,73.094496,2023-04-30,56.68,31.44,42.8,1.86,51.88,77.46,1.16,41.63,4,300,90.43,0.45,37,0.05,Low,26.88
Visakhapatnam,Andhra Pradesh,17.665415,83.138041,2023-11-22,190.32,108.69,148.73,5.93,45.11,45.8,1.2,47.3,6,4769,83.72,3.97,1718,32.96,High,61.38
Vijayawada,Andhra Pradesh,16.472949,80.683995,2025-08-14,27.03,8.89,9.87,5.77,7.95,11.82,1.67,94.21,4,368,74.72,0.82,99,0.3,Low,23.33
Aurangabad,Maharashtra,19.9658,75.362461,2025-02-15,98.86,31.42,41.31,0.0,38.52,47.8,1.09,67.72,0,1386,94.11,0.86,242,0.71,Low,25.54
Kanpur,Uttar Pradesh,26.546779,80.413617,2024-03-22,280.06,181.72,265.74,10.8,83.76,141.29,1.39,32.53,3,155,44.87,4.29,100,1.0,Critical,84.52
Dhanbad,Jharkhand,23.746886,86.425527,2024-08-22,69.16,34.66,47.51,1.83,29.81,30.76,1.66,58.11,2,103,81.77,0.91,15,0.02,Low,23.69
Jaipur,Rajasthan,26.935751,75.788173,2024-02-21,65.63,23.06,29.56,5.5,29.78,51.74,1.05,47.81,5,223,71.51,0.73,30,0.06,Low,27.14
Delhi,Delhi,28.649294,77.18705,2025-07-13,41.4,19.18,25.12,5.49,24.98,58.83,5.89,72.47,0,16239,63.97,1.03,1561,5.16,Low,9.09
Allahabad,Uttar Pradesh,25.501205,81.829047,2023-09-20,174.42,125.49,172.4,3.43,56.19,52.0,1.17,17.83,3,790,70.83,1.51,494,2.05,Medium,45.28
Indore,Madhya Pradesh,22.661276,75.905751,2024-11-28,56.96,44.78,50.44,5.62,41.75,48.16,0.26,93.89,3,218,66.87,1.53,121,0.48,Medium,38.02
Srinagar,Jammu and Kashmir,34.148438,74.803763,2025-08-16,80.29,32.02,39.66,4.42,42.65,413.48,0.17,45.16,5,1963,58.65,0.88,185,0.65,Low,30.24
Kota,Rajasthan,25.308481,75.775343,2024-06-16,19.36,11.27,14.69,3.19,20.51,110.58,0.1,46.11,1,4656,93.32,0.27,1092,1.21,Low,17.58
Amritsar,Punjab,31.695601,74.823917,2023-11-18,89.85,67.34,90.27,7.88,51.89,94.88,0.0,70.87,4,1310,43.68,2.17,492,1.73,Medium,44.38
Thiruvananthapuram,Kerala,8.509071,76.916075,2023-07-09,91.64,59.03,65.54,11.41,55.1,94.83,0.32,85.85,4,767,94.54,2.22,197,1.73,Medium,51.01
Indore,Madhya Pradesh,22.639534,75.79307,2023-08-09,79.99,54.21,59.72,4.83,38.57,110.35,0.88,31.53,2,490,55.16,1.08,59,0.06,Low,32.59
Jodhpur,Rajasthan,26.22025,73.056144,2023-02-18,71.11,31.32,40.04,8.18,36.9,223.02,1.34,44.42,1,234,76.34,1.19,10,0.04,Low,24.15
Guwahati,Assam,26.103541,91.781162,2024-11-13,239.62,165.65,226.43,7.99,72.35,56.79,0.16,68.16,1,70,82.61,4.42,81,0.73,Critical,76.07
Kochi,Kerala,10.011989,76.249592,2024-10-13,57.48,39.82,45.0,3.48,44.08,79.97,0.47,35.51,2,714,61.79,1.54,379,1.39,Medium,36.9
Hyderabad,Telangana,17.40168,78.538853,2024-10-17,60.42,42.68,53.84,5.26,23.02,22.94,1.14,49.4,2,494,85.06,1.19,156,0.26,Low,33.72
Visakhapatnam,Andhra Pradesh,17.588969,83.265595,2024-09-13,137.84,82.31,109.37,4.36,42.8,205.27,5.43,66.99,6,39,85.73,0.43,16,0.02,Low,31.79
Jabalpur,Madhya Pradesh,23.191131,80.049216,2023-08-13,92.41,35.63,45.31,4.07,31.91,194.61,0.19,51.36,3,17796,60.99,0.56,3930,10.65,Low,29.19
Srinagar,Jammu and Kashmir,34.088372,74.808989,2025-08-01,95.23,54.34,80.57,10.3,35.53,56.75,3.93,68.71,4,112,58.04,2.48,18,0.2,Medium,43.31
Vijayawada,Andhra Pradesh,16.408609,80.726564,2025-03-30,199.72,151.75,197.78,3.54,64.93,35.69,2.42,83.37,4,14,87.21,3.54,6,0.03,High,57.54
Bhopal,Madhya Pradesh,23.247721,77.362199,2025-03-22,106.75,79.36,102.39,5.31,23.15,34.18,8.54,91.85,2,1115,95.66,0.9,195,0.73,Low,34.23
Thiruvananthapuram,Kerala,8.461691,76.863711,2025-06-27,21.84,9.34,10.53,1.57,37.68,252.95,3.8,59.55,6,8697,80.85,0.3,474,0.35,Low,6.57
Jodhpur,Rajasthan,26.318616,72.980222,2023-11-17,29.77,18.23,23.24,4.1,38.67,218.9,1.15,66.02,4,292,85.07,1.17,73,0.22,Low,13.61
Kanpur,Uttar Pradesh,26.3525,80.343364,2024-04-29,91.83,43.46,58.47,5.95,23.13,16.17,0.53,52.3,5,10571,95.42,0.91,3125,9.12,Low,32.15
Jabalpur,Madhya Pradesh,23.171064,79.995886,2023-09-22,67.98,44.34,56.52,0.0,35.26,158.27,1.08,74.68,2,4637,60.81,0.11,1000,0.26,Low,23.65
Srinagar,Jammu and Kashmir,34.038091,74.858527,2023-06-26,19.01,9.65,12.28,2.74,38.79,75.32,0.83,59.04,1,473,86.52,0.17,172,0.11,Low,21.07
Bangalore,Karnataka,12.891884,77.496272,2025-01-17,42.3,14.97,17.2,3.7,20.86,89.61,4.04,77.3,5,75,86.16,0.19,10,0.01,Low,4.5
Patna,Bihar,25.657057,85.234055,2025-03-22,131.84,47.35,68.18,4.53,61.63,94.53,3.71,71.74,3,16459,51.65,2.25,5348,12.52,Medium,42.12
Vasai,Maharashtra,19.447512,72.87456,2025-03-02,75.12,53.08,79.62,3.05,25.8,117.39,0.6,69.54,1,145,58.8,1.13,35,0.13,Low,23.57
Patna,Bihar,25.548943,85.091065,2023-12-10,195.35,147.22,178.81,3.27,36.59,159.41,1.64,61.15,1,2441,94.38,1.33,634,3.12,Medium,43.84
Surat,Gujarat,21.159313,72.832733,2025-07-01,213.92,157.24,188.78,5.21,56.24,142.65,2.53,47.89,3,50000,48.01,3.14,18729,172.43,High,57.33
Guwahati,Assam,26.062403,91.674092,2023-09-15,41.78,28.39,38.82,4.77,26.46,65.34,1.42,84.1,3,42,53.98,1.18,5,0.03,Low,16.92
Kanpur,Uttar Pradesh,26.407311,80.352436,2024-12-08,185.15,142.61,176.39,6.57,59.61,87.49,3.5,46.59,3,276,73.94,0.81,191,0.38,Medium,53.58
Mumbai,Maharashtra,19.108733,72.802368,2025-02-11,71.06,27.75,33.51,0.98,35.71,142.58,0.61,57.82,2,3321,25.22,0.86,739,2.65,Low,24.68
Kanpur,Uttar Pradesh,26.545338,80.279014,2023-04-09,70.36,36.83,44.4,5.43,33.8,171.37,2.59,80.16,4,103,36.75,0.29,14,0.01,Low,19.16
Dhanbad,Jharkhand,23.881305,86.38511,2024-08-22,66.31,40.59,60.1,0.87,33.25,78.35,0.34,46.57,2,34968,62.29,0.97,4570,19.38,Low,30.7
Agra,Uttar Pradesh,27.231076,78.007334,2024-08-04,62.56,40.41,54.02,2.19,36.55,170.21,3.98,67.69,1,6491,51.46,0.67,1823,2.7,Low,19.44
Lucknow,Uttar Pradesh,26.837194,81.002822,2023-02-18,68.47,21.63,31.93,9.8,27.43,135.35,2.86,57.79,2,8609,71.54,1.04,2986,5.75,Low,29.75
Mumbai,Maharashtra,19.033317,72.783834,2023-08-02,139.49,49.67,74.33,10.53,60.09,76.15,1.59,77.83,3,940,83.93,2.59,1133,4.66,High,66.73
Thiruvananthapuram,Kerala,8.609183,77.019493,2023-08-04,135.42,75.41,94.08,5.11,39.68,219.91,4.19,74.06,0,1525,78.26,0.49,165,0.29,Low,24.61
Indore,Madhya Pradesh,22.731909,75.863004,2024-11-28,204.93,87.95,104.29,4.89,48.7,199.63,0.72,46.19,5,13075,80.72,3.63,6672,78.15,High,63.97
Kanpur,Uttar Pradesh,26.366676,80.240694,2024-08-21,75.35,34.08,44.07,6.34,31.5,65.54,0.82,56.16,2,1738,71.92,0.57,255,0.42,Low,29.93
Varanasi,Uttar Pradesh,25.383841,82.89567,2023-09-23,48.97,23.03,30.89,1.01,25.46,144.34,6.24,74.3,1,1525,81.82,0.57,243,0.19,Low,6.12
Patna,Bihar,25.595027,85.192507,2023-07-10,45.85,36.09,44.69,6.73,23.03,246.11,1.36,46.9,3,3576,57.01,1.01,696,2.3,Low,13.95
Kota,Rajasthan,25.281767,75.955353,2023-02-09,70.44,51.75,69.28,6.63,14.23,139.85,2.72,70.4,3,205,53.75,1.1,32,0.11,Low,27.26
Hyderabad,Telangana,17.401724,78.565844,2025-04-28,18.25,9.0,12.74,6.92,23.35,50.41,1.29,60.13,2,1381,77.85,0.58,633,1.63,Low,21.11
Patna,Bihar,25.646925,85.060238,2023-08-11,51.42,35.25,42.05,5.35,28.32,184.84,0.05,36.48,1,974,96.38,0.85,88,0.19,Low,31.26
Allahabad,Uttar Pradesh,25.473926,81.908204,2024-05-14,8.85,4.23,5.66,13.6,25.09,31.79,3.46,85.09,1,992,85.46,1.96,180,0.45,Medium,35.55
Varanasi,Uttar Pradesh,25.344632,82.914756,2023-04-17,61.4,37.92,42.78,6.21,36.75,110.9,0.33,57.23,4,4607,48.48,0.84,293,0.6,Low,27.87
Raipur,Chhattisgarh,21.168999,81.541299,2023-09-07,74.43,57.13,68.59,3.41,13.76,50.91,0.38,89.5,1,53,55.74,0.22,6,0.01,Low,25.16
Jodhpur,Rajasthan,26.278637,73.096783,2024-10-27,112.3,71.35,80.56,3.97,28.88,65.78,1.16,77.19,3,5036,77.28,0.82,3176,7.79,Medium,35.07
Vijayawada,Andhra Pradesh,16.539522,80.711948,2023-09-23,70.67,50.47,70.26,6.97,32.59,144.44,2.49,44.97,4,14,54.93,0.42,1,0.0,Low,23.48
Coimbatore,Tamil Nadu,11.106476,76.896501,2024-06-27,134.54,104.23,135.89,2.57,53.44,37.48,0.86,39.27,3,965,86.88,1.69,273,0.62,Medium,45.16
Lucknow,Uttar Pradesh,26.824911,80.997961,2024-04-08,77.53,30.96,34.92,3.74,26.76,216.67,0.55,33.77,1,89,75.44,0.36,17,0.01,Low,16.25
Kochi,Kerala,9.990727,76.355897,2023-05-21,86.72,54.25,64.54,2.32,34.36,202.92,5.4,67.43,3,123,89.4,0.71,36,0.04,Low,13.29
Aurangabad,Maharashtra,19.93051,75.269753,2024-10-07,11.4,9.09,11.36,2.52,23.05,67.55,0.75,67.63,0,4622,74.13,0.17,1320,0.71,Low,12.01
Jodhpur,Rajasthan,26.301216,73.019784,2025-01-25,83.0,39.25,50.67,2.56,30.22,54.71,0.84,46.31,2,140,69.74,0.81,10,0.04,Low,23.08
Agra,Uttar Pradesh,27.244734,78.034214,2025-01-17,36.44,10.99,12.18,1.1,27.1,53.64,0.12,33.47,2,679,58.81,0.93,264,0.47,Low,17.65
Chennai,Tamil Nadu,13.174783,80.206132,2023-10-04,82.8,38.61,56.35,9.04,46.22,29.0,0.44,57.15,3,2707,56.88,2.22,671,4.46,Medium,43.57
Vasai,Maharashtra,19.478062,72.7589,2024-11-30,145.54,114.47,166.26,8.75,53.79,33.72,0.66,50.4,7,2644,41.92,3.79,2978,53.99,High,56.06
Amritsar,Punjab,31.72928,74.835841,2024-06-05,52.76,22.54,26.31,2.0,45.59,34.89,1.6,62.21,3,6387,74.62,1.12,3457,13.37,Medium,35.05
Solapur,Maharashtra,17.560135,75.954564,2024-12-13,67.21,30.19,43.78,6.5,24.39,155.0,1.54,80.05,7,50000,90.08,0.74,8339,28.94,Low,27.07
Ranchi,Jharkhand,23.43113,85.294407,2023-06-30,89.96,40.88,52.26,2.87,43.45,18.09,4.02,96.07,4,869,43.12,1.19,341,1.54,Low,25.64
Aurangabad,Maharashtra,19.846522,75.398256,2023-01-11,59.6,43.75,51.93,5.33,47.26,92.65,0.92,58.52,5,18932,50.66,2.22,14625,71.95,Medium,40.62
Indore,Madhya Pradesh,22.745284,75.890862,2025-08-28,71.85,56.83,66.93,6.2,40.8,34.26,0.45,28.99,2,14225,91.86,2.48,2707,16.66,Medium,40.58
Howrah,West Bengal,22.504839,88.331756,2024-07-18,53.03,32.55,47.37,5.2,39.08,46.82,1.59,86.15,6,1021,59.45,0.63,328,0.86,Low,32.04
Howrah,West Bengal,22.607893,88.261825,2025-07-30,86.86,39.8,45.85,4.1,49.43,80.47,1.11,71.01,3,413,76.33,2.26,122,0.37,Medium,37.99
Rajkot,Gujarat,22.3573,70.77524,2023-07-22,101.65,56.35,71.4,4.27,62.41,203.54,5.04,88.29,4,23606,78.0,0.48,2492,2.89,Low,33.43
Guwahati,Assam,26.171956,91.785016,2023-08-31,87.68,49.43,60.68,2.23,48.34,371.7,6.41,52.06,4,76,46.64,0.59,23,0.06,Low,13.52
Vasai,Maharashtra,19.502592,72.82165,2024-05-12,85.49,45.98,52.41,14.05,33.29,80.94,1.34,54.7,5,33,55.0,1.44,7,0.03,Medium,44.91
Kochi,Kerala,10.006551,76.204026,2025-07-18,144.86,62.3,83.22,5.61,53.41,46.47,1.74,73.79,1,263,62.83,1.67,148,0.49,Medium,50.6
Kochi,Kerala,9.870906,76.262179,2024-11-07,103.17,32.85,45.11,5.68,35.69,31.77,0.85,24.63,4,660,70.42,2.05,155,1.25,Medium,49.86
Rajkot,Gujarat,22.362229,70.876644,2024-09-11,64.91,22.65,32.84,5.49,35.61,449.83,0.92,62.89,7,50,34.79,0.11,4,0.0,Low,22.76
Kanpur,Uttar Pradesh,26.486275,80.365506,2023-08-25,67.15,22.62,24.93,4.49,41.06,110.43,0.26,51.76,3,5532,88.19,1.93,924,3.8,Medium,36.79
Vijayawada,Andhra Pradesh,16.535509,80.608728,2023-12-20,69.27,22.94,33.98,2.81,34.03,92.09,0.08,76.82,1,2201,89.67,0.37,183,0.1,Low,27.22
Ahmedabad,Gujarat,22.980758,72.643531,2024-06-28,29.85,15.61,22.19,0.58,35.9,73.62,1.3,33.36,5,64,14.16,1.03,11,0.01,Low,11.48
Kota,Rajasthan,25.269066,75.929956,2025-07-28,54.23,40.43,52.99,3.5,37.07,64.45,0.13,46.71,2,66,58.07,0.21,29,0.01,Low,23.32
Vasai,Maharashtra,19.484862,72.894657,2024-01-29,31.21,23.34,30.76,10.78,23.33,106.47,2.04,66.25,1,5017,81.93,1.07,810,3.92,Low,25.82
Nashik,Maharashtra,19.929169,73.718763,2024-06-07,232.23,140.91,164.85,7.49,57.77,93.03,2.9,49.17,3,1598,79.24,3.36,1216,18.97,High,67.36
Aurangabad,Maharashtra,19.806993,75.342351,2024-08-29,122.39,39.63,53.7,5.15,55.74,123.66,0.73,65.61,1,46,70.68,2.01,19,0.1,Medium,40.97
Kota,Rajasthan,25.178358,75.958169,2023-05-03,174.35,90.21,121.85,4.0,68.03,179.82,0.07,49.13,3,4097,78.09,2.95,2350,29.76,High,63.17
Varanasi,Uttar Pradesh,25.390738,82.9983,2024-01-18,36.41,26.46,34.63,2.07,20.3,64.55,4.91,21.66,4,351,96.65,0.38,96,0.08,Low,7.66
Nashik,Maharashtra,19.966098,73.832617,2024-03-17,19.2,8.45,11.43,1.68,27.89,116.27,3.19,40.02,0,43,70.26,0.34,5,0.01,Low,10.4
Kanpur,Uttar Pradesh,26.363367,80.302067,2025-02-23,57.13,31.41,45.29,3.83,49.72,145.84,0.5,35.88,2,14115,76.63,0.79,2257,5.97,Low,29.72
Nashik,Maharashtra,20.075272,73.855598,2024-04-11,29.35,19.97,25.13,2.83,19.98,49.05,0.9,78.07,4,2775,90.22,0.52,725,0.56,Low,16.57
Rajkot,Gujarat,22.237063,70.884008,2023-10-26,37.87,21.81,31.32,5.25,43.22,18.88,0.3,53.58,1,7430,85.38,0.56,2963,2.97,Low,26.88
Jaipur,Rajasthan,26.857013,75.698627,2024-02-24,81.42,56.11,73.42,1.55,24.78,139.89,0.89,87.09,1,3488,87.79,0.83,1076,1.36,Low,27.21
Kanpur,Uttar Pradesh,26.529381,80.409472,2025-09-15,88.78,64.23,84.15,5.36,36.68,98.06,3.98,52.95,7,814,59.72,0.11,42,0.01,Low,24.18
Kanpur,Uttar Pradesh,26.406827,80.285664,2025-07-12,193.2,131.26,166.88,3.05,53.19,141.09,1.01,39.87,4,19446,90.39,2.14,9353,53.32,Medium,45.47
Kanpur,Uttar Pradesh,26.384191,80.237837,2025-04-17,69.09,43.84,58.19,0.15,55.35,143.82,1.52,59.69,9,1850,74.51,0.68,436,0.9,Low,22.11
Kochi,Kerala,10.01815,76.251882,2024-06-16,48.59,21.86,28.01,7.6,35.52,129.87,0.25,95.6,5,446,64.49,1.1,50,0.15,Low,29.3
Vadodara,Gujarat,22.236908,73.121875,2025-02-09,37.78,15.76,21.74,2.45,40.09,138.34,0.55,30.97,0,1421,83.09,0.78,257,0.26,Low,23.0
Coimbatore,Tamil Nadu,11.021148,76.974327,2024-02-07,35.35,28.04,41.84,3.21,30.56,60.8,0.33,34.86,1,4843,91.46,0.2,1573,0.48,Low,20.65
Nagpur,Maharashtra,21.183645,79.148888,2025-07-08,34.2,11.14,15.63,4.3,29.37,85.79,2.31,87.54,2,3001,89.5,0.53,804,2.04,Low,20.26
Dhanbad,Jharkhand,23.700647,86.519071,2023-12-07,174.6,107.03,148.92,2.5,42.6,38.54,0.1,69.79,4,102,82.7,1.17,57,0.31,Medium,52.83
Solapur,Maharashtra,17.620748,75.876303,2025-06-22,101.2,80.75,104.06,4.46,56.74,118.02,0.14,89.93,1,135,73.99,0.93,24,0.09,Medium,40.48
Kanpur,Uttar Pradesh,26.373241,80.343345,2024-05-25,46.14,15.62,19.98,0.0,10.82,89.92,2.22,45.02,5,18,83.1,0.83,1,0.0,Low,9.93
Agra,Uttar Pradesh,27.239056,77.919234,2024-09-11,185.94,129.71,146.88,7.0,64.38,82.22,0.16,78.86,3,948,56.36,2.21,554,3.66,High,71.04
Srinagar,Jammu and Kashmir,34.03299,74.8563,2024-02-03,239.94,87.26,113.04,6.86,68.91,83.57,0.18,41.09,1,118,45.48,4.17,173,1.01,Critical,76.89
Faridabad,Haryana,28.345518,77.409117,2025-07-03,27.87,12.21,16.13,3.67,22.69,123.14,0.41,67.87,2,812,73.49,0.25,97,0.07,Low,11.45
Chennai,Tamil Nadu,13.03878,80.291449,2025-06-12,84.01,39.47,44.09,0.0,26.23,15.11,1.27,65.35,7,103,76.26,0.1,6,0.0,Low,26.45
Howrah,West Bengal,22.652188,88.234078,2024-04-08,127.35,41.32,59.85,4.59,36.42,273.93,1.12,74.72,1,314,60.66,0.47,57,0.03,Low,29.5
Jabalpur,Madhya Pradesh,23.272281,79.910473,2023-03-31,82.06,28.05,32.89,6.26,42.94,38.66,1.52,62.87,1,471,83.18,0.83,131,0.49,Medium,37.97
Bareilly,Uttar Pradesh,28.353366,75.453927,2024-09-09,68.13,23.09,25.47,1.09,37.01,89.79,1.94,52.48,4,454,70.58,1.06,36,0.17,Low,27.65
Guwahati,Assam,26.171608,91.802998,2023-10-02,141.22,44.75,55.52,12.3,52.72,19.75,1.56,87.92,7,1025,75.09,2.02,1117,6.78,High,57.58
Kolkata,West Bengal,22.553185,88.463029,2025-07-04,61.91,20.4,23.97,4.89,41.12,215.59,0.82,70.35,2,1208,29.08,1.08,152,0.22,Low,29.5
Patna,Bihar,25.513912,85.203045,2023-10-02,125.44,88.46,124.92,3.82,63.09,104.24,5.39,90.04,2,4210,70.33,0.58,532,0.33,Low,34.15
Thiruvananthapuram,Kerala,8.500086,76.99384,2023-08-28,80.1,51.92,61.21,4.98,33.45,394.17,1.09,76.69,5,25725,30.8,0.72,11110,9.52,Low,23.71
Thiruvananthapuram,Kerala,8.526094,76.970443,2023-02-27,66.22,30.38,44.97,2.97,38.57,140.33,0.31,33.89,6,1084,62.78,0.48,119,0.27,Low,28.0
Amritsar,Punjab,31.563904,74.859292,2023-05-08,91.24,52.23,66.61,10.44,32.18,135.18,1.43,47.86,3,1433,87.63,2.06,233,1.58,Medium,38.78
Bangalore,Karnataka,12.995337,77.50529,2023-06-02,28.43,10.02,13.53,3.53,19.69,86.28,0.55,88.24,5,2468,86.07,0.83,624,1.67,Low,20.08
Srinagar,Jammu and Kashmir,34.114738,74.810568,2023-01-29,144.23,85.75,119.76,11.89,40.16,103.36,0.58,39.77,3,2293,62.21,3.99,1449,10.43,High,58.08
Guwahati,Assam,26.146314,91.785423,2024-09-07,56.19,30.16,36.34,15.16,19.32,76.03,1.15,64.39,0,20075,73.32,2.41,8823,87.79,Medium,48.78
Varanasi,Uttar Pradesh,25.348313,82.984976,2025-07-09,101.22,77.43,94.7,0.72,43.78,109.36,0.66,87.31,0,47,96.36,0.95,10,0.04,Medium,43.97
Jodhpur,Rajasthan,26.153923,73.027879,2025-08-16,52.73,38.32,47.32,6.75,19.08,223.15,4.25,66.54,0,5887,84.42,0.73,1123,3.33,Low,16.58
Delhi,Delhi,28.697405,77.196353,2023-02-16,100.39,42.36,48.3,2.19,50.3,81.33,2.14,37.34,3,271,55.2,2.47,178,2.1,Medium,39.1
Agra,Uttar Pradesh,27.263907,77.915687,2023-05-05,12.87,5.86,8.25,2.44,17.22,72.63,0.15,58.68,4,81,83.73,0.53,10,0.03,Low,12.56
Agra,Uttar Pradesh,27.275686,78.034982,2023-06-23,47.73,33.38,45.35,8.21,9.44,278.99,0.06,68.0,1,788,84.97,1.11,53,0.1,Low,23.21
Chandigarh,Chandigarh,30.640272,76.687704,2024-08-07,65.35,40.13,44.18,6.55,40.6,34.27,2.02,82.28,2,718,43.31,0.89,217,0.85,Low,34.65
Nashik,Maharashtra,19.926137,73.831159,2023-01-15,41.65,28.81,35.31,2.14,43.28,180.2,0.87,57.06,3,50000,61.06,0.4,18021,27.63,Low,16.14
Bareilly,Uttar Pradesh,28.454458,75.426991,2024-05-23,87.58,27.63,34.4,4.1,33.76,213.96,1.1,62.11,1,643,61.58,0.47,131,0.14,Low,26.17
Visakhapatnam,Andhra Pradesh,17.743052,83.184945,2024-01-03,81.51,47.69,53.5,5.56,26.66,81.1,1.51,29.92,6,5879,66.2,0.97,1713,5.0,Low,32.09
Lucknow,Uttar Pradesh,26.791652,80.993576,2024-10-21,127.71,77.76,101.61,5.45,44.79,152.13,0.5,85.99,4,423,63.43,0.83,295,0.88,Medium,44.4
Chennai,Tamil Nadu,13.168311,80.248606,2024-02-07,68.59,31.27,39.65,4.46,34.5,74.57,0.78,74.62,1,168,69.67,1.22,23,0.13,Medium,35.59
Dhanbad,Jharkhand,23.863562,86.492611,2023-10-17,40.91,15.75,22.1,6.13,35.35,23.72,0.19,42.67,0,482,89.38,0.58,123,0.2,Low,30.08
Patna,Bihar,25.658147,85.224865,2025-01-19,57.25,17.27,25.38,3.57,19.2,129.73,1.09,48.2,1,1645,74.88,0.21,128,0.08,Low,21.01
Vadodara,Gujarat,22.300786,73.197895,2024-07-04,80.68,26.93,34.68,8.23,32.65,223.53,4.05,81.78,6,50000,65.34,1.15,13545,29.04,Low,23.0
Guwahati,Assam,26.138313,91.736965,2025-01-29,46.71,19.76,22.88,2.24,24.6,167.47,6.35,60.86,1,264,35.87,1.07,59,0.27,Low,1.43
Jodhpur,Rajasthan,26.20358,72.997151,2024-12-23,51.19,36.3,47.36,1.47,34.18,51.11,1.44,56.35,5,2380,49.66,0.73,473,1.6,Low,27.97
Ranchi,Jharkhand,23.293281,85.400508,2023-04-28,135.39,103.35,145.51,4.93,41.87,111.87,0.06,87.02,1,156,72.93,2.15,42,0.28,Medium,41.68
Jaipur,Rajasthan,26.990773,75.851061,2023-01-15,80.95,49.8,56.4,5.68,34.26,261.77,1.31,37.79,1,217,59.53,0.31,36,0.04,Low,24.65
Gwalior,Madhya Pradesh,26.156411,78.229275,2023-09-28,113.82,70.33,99.54,1.4,42.86,21.79,2.63,63.21,1,132,68.42,1.3,42,0.21,Medium,38.99
Kota,Rajasthan,25.24525,75.769935,2024-05-28,11.83,8.83,11.03,7.68,21.93,117.86,0.97,33.35,5,403,71.88,0.29,46,0.05,Low,26.47
Varanasi,Uttar Pradesh,25.406063,83.053352,2023-04-08,163.36,124.29,165.44,2.56,52.52,223.5,0.06,82.29,3,15110,58.46,2.44,3991,41.59,Medium,45.17
Kota,Rajasthan,25.115095,75.869667,2024-12-25,90.76,64.71,76.85,5.89,26.07,149.07,0.17,45.22,3,1191,76.63,1.18,134,0.6,Low,33.52
Kalyan,Maharashtra,19.302506,73.207795,2023-11-05,55.66,19.47,22.72,14.94,11.7,118.49,2.38,21.97,4,50,94.94,1.0,6,0.03,Low,32.57
Raipur,Chhattisgarh,21.180314,81.575561,2024-03-28,298.46,232.98,299.62,11.31,87.69,69.29,2.69,58.51,1,746,83.09,7.18,620,18.59,Critical,81.89
Aurangabad,Maharashtra,19.817223,75.370327,2024-04-15,42.74,13.08,19.45,5.34,28.87,61.24,1.75,42.06,3,3378,79.05,0.87,981,2.88,Low,20.67
Guwahati,Assam,26.078,91.824554,2024-08-17,49.92,27.54,36.73,1.08,26.31,142.41,0.21,72.5,4,1407,82.29,0.85,416,1.09,Low,11.2
Rajkot,Gujarat,22.314938,70.878995,2023-07-12,144.37,83.83,97.75,3.69,72.55,94.0,1.51,66.26,2,465,80.28,0.85,388,1.12,Medium,45.61
Kochi,Kerala,9.891728,76.333262,2023-03-10,38.44,25.92,32.22,5.04,31.47,59.24,0.82,60.49,4,672,63.08,0.99,78,0.08,Low,22.01
Jaipur,Rajasthan,26.906485,75.833806,2023-10-29,56.26,37.45,52.48,5.06,34.32,69.32,3.43,81.9,2,4951,73.7,1.1,309,0.37,Low,23.54
Nagpur,Maharashtra,21.24497,79.095745,2024-10-26,89.95,46.79,61.04,7.55,50.62,63.79,2.29,73.33,2,76,32.12,2.37,27,0.15,Medium,41.42
Jodhpur,Rajasthan,26.190207,72.98618,2024-06-19,119.43,70.22,81.11,3.29,54.06,58.02,3.83,89.76,4,1514,68.62,1.41,633,0.97,Medium,37.95
Bhopal,Madhya Pradesh,23.233205,77.479915,2025-09-13,231.32,100.76,114.79,3.06,66.08,53.85,1.54,80.62,6,795,87.59,2.83,553,5.65,High,67.81
Vijayawada,Andhra Pradesh,16.532869,80.680839,2023-04-18,122.87,57.71,85.16,1.76,50.17,160.73,1.45,58.05,4,355,50.33,2.27,295,0.78,Medium,37.49
Dhanbad,Jharkhand,23.82372,86.452025,2023-03-20,278.37,198.63,275.42,20.0,93.23,7.62,1.38,50.27,3,27,59.23,7.16,26,0.76,Critical,100.0
Nashik,Maharashtra,19.938121,73.803442,2023-10-12,74.39,31.17,43.04,4.19,36.55,177.39,2.39,30.85,1,9477,91.05,1.05,3215,16.77,Low,28.99
Vadodara,Gujarat,22.214441,73.238675,2023-03-05,18.05,14.39,21.51,0.0,25.4,9.28,1.11,85.48,4,184,54.13,0.7,28,0.07,Low,21.82
Hubli,Karnataka,15.464393,75.152045,2023-08-20,264.94,110.6,146.75,7.39,69.1,42.36,0.77,44.95,1,22,64.98,7.16,33,0.83,Critical,85.8
Hubli,Karnataka,15.299135,75.093981,2024-09-12,97.25,55.77,68.83,2.1,53.04,68.46,4.13,41.64,5,26117,75.79,0.77,4857,4.84,Low,23.72
Bhopal,Madhya Pradesh,23.354311,77.325591,2024-12-31,25.77,18.35,23.92,5.37,24.45,18.17,0.31,51.53,3,50000,85.75,0.55,7927,14.61,Low,23.0
Visakhapatnam,Andhra Pradesh,17.644578,83.175708,2024-03-31,89.11,38.6,44.16,6.17,40.8,138.67,0.14,27.45,0,303,57.29,0.98,119,0.56,Medium,36.46
Varanasi,Uttar Pradesh,25.318474,83.047508,2023-02-17,28.9,18.23,20.62,4.08,23.76,56.59,1.19,66.86,1,50000,68.6,0.62,4592,9.19,Low,18.8
Allahabad,Uttar Pradesh,25.530986,81.887146,2023-05-15,108.97,61.84,81.57,3.92,47.71,263.17,0.26,48.46,4,6733,88.46,1.07,981,1.83,Low,33.3
Lucknow,Uttar Pradesh,26.915798,80.963784,2025-05-14,66.24,30.97,43.93,8.44,27.27,88.5,2.22,63.74,4,19311,69.41,0.79,8435,25.73,Low,34.73
Hubli,Karnataka,15.311897,75.065246,2025-08-04,147.6,101.48,124.09,6.0,42.07,66.06,1.76,67.81,4,1396,40.24,1.96,302,1.14,Medium,41.14
Mumbai,Maharashtra,19.166243,72.892981,2024-08-16,42.17,28.25,36.11,5.41,14.06,55.21,2.15,57.5,3,168,74.88,1.1,29,0.09,Low,20.96
Kalyan,Maharashtra,19.288214,73.146302,2023-07-18,87.59,43.93,60.28,7.29,32.32,137.21,2.89,85.01,4,1358,65.69,0.27,485,0.22,Low,34.1
Vijayawada,Andhra Pradesh,16.467122,80.623582,2024-09-25,53.0,19.33,26.19,5.91,31.75,11.17,0.11,80.94,7,1941,46.08,2.25,220,0.57,Medium,36.18
Madurai,Tamil Nadu,9.853134,78.144266,2025-06-30,47.17,25.69,34.12,1.76,29.46,96.21,0.32,29.62,1,42,89.9,0.36,2,0.0,Low,15.66
Guwahati,Assam,26.058354,91.779601,2025-02-26,65.67,50.67,75.13,5.91,34.01,23.71,1.94,51.5,1,1828,67.88,0.58,362,0.79,Low,28.88
Indore,Madhya Pradesh,22.629836,75.82514,2025-03-23,147.29,50.78,60.98,11.54,72.17,222.08,0.87,60.76,3,2772,79.95,2.18,777,5.84,High,58.07
Indore,Madhya Pradesh,22.669349,75.901738,2025-05-02,93.7,31.22,36.54,4.67,38.51,37.9,2.98,94.0,5,11,67.81,0.72,2,0.0,Low,33.43
Bhopal,Madhya Pradesh,23.236561,77.432725,2023-04-23,156.89,71.01,91.38,3.79,55.91,51.01,0.89,82.4,4,800,84.89,2.4,255,1.7,Medium,51.5
Bhopal,Madhya Pradesh,23.314239,77.379092,2024-11-29,22.29,15.77,21.89,2.02,13.09,104.39,0.26,30.89,0,1556,82.19,0.87,121,0.37,Low,15.59
Lucknow,Uttar Pradesh,26.754045,80.903694,2024-07-29,161.14,112.94,166.94,6.87,35.94,59.57,1.06,60.89,5,288,92.43,1.05,186,0.8,Medium,47.72
Varanasi,Uttar Pradesh,25.402702,82.90597,2024-04-30,111.63,38.06,52.32,2.47,45.58,60.48,7.28,75.24,1,330,93.53,2.09,127,1.14,Medium,36.17
Jabalpur,Madhya Pradesh,23.201932,79.948258,2024-07-22,146.3,108.59,120.18,17.19,54.22,52.5,2.58,29.6,1,238,62.67,3.13,172,0.69,High,62.46
Kochi,Kerala,9.83977,76.305183,2024-07-10,33.06,17.1,23.28,2.35,26.43,61.79,3.18,35.3,2,6508,67.56,0.81,354,0.35,Low,14.21
Howrah,West Bengal,22.674216,88.345502,2025-09-18,58.61,23.12,26.65,9.19,14.54,179.06,2.02,52.22,5,84,73.32,1.0,13,0.03,Low,26.14
Thiruvananthapuram,Kerala,8.576624,76.999206,2023-02-20,157.38,57.74,76.59,3.67,58.39,6.91,1.68,42.02,2,1230,66.44,2.49,544,2.68,Medium,49.88
Meerut,Uttar Pradesh,28.928718,77.673023,2025-09-25,79.01,59.19,82.31,5.27,40.27,132.19,4.53,82.76,4,50000,79.3,1.1,16118,45.11,Low,23.5
Delhi,Delhi,28.744211,77.032653,2025-06-22,56.19,40.77,47.97,2.92,24.51,73.76,0.13,44.25,2,1287,84.02,0.56,159,0.28,Low,27.0
Varanasi,Uttar Pradesh,25.368764,82.904896,2023-07-06,283.53,145.99,190.81,5.27,79.96,114.1,3.48,88.66,3,404,84.79,3.87,321,1.64,High,60.24
Raipur,Chhattisgarh,21.232198,81.632574,2024-08-15,58.14,42.89,60.24,6.32,28.96,127.67,0.87,74.93,2,80,82.89,0.52,6,0.0,Low,28.3
Amritsar,Punjab,31.617536,74.964124,2024-05-12,21.39,7.6,11.36,11.5,24.02,38.54,2.8,63.09,4,9123,17.33,0.63,1768,3.55,Low,32.63
Raipur,Chhattisgarh,21.333609,81.690643,2024-07-02,41.36,30.12,41.34,1.16,18.89,71.27,4.13,25.04,4,284,97.38,1.16,49,0.2,Low,6.47
Allahabad,Uttar Pradesh,25.415631,81.843311,2024-08-22,48.48,31.94,47.21,3.06,18.2,37.05,2.81,81.44,2,17,89.97,0.92,2,0.01,Low,12.34
Gwalior,Madhya Pradesh,26.254925,78.180747,2024-01-23,146.86,51.38,69.29,8.87,52.6,91.13,2.42,63.14,1,24440,87.34,2.01,6719,26.28,Medium,48.28
Aurangabad,Maharashtra,19.80655,75.254855,2025-05-20,75.23,49.8,72.63,6.95,30.51,234.07,0.54,51.88,4,1926,57.34,0.77,178,0.67,Low,29.25
Srinagar,Jammu and Kashmir,34.10508,74.851033,2024-03-27,117.0,74.09,94.3,6.28,45.9,40.36,0.73,76.04,2,901,37.14,2.31,503,2.93,Medium,46.84
Delhi,Delhi,28.676895,77.139734,2024-08-21,15.98,11.99,16.07,5.22,27.93,45.81,0.3,61.98,5,100,58.26,0.49,28,0.02,Low,24.19
Bangalore,Karnataka,12.998142,77.635179,2024-06-18,88.49,56.27,71.29,9.49,23.11,91.44,0.12,21.93,2,2134,83.17,1.87,786,6.38,Medium,37.22
Meerut,Uttar Pradesh,29.059187,77.730754,2023-03-05,45.68,21.55,26.71,7.54,30.87,22.27,5.02,85.64,1,17493,80.04,0.91,5237,8.74,Low,22.26
Raipur,Chhattisgarh,21.251692,81.645257,2025-01-16,68.3,47.85,70.76,3.3,43.88,40.08,0.26,75.78,3,269,57.3,2.07,67,0.21,Medium,37.42
Guwahati,Assam,26.133812,91.69514,2024-05-18,97.84,35.29,46.35,8.83,24.55,37.62,1.03,67.9,2,1619,74.12,1.5,718,3.06,Medium,43.45
Kalyan,Maharashtra,19.224796,73.12988,2025-05-31,53.21,26.62,37.5,3.7,18.93,263.96,3.82,78.8,4,244,70.75,0.83,32,0.07,Low,15.94
Jabalpur,Madhya Pradesh,23.221049,80.045221,2023-05-07,75.54,28.5,38.32,1.46,28.63,61.59,1.18,65.21,6,4284,93.1,0.87,1059,2.45,Low,19.56
Madurai,Tamil Nadu,9.97593,78.190786,2024-01-11,56.81,20.99,24.72,7.25,47.95,133.29,2.43,57.31,3,2265,37.94,0.4,268,0.46,Low,30.95
Jabalpur,Madhya Pradesh,23.091412,79.98086,2023-08-21,71.68,37.45,42.57,6.1,30.91,45.5,0.61,47.89,3,254,94.31,2.18,107,0.78,Medium,37.63
Allahabad,Uttar Pradesh,25.417784,81.942631,2025-09-06,65.42,27.16,37.57,5.81,39.44,199.02,1.43,29.94,5,1225,62.55,0.21,129,0.06,Low,23.2
Dhanbad,Jharkhand,23.700955,86.416391,2025-01-24,41.1,22.49,31.65,5.21,8.66,63.09,0.56,44.62,1,84,86.56,0.32,34,0.03,Low,25.51
Ranchi,Jharkhand,23.384767,85.343308,2023-07-30,137.49,106.5,140.26,3.39,43.63,66.61,0.96,26.85,6,147,49.07,1.76,62,0.11,Medium,43.12
Kanpur,Uttar Pradesh,26.426242,80.425578,2025-06-02,144.43,68.26,88.76,5.45,50.82,97.31,1.74,60.59,7,3572,92.73,2.39,1751,5.79,Medium,47.86
Bhopal,Madhya Pradesh,23.210876,77.326936,2025-04-05,47.3,25.79,38.18,3.66,15.82,90.77,1.48,40.9,3,5252,55.41,1.12,1818,3.63,Low,17.09
Chennai,Tamil Nadu,12.984166,80.188528,2025-06-08,104.92,46.55,52.74,2.73,39.62,105.3,0.57,89.65,3,235,86.98,0.34,7,0.01,Low,30.33
Kanpur,Uttar Pradesh,26.538772,80.252498,2024-09-25,49.05,21.16,27.88,2.54,40.02,151.08,2.46,74.99,2,576,60.2,0.94,191,0.18,Low,13.74
Rajkot,Gujarat,22.39939,70.755041,2024-01-26,65.92,41.87,53.71,0.54,28.7,230.24,3.35,60.66,0,7682,74.3,0.6,2132,5.75,Low,10.73
Ahmedabad,Gujarat,23.010518,72.640452,2024-04-07,72.7,50.64,73.47,5.5,45.33,30.8,0.45,70.62,7,68,55.22,1.49,47,0.31,Medium,42.12
Gwalior,Madhya Pradesh,26.146404,78.189553,2025-09-02,47.01,16.53,23.58,10.8,17.55,56.06,0.97,56.06,2,1151,77.69,1.87,900,4.22,Medium,39.21
Bangalore,Karnataka,13.008121,77.497266,2023-08-11,114.8,88.68,112.52,6.42,23.05,103.33,1.93,34.5,3,1104,72.69,1.88,280,2.21,Medium,39.9
Guwahati,Assam,26.167226,91.681268,2023-08-05,144.73,48.91,66.7,6.71,48.97,47.95,3.11,74.48,3,14739,55.49,2.21,2917,27.05,Medium,48.04
Bangalore,Karnataka,12.955233,77.50268,2024-10-06,49.05,16.71,22.08,1.59,19.48,42.31,3.65,88.18,3,4819,53.5,0.9,878,3.02,Low,10.72
Kochi,Kerala,10.012687,76.335074,2023-06-26,86.01,67.35,84.14,6.03,31.75,66.88,1.14,81.28,2,436,75.39,0.55,109,0.27,Low,28.05
Hyderabad,Telangana,17.390739,78.456925,2025-09-08,113.6,89.38,122.79,11.75,46.77,62.33,1.21,48.27,1,1275,61.72,1.45,385,0.92,Medium,54.8
Vasai,Maharashtra,19.487932,72.774626,2024-02-10,97.14,70.79,94.58,2.97,37.65,80.24,0.48,80.55,2,359,71.75,0.59,74,0.1,Low,25.66
Meerut,Uttar Pradesh,28.946603,77.783469,2025-03-30,38.84,21.59,27.37,2.29,28.43,28.27,3.96,42.32,1,267,90.44,0.58,23,0.06,Low,14.26
Varanasi,Uttar Pradesh,25.289602,83.05466,2024-02-19,77.69,55.63,74.55,3.93,42.01,78.79,0.14,96.29,2,2312,69.87,0.23,475,0.29,Low,34.08
Hyderabad,Telangana,17.388374,78.563211,2025-07-17,27.74,13.59,15.01,3.99,20.62,21.66,1.41,71.83,5,371,81.26,1.19,115,0.55,Low,15.11
Aurangabad,Maharashtra,19.85911,75.422332,2024-06-04,144.0,111.0,129.18,4.85,54.72,152.29,0.08,63.28,4,3858,58.15,1.01,1791,2.25,Medium,44.29
Vasai,Maharashtra,19.413342,72.902749,2024-02-15,65.51,43.64,52.84,7.32,42.02,86.74,0.44,88.63,6,133,66.73,1.83,32,0.14,Medium,43.01
Bangalore,Karnataka,13.037675,77.535353,2025-03-08,206.59,100.29,123.18,4.78,51.38,177.81,1.08,81.63,2,554,82.78,2.04,299,2.08,High,64.82
Hyderabad,Telangana,17.371571,78.49996,2024-07-02,46.6,27.38,32.32,1.79,30.42,11.99,0.48,34.94,1,1409,88.24,0.63,205,0.5,Low,18.98
Meerut,Uttar Pradesh,29.058657,77.734504,2025-03-30,24.28,17.86,25.78,11.65,23.67,232.26,4.98,53.49,2,4694,38.22,0.14,714,0.13,Low,15.72
Jodhpur,Rajasthan,26.302344,72.964798,2023-12-29,86.82,54.32,64.74,2.17,24.86,255.19,2.03,42.08,3,26528,64.77,1.0,2449,11.12,Low,15.8
Lucknow,Uttar Pradesh,26.797849,80.927546,2024-10-13,160.87,127.4,176.29,8.72,63.56,136.23,7.03,44.56,4,47,67.7,2.37,35,0.2,High,57.3
Faridabad,Haryana,28.436143,77.412094,2023-07-16,43.97,29.04,36.21,12.77,29.35,34.11,10.0,38.94,5,3,70.11,0.93,0,0.0,Low,30.47
Bareilly,Uttar Pradesh,28.272273,75.314928,2023-05-08,77.24,37.64,47.11,5.12,25.99,106.34,3.05,29.27,1,8552,78.27,0.74,2351,7.59,Low,24.18
Vasai,Maharashtra,19.451124,72.841124,2024-01-23,220.72,124.02,185.84,8.49,68.11,152.14,3.93,57.31,1,4441,78.24,3.57,1708,13.3,High,67.4
Hubli,Karnataka,15.393723,75.192071,2023-04-23,87.03,65.0,90.87,4.2,23.45,61.22,4.07,84.88,4,410,86.03,0.44,83,0.07,Low,21.11
Srinagar,Jammu and Kashmir,34.170854,74.837099,2025-05-17,106.18,55.64,61.29,4.43,20.23,135.11,2.91,43.36,4,132,79.47,0.86,15,0.04,Low,33.43
Indore,Madhya Pradesh,22.760328,75.819337,2023-03-26,32.81,11.83,16.15,4.26,40.74,158.27,1.9,65.47,5,95,64.45,0.91,19,0.09,Low,20.0
Kalyan,Maharashtra,19.219079,73.1347,2025-07-20,58.49,29.75,33.66,9.99,28.11,102.78,4.66,90.92,3,569,82.47,0.23,37,0.04,Low,25.03
Pune,Maharashtra,18.496548,73.906859,2023-06-21,23.69,15.62,18.98,4.43,35.84,20.89,7.11,65.13,5,393,59.38,1.14,101,0.47,Low,19.32
Guwahati,Assam,26.171573,91.66359,2025-07-29,77.7,45.27,52.9,1.36,62.69,105.99,1.1,73.16,3,191,66.26,0.34,44,0.04,Low,28.95
Nashik,Maharashtra,19.946228,73.835392,2024-03-19,112.61,65.9,85.27,6.14,29.21,160.58,0.95,70.05,4,668,49.87,2.01,166,0.41,Medium,41.53
Indore,Madhya Pradesh,22.64851,75.833598,2025-05-11,110.21,65.55,95.69,2.16,46.5,288.29,0.12,92.8,4,300,78.38,1.1,73,0.29,Medium,35.43
Jaipur,Rajasthan,26.926682,75.75225,2024-08-28,98.62,35.09,44.27,4.86,31.15,133.02,0.71,83.61,5,698,78.31,0.92,142,0.26,Low,25.93
Chandigarh,Chandigarh,30.74381,76.717898,2023-10-27,88.2,35.96,49.67,3.36,36.57,166.86,2.28,36.63,4,496,78.52,0.58,104,0.11,Low,13.81
Hyderabad,Telangana,17.349668,78.497039,2023-06-15,111.36,85.4,97.79,3.66,27.11,87.01,2.48,55.84,5,724,61.43,2.35,375,1.84,Medium,35.28
Bhopal,Madhya Pradesh,23.218222,77.39125,2025-06-23,34.72,10.45,12.18,2.33,39.07,77.98,2.58,66.73,2,206,79.02,0.57,27,0.07,Low,9.48
Chandigarh,Chandigarh,30.70415,76.734574,2024-05-30,45.11,20.04,22.4,4.9,37.12,59.33,3.1,32.05,4,1746,54.97,0.38,227,0.35,Low,19.59
Vadodara,Gujarat,22.275943,73.268965,2024-06-23,79.65,30.92,38.07,4.48,39.6,93.15,1.23,62.94,5,757,95.78,1.1,37,0.04,Low,32.77
Vijayawada,Andhra Pradesh,16.445947,80.70214,2023-10-14,94.35,41.78,46.0,3.14,40.65,53.59,3.66,51.99,1,249,65.41,0.3,39,0.02,Low,21.78
Raipur,Chhattisgarh,21.28175,81.541535,2024-07-07,141.73,97.69,112.17,3.26,51.04,97.02,0.23,87.11,4,2998,88.68,0.97,430,1.32,Medium,43.67
Indore,Madhya Pradesh,22.681071,75.863122,2023-11-19,47.4,25.3,29.06,1.96,18.6,122.94,0.79,72.43,2,246,99.12,1.11,42,0.07,Low,18.22
Srinagar,Jammu and Kashmir,34.13046,74.868353,2024-06-15,134.92,40.92,55.17,5.14,56.46,238.41,2.03,55.13,4,50000,90.47,2.31,30557,200.14,Medium,38.66
Guwahati,Assam,26.12952,91.776179,2024-05-15,151.18,85.94,98.84,5.18,36.31,97.65,0.15,89.45,2,1393,89.31,2.2,346,1.96,Medium,50.51
Jabalpur,Madhya Pradesh,23.192002,79.973249,2023-11-28,124.54,74.22,83.33,3.01,34.18,115.9,1.0,21.88,4,294,81.31,0.46,57,0.12,Low,29.73
Jodhpur,Rajasthan,26.33473,73.06341,2023-10-13,132.13,67.62,76.61,6.68,44.97,92.35,2.99,77.18,4,46,59.87,1.28,10,0.05,Medium,46.92
Nagpur,Maharashtra,21.172229,79.118479,2023-02-25,29.88,16.63,21.45,1.71,17.44,226.89,1.26,86.8,2,3235,91.36,0.73,730,2.46,Low,2.64
Kolkata,West Bengal,22.587127,88.333406,2023-05-04,67.36,25.8,37.39,4.18,29.97,77.25,2.9,45.5,2,28254,58.16,0.39,4402,1.89,Low,31.33
Amritsar,Punjab,31.612394,74.808708,2024-05-05,61.08,32.85,39.98,2.0,37.98,126.84,1.21,60.84,2,375,60.67,0.14,35,0.01,Low,24.34
Nashik,Maharashtra,20.087277,73.745563,2024-10-18,120.4,81.23,96.21,1.91,40.85,55.25,3.97,91.29,4,818,76.34,2.25,527,1.72,Medium,35.94
Bangalore,Karnataka,12.887507,77.581027,2025-02-17,18.46,7.47,10.57,5.66,3.99,13.91,2.72,41.66,4,287,52.02,0.21,115,0.08,Low,21.34
Vasai,Maharashtra,19.491128,72.778579,2023-12-05,40.97,19.98,24.49,6.57,16.69,35.82,1.42,74.49,0,71,93.82,0.32,5,0.0,Low,24.3
Howrah,West Bengal,22.499381,88.292796,2023-10-08,135.43,67.77,96.64,2.94,46.41,246.62,1.25,67.09,4,85,97.71,0.12,9,0.0,Low,28.16
Amritsar,Punjab,31.651062,74.923689,2024-06-24,85.17,44.26,66.07,1.31,39.3,140.95,0.47,81.4,4,6829,46.12,0.96,1043,2.95,Low,20.87
Guwahati,Assam,26.189875,91.780109,2023-12-01,146.15,102.25,113.95,6.73,37.58,60.52,1.5,68.57,6,758,89.68,0.95,394,1.23,Medium,37.5
Jodhpur,Rajasthan,26.209479,73.025061,2025-05-02,101.02,78.33,93.06,10.22,39.48,59.03,1.48,73.23,3,6289,90.75,1.42,5240,13.01,Medium,54.79
Madurai,Tamil Nadu,10.015238,78.195574,2025-05-02,62.92,30.46,39.51,6.74,20.68,56.37,0.79,39.35,5,877,89.18,0.6,212,0.54,Low,32.13
Hyderabad,Telangana,17.36714,78.563005,2024-01-14,138.31,73.69,87.76,5.53,47.5,71.34,3.49,42.27,2,59,79.17,2.16,32,0.12,Medium,39.3
Varanasi,Uttar Pradesh,25.336355,82.975199,2024-11-10,159.16,74.93,86.05,2.9,50.99,25.6,2.89,69.27,3,2515,74.62,0.94,1411,2.2,Medium,51.13
Vadodara,Gujarat,22.35684,73.246855,2024-07-16,60.83,23.83,31.49,4.64,44.84,124.04,2.03,65.86,3,73,52.62,0.32,16,0.03,Low,31.06
Agra,Uttar Pradesh,27.274541,77.968871,2024-07-15,250.19,117.23,152.9,6.72,70.17,48.81,1.09,45.61,3,50000,93.08,3.54,25188,423.4,High,70.34
Rajkot,Gujarat,22.250846,70.850603,2024-08-16,46.15,31.3,42.35,3.89,50.89,78.62,1.03,73.88,2,4976,68.49,0.67,1635,3.93,Low,14.04
Solapur,Maharashtra,17.749786,75.822461,2024-02-19,38.4,13.19,16.63,4.11,31.27,50.31,1.03,58.16,4,18,82.38,0.42,0,0.0,Low,22.11
Lucknow,Uttar Pradesh,26.932156,81.040528,2024-06-28,94.29,51.37,61.11,3.59,34.24,76.26,2.44,51.14,1,1141,90.37,0.27,295,0.29,Low,16.15
Kanpur,Uttar Pradesh,26.473914,80.421191,2024-11-11,53.48,32.06,44.88,5.91,43.89,44.94,0.28,70.46,6,1528,77.08,1.17,944,3.47,Medium,37.48
Amritsar,Punjab,31.704284,74.964651,2023-11-27,64.63,20.27,22.31,2.66,37.36,273.35,8.58,57.71,5,93,79.87,0.87,13,0.04,Low,6.7
Patna,Bihar,25.54007,85.143713,2023-11-27,147.35,103.14,132.6,1.86,58.25,91.28,8.35,88.23,1,31674,67.49,0.71,13039,40.9,Low,28.65
Kanpur,Uttar Pradesh,26.41045,80.381106,2024-09-03,17.83,11.56,17.22,4.08,19.63,51.81,5.04,55.19,1,2104,54.35,0.18,388,0.23,Low,11.24
Mumbai,Maharashtra,19.127975,72.781563,2024-07-19,99.91,47.08,60.68,1.89,35.67,101.62,4.09,58.76,5,89,60.89,0.92,23,0.06,Low,13.95
Amritsar,Punjab,31.562281,74.915932,2024-03-27,52.04,20.61,29.98,0.92,41.34,47.23,0.21,76.23,3,3295,49.98,0.9,382,1.23,Low,33.59
Dhanbad,Jharkhand,23.834453,86.366515,2023-01-08,94.05,66.34,74.63,6.92,21.45,126.02,3.62,79.36,2,3222,88.26,0.22,552,0.28,Low,21.96
Howrah,West Bengal,22.516164,88.24718,2023-07-01,99.69,57.99,71.14,2.4,30.3,83.92,1.17,55.14,1,739,66.49,0.5,97,0.15,Low,21.79
Delhi,Delhi,28.755783,77.028898,2025-08-12,90.23,70.72,92.94,3.52,49.42,36.78,0.45,70.02,2,170,83.2,2.05,76,0.25,Medium,36.11
Faridabad,Haryana,28.337988,77.375875,2023-01-20,30.77,21.82,31.63,1.84,32.89,80.78,2.15,67.84,2,239,63.12,0.31,38,0.03,Low,13.2
Meerut,Uttar Pradesh,28.90336,77.714986,2024-08-29,161.7,101.06,150.03,4.45,45.65,56.97,3.69,55.27,2,3831,68.88,2.07,1025,5.66,Medium,53.31
Gwalior,Madhya Pradesh,26.130127,78.141787,2023-02-01,45.42,15.83,18.2,2.98,24.33,44.01,1.97,65.61,3,1863,61.18,1.06,335,0.65,Low,21.56
Varanasi,Uttar Pradesh,25.230965,83.058296,2024-12-21,83.05,60.63,87.95,4.48,23.76,130.9,0.91,30.18,5,4120,50.19,0.62,1203,1.17,Low,34.2
Howrah,West Bengal,22.663204,88.233188,2023-11-11,29.56,16.17,21.66,4.33,0.0,60.05,1.36,73.71,1,1083,61.87,0.47,291,0.34,Low,17.3
Allahabad,Uttar Pradesh,25.403695,81.889205,2025-08-13,155.12,49.25,57.75,1.34,68.6,237.42,1.34,49.33,3,217,67.5,1.59,151,1.17,Medium,47.93
Nagpur,Maharashtra,21.195131,79.039385,2025-03-28,82.49,26.84,38.23,4.17,20.42,120.28,0.16,82.75,3,760,81.5,0.46,76,0.13,Low,25.66
Kanpur,Uttar Pradesh,26.384337,80.427655,2024-09-26,62.43,31.44,35.13,5.49,40.82,340.5,2.83,29.89,1,15790,60.61,0.15,2456,1.43,Low,28.87
Kota,Rajasthan,25.148562,75.773937,2023-09-27,81.38,43.95,56.6,8.25,47.1,136.84,0.43,79.65,2,50000,69.96,1.68,9908,38.92,Medium,45.86
Kochi,Kerala,9.984974,76.329147,2024-08-28,45.37,18.65,27.09,8.21,21.16,57.8,2.97,53.66,1,256,92.57,0.91,83,0.34,Low,26.11
Gwalior,Madhya Pradesh,26.276255,78.217212,2023-02-17,63.19,49.3,68.26,4.04,15.88,25.55,3.28,58.29,0,209,70.89,0.97,40,0.04,Low,31.3
Raipur,Chhattisgarh,21.166819,81.700261,2025-05-12,160.38,74.59,89.41,2.97,55.83,136.66,2.83,69.01,4,2195,96.51,1.61,1535,5.88,Medium,39.83
Aurangabad,Maharashtra,19.875107,75.324962,2024-03-21,24.97,12.46,14.07,11.38,30.79,53.15,2.96,59.54,7,601,58.14,0.29,49,0.05,Low,31.75
Meerut,Uttar Pradesh,28.897485,77.783362,2025-08-10,99.13,77.25,109.73,2.89,35.41,189.94,6.01,89.78,3,3227,86.79,0.84,473,1.06,Low,14.31
Nashik,Maharashtra,19.915649,73.841595,2023-01-27,38.95,29.77,40.51,1.8,32.9,187.13,1.35,71.75,4,707,78.98,0.52,157,0.31,Low,10.84
Pune,Maharashtra,18.538029,73.89142,2025-05-22,99.2,33.17,36.79,7.52,49.09,39.5,5.58,69.34,4,822,66.6,2.42,107,0.88,Medium,35.34
Nashik,Maharashtra,20.057104,73.824861,2025-07-26,215.8,162.55,202.07,15.36,63.12,100.88,9.39,32.0,2,1602,52.53,6.12,766,21.35,Critical,79.96
Varanasi,Uttar Pradesh,25.332601,82.947538,2025-03-30,92.84,38.18,50.58,5.14,24.52,117.35,2.83,85.6,5,67,86.99,0.56,9,0.01,Low,24.48
Howrah,West Bengal,22.678247,88.357608,2023-06-07,134.22,70.86,104.18,0.73,40.52,162.06,1.33,62.45,4,50000,80.32,1.48,31004,104.7,Medium,40.0
Hubli,Karnataka,15.319402,75.062452,2023-04-15,70.47,51.77,63.68,4.7,33.22,116.23,1.07,34.12,1,15,46.75,1.01,3,0.01,Low,25.56
Rajkot,Gujarat,22.256646,70.838557,2025-06-23,35.15,23.3,29.83,9.28,11.6,13.64,1.9,37.5,3,144,59.02,0.1,17,0.01,Low,32.73
Jabalpur,Madhya Pradesh,23.187859,79.894668,2023-04-14,98.28,59.74,88.04,2.85,41.28,81.83,0.37,56.67,4,1999,55.87,0.17,487,0.2,Low,34.77
Varanasi,Uttar Pradesh,25.402606,82.88042,2024-05-21,47.85,14.84,18.8,4.28,28.12,48.69,1.71,60.77,2,499,87.49,0.87,139,0.32,Low,20.48
Bareilly,Uttar Pradesh,28.458778,75.370712,2023-11-18,151.14,45.98,64.13,10.77,46.09,92.34,0.14,51.31,3,488,30.7,3.09,219,1.21,High,65.07
Kanpur,Uttar Pradesh,26.389699,80.321808,2024-01-08,48.74,24.56,30.63,2.95,36.05,319.05,2.93,66.48,0,1481,92.67,0.45,182,0.12,Low,8.5
Chennai,Tamil Nadu,13.065228,80.232667,2023-08-18,130.69,96.45,143.83,2.22,64.65,69.94,0.62,25.15,3,1346,58.38,1.74,904,5.49,Medium,47.68
Lucknow,Uttar Pradesh,26.827431,81.007482,2024-09-04,54.2,34.0,50.85,5.83,31.48,103.93,0.8,90.06,7,349,41.46,0.39,117,0.05,Low,30.0
Delhi,Delhi,28.624811,77.194676,2023-09-26,102.02,69.88,83.3,0.64,49.96,207.16,3.37,47.51,1,263,54.85,0.67,40,0.04,Low,27.36
Kanpur,Uttar Pradesh,26.46542,80.256545,2025-09-09,35.0,23.18,33.69,0.0,11.55,107.06,0.52,69.05,1,48,34.75,0.57,3,0.0,Low,11.33
Vadodara,Gujarat,22.237029,73.228622,2025-01-29,36.64,18.85,25.05,2.44,39.32,79.46,1.73,61.92,0,15464,77.23,0.48,3040,3.57,Low,12.98
Indore,Madhya Pradesh,22.777727,75.898091,2024-11-12,82.14,58.14,73.41,0.0,26.51,52.6,10.0,57.63,4,22,77.46,0.21,2,0.0,Low,19.76
Solapur,Maharashtra,17.703617,75.970101,2024-04-28,44.95,15.42,16.97,2.77,17.47,84.33,1.16,80.35,2,322,83.8,1.02,43,0.18,Low,18.36
Amritsar,Punjab,31.565411,74.812672,2023-12-02,91.88,33.15,40.62,4.02,42.83,111.92,2.18,94.49,3,2785,83.4,0.84,411,1.2,Low,29.39
Howrah,West Bengal,22.632927,88.302225,2024-08-17,38.65,14.26,19.0,3.42,33.04,35.6,1.45,61.87,5,92,92.51,0.99,27,0.12,Low,21.3
Vijayawada,Andhra Pradesh,16.503481,80.602784,2023-05-12,122.9,80.57,93.43,10.38,46.71,119.16,0.62,71.29,4,13731,78.45,2.1,3569,8.46,Medium,54.0
Delhi,Delhi,28.652577,77.092243,2025-01-21,146.1,114.42,154.4,1.74,39.67,24.53,1.16,55.56,5,1796,54.79,2.09,496,4.22,Medium,37.03
Kalyan,Maharashtra,19.274796,73.057124,2024-01-10,90.14,39.92,46.73,1.19,45.65,35.85,5.71,50.14,5,46,53.29,0.31,5,0.01,Low,21.98
Jodhpur,Rajasthan,26.160709,72.977573,2023-02-23,35.46,17.31,25.1,7.61,12.79,86.17,2.4,43.56,5,4712,84.49,0.94,1214,2.03,Low,18.77
Indore,Madhya Pradesh,22.725651,75.812962,2024-01-18,125.05,57.58,83.5,6.26,32.1,49.21,0.63,95.33,4,2155,67.99,2.42,796,3.28,Medium,47.26
Indore,Madhya Pradesh,22.665125,75.94115,2024-10-11,73.11,27.21,33.07,2.11,37.7,62.32,0.22,31.46,3,37,82.16,0.71,16,0.03,Low,31.56
Pune,Maharashtra,18.440541,73.945572,2025-04-30,194.5,144.55,189.13,5.53,66.49,77.68,3.26,82.68,1,5144,74.38,3.69,5356,85.86,High,61.74
Kanpur,Uttar Pradesh,26.426524,80.26198,2024-09-02,54.53,19.16,21.77,5.34,17.12,69.03,1.14,94.55,2,144,96.37,0.91,58,0.15,Low,28.68
Srinagar,Jammu and Kashmir,34.137319,74.778349,2024-07-24,65.55,26.96,37.03,4.19,31.04,99.75,0.09,62.32,3,50000,77.14,2.3,29215,261.08,Medium,35.6
Surat,Gujarat,21.237399,72.788629,2024-12-02,86.05,66.28,75.57,9.27,41.37,36.76,0.28,48.91,1,112,46.32,2.42,44,0.16,Medium,51.63
Solapur,Maharashtra,17.692035,75.841504,2023-09-02,71.86,30.43,38.45,6.78,22.26,167.46,0.69,31.4,2,69,74.32,0.41,11,0.02,Low,26.44
Pune,Maharashtra,18.472103,73.800554,2023-06-24,55.69,32.92,44.93,7.05,53.47,60.02,2.57,79.83,4,18,76.57,0.18,0,0.0,Low,33.1
Raipur,Chhattisgarh,21.185581,81.53872,2024-05-13,102.45,47.43,67.99,6.09,51.88,63.38,1.55,81.7,3,98,68.74,2.02,51,0.43,Medium,45.89
Kota,Rajasthan,25.159157,75.82295,2025-04-03,91.12,61.51,73.71,8.08,34.83,35.1,1.46,82.31,3,50000,67.42,2.12,28885,271.05,Medium,40.18
Pune,Maharashtra,18.563601,73.87657,2024-10-06,93.98,31.33,43.86,2.07,33.63,50.5,5.41,85.4,1,8272,88.88,0.99,2201,4.03,Low,13.72
Gwalior,Madhya Pradesh,26.278714,78.264961,2024-11-17,62.3,40.73,52.74,1.55,37.76,138.2,0.22,82.26,2,587,64.5,0.22,61,0.03,Low,22.31
Guwahati,Assam,26.048482,91.639328,2023-04-03,73.32,30.22,40.22,3.34,48.76,140.74,1.19,35.74,4,214,71.13,0.88,48,0.19,Low,30.91
Solapur,Maharashtra,17.62107,75.994043,2024-06-15,14.93,7.91,10.56,5.37,11.75,99.56,1.61,59.8,2,1040,89.41,0.6,484,1.38,Low,24.53
Gwalior,Madhya Pradesh,26.279527,78.232541,2023-02-06,90.78,65.22,73.37,8.42,49.27,62.6,0.07,52.58,3,1121,84.9,1.95,889,4.66,Medium,42.37
Mumbai,Maharashtra,19.115999,72.954069,2024-09-27,56.16,39.13,43.75,2.09,29.35,24.99,0.34,44.32,5,122,57.12,0.15,24,0.01,Low,28.24
Ahmedabad,Gujarat,23.041779,72.48208,2025-04-11,45.18,15.09,22.52,1.18,30.87,261.86,2.16,76.06,4,1944,73.04,0.6,473,0.66,Low,5.89
Vadodara,Gujarat,22.246154,73.13698,2024-10-07,25.24,14.53,18.05,3.93,28.18,64.46,0.52,61.54,4,116,73.91,0.72,31,0.09,Low,13.58
Srinagar,Jammu and Kashmir,34.144613,74.760372,2023-12-12,20.91,8.92,12.8,1.37,4.63,90.0,4.93,40.26,2,2694,58.6,0.56,133,0.33,Low,11.61
Thiruvananthapuram,Kerala,8.551693,76.855728,2023-08-28,42.41,19.74,23.02,7.29,43.27,63.68,3.06,59.73,1,3739,29.8,0.23,1464,0.45,Low,32.82
Meerut,Uttar Pradesh,28.90611,77.689407,2025-06-12,83.83,34.73,47.86,4.88,45.7,180.99,3.87,89.7,2,1958,59.78,0.33,246,0.13,Low,26.5
Bhopal,Madhya Pradesh,23.301222,77.460368,2023-07-25,27.77,14.49,18.28,0.0,41.98,10.09,2.32,63.16,3,1032,70.52,0.87,81,0.24,Low,22.24
Ranchi,Jharkhand,23.311811,85.265163,2024-08-26,97.58,76.4,94.02,4.41,45.67,164.1,0.45,73.01,6,440,63.37,1.31,209,0.44,Medium,39.97
Howrah,West Bengal,22.619562,88.300507,2023-11-07,116.27,87.1,113.86,5.95,49.04,32.42,4.01,49.78,4,623,92.11,2.15,463,4.45,Medium,45.74
Visakhapatnam,Andhra Pradesh,17.602844,83.255048,2023-03-21,79.26,46.06,68.46,4.05,47.54,14.69,0.3,18.92,4,2981,59.5,1.15,495,1.65,Medium,45.44
Hyderabad,Telangana,17.440425,78.568606,2023-03-21,80.02,49.11,73.28,7.19,36.72,155.24,0.2,41.6,3,156,79.77,0.95,27,0.1,Medium,38.28
Bareilly,Uttar Pradesh,28.300388,75.482486,2023-07-01,87.53,69.45,84.21,14.89,39.79,39.12,2.34,58.67,3,299,93.26,2.44,112,1.12,Medium,40.61
Rajkot,Gujarat,22.277184,70.868693,2023-10-05,38.31,29.11,40.31,1.21,23.78,256.71,3.45,85.32,1,2856,75.34,0.8,589,1.5,Low,0.0
Guwahati,Assam,26.219043,91.720722,2023-03-23,58.15,44.49,54.48,1.88,32.42,60.51,0.36,76.77,4,54,73.09,0.54,6,0.0,Low,24.68
Jabalpur,Madhya Pradesh,23.116348,80.06938,2024-06-15,47.33,21.41,30.79,5.72,6.99,106.93,4.37,39.26,5,7653,75.35,1.0,1871,7.02,Low,12.18
Agra,Uttar Pradesh,27.151827,77.91613,2023-09-27,154.45,55.44,75.25,3.03,54.92,60.93,1.2,27.26,3,50000,92.2,1.07,15938,30.29,Medium,44.57
Kolkata,West Bengal,22.480715,88.458099,2023-08-20,98.18,30.26,45.06,5.02,62.46,90.06,2.94,33.68,5,6380,83.05,2.19,4972,29.75,Medium,40.81
Kota,Rajasthan,25.245483,75.924706,2023-07-29,25.9,19.27,24.94,8.18,27.42,178.61,3.19,87.18,1,5194,92.94,0.11,1058,0.53,Low,16.61
Meerut,Uttar Pradesh,28.896672,77.720484,2025-04-03,93.71,57.86,66.85,1.77,34.5,134.65,0.56,54.4,4,50000,40.66,0.24,4495,3.05,Low,28.97
Bangalore,Karnataka,13.059715,77.553323,2023-05-15,192.59,121.95,177.48,13.08,88.18,97.04,1.69,73.93,3,1185,35.34,6.57,912,10.42,Critical,76.29
Agra,Uttar Pradesh,27.138844,77.981986,2023-10-31,185.23,106.17,155.97,2.95,52.11,197.63,0.57,33.31,1,4588,85.19,1.38,1083,7.03,Medium,53.79
Hubli,Karnataka,15.265458,75.174702,2024-01-17,50.97,35.77,43.84,8.92,19.6,50.85,0.84,40.64,2,1165,77.56,1.56,808,2.4,Medium,37.22
Mumbai,Maharashtra,19.075234,72.782822,2024-10-23,104.52,50.65,59.8,5.46,37.14,110.46,4.38,59.88,4,690,89.89,0.88,260,0.93,Low,28.38
Jabalpur,Madhya Pradesh,23.245079,79.994111,2023-12-06,46.85,17.89,22.02,7.11,31.49,168.8,0.32,50.61,4,321,76.57,0.27,96,0.05,Low,27.62
Howrah,West Bengal,22.500961,88.334569,2024-04-03,84.17,27.35,30.71,9.58,26.74,106.49,0.78,42.09,0,50000,80.83,0.25,5242,3.1,Low,33.57
Nagpur,Maharashtra,21.210298,79.084664,2024-02-14,165.96,112.04,130.47,6.69,43.09,25.53,7.74,58.15,3,954,55.63,1.37,751,4.22,Medium,49.06
Jaipur,Rajasthan,27.009032,75.722776,2024-10-17,108.44,42.72,53.65,8.21,45.78,60.76,1.11,16.81,4,467,53.48,2.0,234,1.23,Medium,53.97
Rajkot,Gujarat,22.260167,70.787579,2024-03-26,50.3,19.17,25.57,1.11,4.15,46.05,1.68,63.26,3,72,81.59,0.21,15,0.01,Low,24.84
Allahabad,Uttar Pradesh,25.405542,81.776192,2023-10-14,101.2,54.36,61.19,2.48,33.74,34.0,4.95,17.8,1,706,47.25,0.16,186,0.04,Low,32.39
Nashik,Maharashtra,20.088177,73.871884,2023-05-14,35.38,20.55,30.14,4.35,45.4,100.7,3.85,14.83,1,1370,38.47,0.72,155,0.53,Low,16.24
Varanasi,Uttar Pradesh,25.383776,82.947409,2024-12-15,170.54,90.4,110.74,4.55,52.0,42.27,0.2,63.84,2,34,84.08,2.76,8,0.04,High,65.71
Madurai,Tamil Nadu,9.838255,78.175716,2025-02-10,48.19,33.75,41.27,4.69,12.88,162.96,4.58,62.08,4,2145,52.06,0.81,162,0.65,Low,14.76
Solapur,Maharashtra,17.675974,75.818838,2024-06-13,109.59,41.93,46.85,3.65,54.7,129.04,0.09,85.87,2,393,87.85,1.38,247,1.61,Medium,38.69
Indore,Madhya Pradesh,22.766395,75.853088,2023-05-29,91.45,51.77,77.44,2.19,31.0,158.04,1.04,82.45,2,23535,83.7,0.65,2502,2.36,Low,23.53
Hyderabad,Telangana,17.44164,78.505873,2023-08-04,96.08,76.34,86.61,1.75,29.44,87.45,0.95,79.13,0,2024,56.54,0.21,270,0.07,Low,30.21
Kolkata,West Bengal,22.558219,88.447564,2025-03-30,115.73,43.8,57.22,6.43,42.69,107.97,2.28,39.54,1,933,43.4,1.96,283,2.49,Medium,41.68
Jodhpur,Rajasthan,26.184107,73.098398,2024-06-19,194.1,127.8,187.18,2.0,51.31,144.96,0.45,74.11,5,35,86.14,1.27,5,0.02,Medium,50.35
Bhopal,Madhya Pradesh,23.183916,77.512348,2024-03-18,143.47,70.39,83.51,5.95,39.96,134.75,1.44,59.03,3,35,67.59,2.43,27,0.12,Medium,39.08
Kalyan,Maharashtra,19.146826,73.075265,2025-03-15,126.05,68.25,83.96,3.25,42.25,73.62,0.45,73.58,2,811,80.13,1.34,209,0.53,Medium,46.53
Ranchi,Jharkhand,23.362217,85.342015,2024-07-02,40.77,32.38,47.4,0.68,31.48,150.05,0.96,88.09,3,201,97.59,0.38,43,0.04,Low,12.91
Visakhapatnam,Andhra Pradesh,17.61718,83.295815,2024-04-18,119.92,37.16,54.07,9.51,34.55,148.08,9.04,64.39,4,1040,93.04,0.3,327,0.43,Low,31.92
Nagpur,Maharashtra,21.132341,79.163934,2024-12-19,32.95,17.93,22.59,5.69,17.94,144.15,0.56,95.21,1,19350,89.55,1.13,3719,15.78,Low,23.15
Dhanbad,Jharkhand,23.767384,86.42891,2024-10-17,223.59,73.37,90.09,4.79,58.72,53.66,6.29,79.4,6,538,61.55,3.04,280,3.72,High,55.01
Rajkot,Gujarat,22.225806,70.717267,2023-10-23,37.42,12.33,15.41,4.76,30.87,85.57,1.16,54.54,1,44553,52.95,0.79,15789,26.82,Low,21.21
Ahmedabad,Gujarat,23.045714,72.474233,2024-07-12,63.14,20.18,29.47,14.96,7.45,91.17,0.81,68.51,1,1585,48.82,1.09,740,2.81,Medium,46.87
Ranchi,Jharkhand,23.287437,85.250768,2023-04-11,67.26,44.28,51.53,3.41,14.3,16.93,1.42,32.5,4,274,83.5,0.13,37,0.02,Low,28.22
Nashik,Maharashtra,20.096151,73.740042,2023-02-27,193.82,98.82,137.96,1.93,56.72,190.67,3.15,23.51,3,258,76.35,1.92,123,0.96,Medium,42.47
Bangalore,Karnataka,12.973223,77.529837,2024-05-10,93.59,71.38,96.86,1.12,46.96,61.18,0.45,68.95,4,8621,89.21,1.71,1920,14.82,Medium,35.17
Raipur,Chhattisgarh,21.228798,81.542703,2024-09-20,112.2,87.94,127.4,5.03,23.06,6.4,2.63,66.59,3,139,80.16,0.93,58,0.14,Medium,44.29
Gwalior,Madhya Pradesh,26.262966,78.168788,2024-12-03,173.1,97.27,136.26,8.74,46.96,229.07,0.63,85.82,3,323,92.66,2.43,411,2.32,High,59.66
Delhi,Delhi,28.628987,77.101171,2023-03-14,83.01,54.17,64.46,3.66,56.37,46.68,3.78,56.75,2,381,56.68,0.72,54,0.12,Low,26.22
Faridabad,Haryana,28.34988,77.310661,2024-12-15,67.28,49.5,60.72,2.88,27.33,57.58,2.12,74.72,1,1984,81.3,1.08,747,1.7,Low,21.25
Kota,Rajasthan,25.221741,75.827043,2024-05-14,48.19,16.08,21.31,2.63,37.16,115.03,1.48,34.58,3,326,73.57,1.07,97,0.42,Low,6.44
Hyderabad,Telangana,17.412768,78.486296,2023-12-12,38.83,15.58,19.91,6.07,30.75,21.25,4.05,48.57,2,113,71.38,0.82,11,0.04,Low,19.55
Guwahati,Assam,26.199679,91.668169,2023-02-20,68.69,44.7,58.99,3.25,26.09,161.12,5.13,69.7,4,330,84.15,0.5,49,0.08,Low,9.15
Hyderabad,Telangana,17.32249,78.537095,2024-09-21,114.15,67.98,96.65,5.51,40.45,18.71,2.1,71.11,6,1496,84.1,2.11,348,3.06,Medium,41.27
Varanasi,Uttar Pradesh,25.298478,82.91001,2023-09-27,158.05,108.37,121.77,1.58,28.19,107.12,1.0,51.18,2,2793,55.44,2.04,2662,13.16,Medium,45.74
Meerut,Uttar Pradesh,28.914949,77.765636,2025-02-14,101.13,40.03,44.08,7.38,36.01,110.73,7.74,77.7,1,83,82.94,1.23,69,0.19,Medium,38.02
Bhopal,Madhya Pradesh,23.297407,77.379306,2025-01-04,193.54,133.01,150.49,7.96,48.34,112.5,1.74,78.75,4,677,56.07,2.13,533,2.29,High,60.39
Bangalore,Karnataka,12.922948,77.673558,2025-08-09,94.2,28.54,37.35,5.97,46.88,77.95,0.61,47.52,3,5977,63.02,2.27,3943,14.33,Medium,37.22
Faridabad,Haryana,28.423832,77.321938,2025-02-22,145.99,72.13,94.18,6.83,83.14,105.07,5.2,32.56,3,2213,96.65,1.13,1102,5.88,Medium,44.31
Vadodara,Gujarat,22.227593,73.205439,2024-11-10,41.36,21.6,30.52,3.07,41.8,76.97,0.28,27.34,2,5848,91.16,0.7,1102,3.64,Low,26.6
Pune,Maharashtra,18.558069,73.912817,2025-01-24,61.67,36.04,43.52,7.13,45.17,128.19,2.01,59.48,5,1590,64.14,1.05,480,0.69,Low,31.17
Howrah,West Bengal,22.569292,88.195172,2025-04-10,83.9,46.25,66.81,5.83,34.1,225.11,1.42,29.8,1,11035,89.75,0.75,2387,6.85,Low,19.58
Hubli,Karnataka,15.302574,75.179657,2023-03-11,46.4,33.86,41.63,3.73,31.82,31.45,0.55,79.21,2,70,88.1,0.4,19,0.04,Low,24.86
Ahmedabad,Gujarat,23.047045,72.661643,2023-12-18,90.4,48.58,54.07,4.0,22.88,154.4,0.88,80.09,0,4268,57.57,0.5,393,0.29,Low,26.55
Gwalior,Madhya Pradesh,26.285631,78.12464,2025-01-16,48.94,19.2,24.7,7.2,28.37,334.88,0.69,50.18,3,453,48.6,0.43,58,0.06,Low,19.88
Rajkot,Gujarat,22.367968,70.732784,2025-05-09,93.17,65.99,92.47,7.72,59.15,113.47,0.97,71.11,4,159,82.44,1.91,94,0.67,Medium,44.42
Kalyan,Maharashtra,19.307595,73.220873,2024-04-12,49.21,38.43,56.06,3.19,24.43,121.14,0.03,58.04,2,1120,72.96,0.19,137,0.04,Low,16.78
Mumbai,Maharashtra,19.168885,72.803767,2024-05-18,46.4,28.65,32.97,2.39,37.53,33.09,1.84,88.95,3,15,93.64,1.13,2,0.0,Low,13.14
Gwalior,Madhya Pradesh,26.235425,78.21063,2023-12-02,130.83,85.1,114.81,7.34,37.28,22.39,2.82,67.9,1,50000,74.77,1.7,21843,174.36,Medium,46.79
Solapur,Maharashtra,17.623655,75.854576,2025-06-26,47.79,26.11,32.1,4.56,34.72,48.11,0.71,47.01,2,2622,40.99,0.66,733,1.96,Low,24.61
Kolkata,West Bengal,22.636299,88.415677,2023-01-23,126.55,59.64,87.74,4.86,50.46,150.03,2.9,52.4,4,2541,71.29,1.99,1610,11.27,Medium,41.55
Lucknow,Uttar Pradesh,26.945946,80.931637,2024-01-20,31.91,11.81,16.56,3.64,29.74,110.25,0.51,59.73,3,484,86.07,0.81,118,0.12,Low,12.36
Vadodara,Gujarat,22.259886,73.146268,2023-11-16,108.99,76.14,111.17,5.17,21.14,92.04,9.7,29.46,1,433,96.61,0.94,49,0.19,Low,30.81
Jodhpur,Rajasthan,26.324746,72.939196,2024-05-14,47.15,29.05,43.15,2.36,50.8,59.56,2.38,31.42,2,182,89.28,0.49,28,0.05,Low,17.58
Aurangabad,Maharashtra,19.939085,75.258061,2023-04-03,84.41,27.24,40.31,3.01,24.5,43.75,2.69,86.24,2,2751,68.64,1.13,280,0.42,Low,26.5
Varanasi,Uttar Pradesh,25.402168,83.037102,2025-02-15,71.61,49.97,63.63,0.7,30.72,262.85,0.99,60.86,6,306,52.82,0.21,73,0.05,Low,20.57
Agra,Uttar Pradesh,27.231164,78.015139,2025-06-16,172.48,111.41,144.71,3.57,43.24,48.1,0.12,33.35,1,119,83.29,3.84,94,1.28,High,56.37
Kolkata,West Bengal,22.55518,88.363965,2025-01-24,10.67,6.52,7.59,9.05,27.97,32.26,0.91,51.12,6,858,68.82,1.03,155,0.69,Low,30.47
Surat,Gujarat,21.130656,72.758265,2024-12-24,47.18,18.94,24.87,1.87,27.29,60.24,1.48,6.24,4,865,85.94,0.72,110,0.26,Low,12.98
Bhopal,Madhya Pradesh,23.181315,77.38452,2024-07-09,42.59,19.76,23.81,0.06,16.93,28.34,6.28,44.8,2,1304,80.63,0.91,209,0.56,Low,11.8
Mumbai,Maharashtra,19.151807,72.941008,2025-02-23,114.46,36.85,51.28,14.25,34.5,76.22,0.43,28.3,1,5491,51.98,2.95,5778,59.26,High,56.43
Delhi,Delhi,28.746078,77.03287,2023-03-22,155.39,97.14,131.86,4.82,60.74,71.11,1.26,61.68,5,28,65.77,2.8,7,0.06,High,62.11
Visakhapatnam,Andhra Pradesh,17.638259,83.162966,2024-03-09,18.09,9.92,13.12,3.52,36.43,148.39,1.55,72.31,2,24281,93.95,0.4,3618,6.47,Low,8.8
Bhopal,Madhya Pradesh,23.169492,77.407453,2024-11-11,65.88,20.57,26.64,2.61,47.96,14.72,0.81,40.84,3,359,79.28,0.85,61,0.19,Low,34.31
Jodhpur,Rajasthan,26.275216,73.063158,2023-08-29,267.4,119.22,166.75,9.4,80.71,133.48,0.91,65.99,4,11544,67.23,6.54,21864,454.39,Critical,78.83
Mumbai,Maharashtra,19.024711,72.784399,2025-03-03,153.54,110.39,150.7,15.33,47.73,21.38,2.9,48.71,1,6981,80.04,2.41,3541,28.19,High,69.23
Vijayawada,Andhra Pradesh,16.512805,80.746156,2024-05-11,178.77,118.74,157.97,1.64,63.15,32.1,0.22,30.27,0,27955,96.28,2.44,18911,59.52,High,59.97
Patna,Bihar,25.535648,85.080563,2023-09-14,111.06,84.16,120.93,0.34,53.41,63.48,0.37,33.97,0,314,92.86,1.06,84,0.3,Medium,38.93
Chandigarh,Chandigarh,30.683916,76.751853,2024-07-23,114.38,34.76,39.14,12.93,47.4,21.47,0.19,44.35,1,210,79.92,2.28,179,0.67,High,60.71
Ahmedabad,Gujarat,23.093661,72.600573,2024-06-25,59.21,42.35,55.25,2.37,39.05,121.86,3.19,60.5,2,11007,76.2,0.49,2940,3.57,Low,17.64
Delhi,Delhi,28.66591,77.114429,2024-04-01,42.86,20.38,27.85,3.0,42.2,28.17,1.26,50.45,3,2423,94.78,0.72,322,1.02,Low,21.29
Varanasi,Uttar Pradesh,25.287968,82.880773,2024-03-21,260.64,206.56,228.59,1.46,75.38,79.87,2.11,35.6,1,6583,36.65,3.0,4303,46.67,High,56.89
Hyderabad,Telangana,17.393977,78.454007,2025-02-02,43.29,33.49,41.17,4.42,22.37,75.79,0.55,35.38,1,1586,76.23,0.82,532,0.95,Low,20.14
Surat,Gujarat,21.244145,72.901133,2025-02-16,92.3,64.16,91.7,6.57,33.58,26.66,1.73,46.77,3,158,80.11,2.32,56,0.47,Medium,35.43
Kanpur,Uttar Pradesh,26.450553,80.256716,2025-08-20,51.73,17.44,24.56,1.24,30.04,149.85,1.88,41.62,6,164,56.82,1.17,15,0.04,Low,21.0
Chandigarh,Chandigarh,30.751684,76.709821,2023-05-03,181.26,136.75,196.35,10.53,48.11,90.37,1.32,69.74,6,6,71.43,2.05,2,0.01,High,66.99
Vadodara,Gujarat,22.245751,73.171985,2024-10-18,88.2,69.16,97.61,8.36,51.77,222.93,0.02,79.09,3,269,90.64,0.59,24,0.02,Low,32.21
Amritsar,Punjab,31.620167,74.776501,2025-02-25,93.45,69.52,76.63,5.75,37.42,171.23,7.43,76.18,2,589,47.58,0.56,49,0.04,Low,24.74
Bangalore,Karnataka,12.952,77.504035,2024-01-01,51.36,39.49,46.73,2.17,31.68,55.01,0.4,73.8,2,45,85.11,0.74,2,0.0,Low,29.86
Guwahati,Assam,26.224,91.643093,2023-04-02,45.0,29.69,34.75,4.93,32.67,22.65,0.91,87.3,4,4650,72.4,0.18,1130,0.46,Low,29.52
Vasai,Maharashtra,19.389971,72.902347,2025-09-07,89.18,68.01,79.88,0.07,46.1,107.46,6.24,40.53,5,3526,78.23,0.79,647,2.11,Low,14.33
Coimbatore,Tamil Nadu,10.983197,76.992254,2023-12-01,218.7,160.42,223.0,3.32,44.2,92.67,2.98,39.74,2,3917,77.3,3.32,3800,49.14,High,60.9
Kalyan,Maharashtra,19.298775,73.199282,2023-08-22,29.18,14.88,21.07,1.74,11.6,192.67,2.44,77.31,3,2873,70.25,0.81,959,1.04,Low,7.17
Mumbai,Maharashtra,19.079825,72.792234,2024-04-01,30.87,14.43,20.43,11.07,20.98,47.6,1.57,81.6,6,56,48.3,0.78,19,0.06,Low,30.14
Meerut,Uttar Pradesh,28.923581,77.683288,2023-12-02,49.25,36.7,51.34,5.99,24.4,88.43,0.11,67.67,5,449,87.81,1.19,41,0.11,Low,23.3
Delhi,Delhi,28.646788,77.047346,2024-06-30,101.55,56.52,70.16,8.24,23.39,228.22,2.3,60.68,3,73,83.12,0.86,9,0.02,Low,32.74
Pune,Maharashtra,18.485895,73.797604,2024-02-03,104.57,74.66,103.01,4.75,39.82,42.47,1.42,65.21,3,3608,89.76,0.9,1887,6.19,Medium,38.95
Vadodara,Gujarat,22.391343,73.127557,2023-08-13,68.83,49.26,54.86,4.21,31.1,47.3,0.31,93.98,3,102,63.09,0.11,29,0.01,Low,34.56
Patna,Bihar,25.592023,85.089272,2025-09-03,107.59,83.42,109.29,1.75,38.9,86.88,3.55,49.67,7,907,81.77,0.72,171,0.27,Low,29.58
Guwahati,Assam,26.178486,91.777474,2023-02-14,69.65,22.87,31.95,7.02,29.03,166.8,0.36,88.64,3,639,81.35,1.45,182,1.28,Medium,37.07
Kota,Rajasthan,25.26409,75.766632,2025-08-21,52.74,29.47,43.6,3.27,5.31,108.61,2.14,83.16,2,3142,80.82,1.16,169,0.43,Low,18.03
Vadodara,Gujarat,22.30313,73.119179,2025-09-12,139.4,65.94,87.21,6.44,28.67,75.62,3.12,61.05,3,7153,70.3,0.97,5295,14.01,Medium,38.1
Rajkot,Gujarat,22.246194,70.714418,2024-05-22,94.1,43.28,61.84,1.48,39.92,40.5,2.99,97.21,3,5500,59.3,0.98,275,1.24,Low,20.97
Vadodara,Gujarat,22.286148,73.099636,2025-04-04,22.95,10.11,12.36,5.06,11.29,106.58,2.38,96.48,4,362,76.59,0.13,98,0.04,Low,9.1
Kochi,Kerala,9.910815,76.342642,2023-01-11,39.52,22.79,28.76,2.49,2.49,53.36,2.11,38.65,4,981,62.41,1.06,419,0.77,Low,11.72
Vasai,Maharashtra,19.41276,72.724537,2024-10-28,106.23,48.67,70.29,8.69,51.5,150.01,2.18,52.51,4,427,81.76,2.06,96,0.39,Medium,47.72
Ahmedabad,Gujarat,22.975836,72.504212,2025-01-23,35.64,11.74,15.79,1.6,23.97,252.24,2.21,91.97,4,2186,83.81,0.66,424,0.5,Low,3.8
Visakhapatnam,Andhra Pradesh,17.671536,83.271108,2024-02-05,30.96,17.53,23.65,5.83,11.83,78.07,3.23,28.13,2,1316,59.24,1.01,214,0.46,Low,15.68
Ranchi,Jharkhand,23.345245,85.250048,2023-12-25,104.59,46.94,58.81,4.66,28.12,28.06,0.43,37.62,4,320,58.04,1.3,200,1.14,Medium,44.73
Bareilly,Uttar Pradesh,28.447095,75.410632,2024-09-23,28.32,14.01,18.29,9.55,21.36,42.21,0.8,77.4,2,34,98.06,1.09,6,0.03,Medium,36.08
Guwahati,Assam,26.208825,91.783639,2025-02-13,25.35,13.63,16.61,1.93,29.43,68.38,4.62,30.3,2,4978,86.73,0.98,484,0.49,Low,10.61
Aurangabad,Maharashtra,19.848362,75.313421,2024-02-20,11.3,3.83,5.1,2.07,42.4,62.17,4.87,57.46,5,5448,89.33,0.16,1523,0.93,Low,10.8
Srinagar,Jammu and Kashmir,33.992983,74.885929,2024-04-16,120.12,79.28,117.57,2.45,31.93,41.04,1.4,32.05,6,676,89.05,2.25,249,1.98,Medium,40.39
Hyderabad,Telangana,17.466161,78.429166,2024-05-01,117.23,79.28,105.86,8.07,46.5,28.44,3.22,46.2,4,82,78.79,2.1,30,0.09,Medium,46.28
Delhi,Delhi,28.774668,77.11325,2023-03-29,102.93,70.56,92.33,13.28,48.72,93.5,0.28,78.92,2,839,72.81,2.97,504,4.63,High,55.21
Solapur,Maharashtra,17.563539,75.951575,2024-04-05,17.35,10.57,14.25,3.12,31.34,181.95,2.21,19.51,1,578,44.62,1.19,119,0.57,Low,8.57
Srinagar,Jammu and Kashmir,34.121868,74.80057,2024-02-25,90.75,64.7,90.73,9.5,41.74,264.45,0.85,74.24,5,2125,71.07,0.25,133,0.16,Low,34.23
Kanpur,Uttar Pradesh,26.435716,80.390608,2025-03-08,57.59,25.97,34.91,0.11,38.96,166.71,3.08,87.74,3,1756,66.99,0.84,732,0.99,Low,17.77
Thiruvananthapuram,Kerala,8.586835,76.954315,2024-10-24,108.76,61.53,75.28,8.67,44.69,201.42,3.67,91.08,6,598,92.77,1.01,269,0.83,Medium,37.88
Thiruvananthapuram,Kerala,8.623608,76.964036,2023-10-29,40.38,18.59,27.49,6.95,27.25,78.34,3.2,34.32,4,4429,62.03,0.79,801,2.31,Low,16.98
Indore,Madhya Pradesh,22.701186,75.9563,2024-08-26,84.73,34.57,44.14,2.1,43.46,38.6,1.17,70.69,5,17627,77.96,1.06,1078,1.32,Low,28.8
Kanpur,Uttar Pradesh,26.454456,80.240228,2024-04-26,54.47,24.5,34.76,8.33,25.66,223.3,4.59,76.68,2,467,91.8,0.46,113,0.09,Low,25.42
Surat,Gujarat,21.225596,72.873092,2025-08-03,38.15,27.3,36.67,4.12,45.05,49.93,1.56,47.35,5,102,86.87,0.38,35,0.03,Low,32.67
Varanasi,Uttar Pradesh,25.264501,82.98148,2024-07-16,121.19,55.17,63.57,10.47,35.26,61.6,1.42,36.35,2,384,90.69,0.97,142,0.21,Medium,49.38
Indore,Madhya Pradesh,22.710252,75.786406,2023-01-14,182.17,66.13,95.79,6.2,37.45,40.12,0.52,40.61,3,133,77.08,1.89,57,0.35,Medium,54.94
Aurangabad,Maharashtra,19.96378,75.439302,2024-08-16,100.47,34.45,41.04,1.27,49.63,46.4,3.91,29.44,6,1998,77.01,2.24,334,2.38,Medium,39.11
Pune,Maharashtra,18.61888,73.847127,2024-02-22,74.15,33.09,44.92,5.2,39.24,42.94,0.24,65.16,2,282,77.78,1.19,79,0.25,Medium,39.83
Srinagar,Jammu and Kashmir,34.095027,74.781587,2023-03-30,51.32,27.0,40.22,10.19,29.0,12.33,0.55,49.54,1,399,75.95,0.88,83,0.26,Medium,50.36
Patna,Bihar,25.578289,85.064843,2023-12-25,219.84,109.67,143.12,3.88,78.24,32.99,1.82,57.03,5,90,78.29,2.68,72,0.55,High,67.24
Solapur,Maharashtra,17.69727,75.912055,2024-03-28,70.86,38.02,53.6,3.74,45.22,136.63,4.06,97.64,3,6561,79.45,0.7,2451,1.86,Low,19.53
Nagpur,Maharashtra,21.089278,79.146922,2023-10-29,86.22,40.78,47.43,6.76,39.41,167.57,2.78,48.32,0,1537,67.06,0.32,143,0.14,Low,21.19
Amritsar,Punjab,31.560505,74.963193,2025-03-05,74.17,26.24,33.33,9.01,54.28,220.34,5.76,57.08,3,9925,20.04,1.17,781,1.47,Low,24.7
Mumbai,Maharashtra,19.019775,72.892871,2024-04-17,82.19,46.92,55.97,1.72,42.57,107.42,1.21,58.91,2,131,76.99,0.81,12,0.03,Low,26.19
Guwahati,Assam,26.148603,91.64263,2023-07-21,68.24,50.88,63.72,1.77,29.1,243.42,3.3,85.35,3,124,62.18,0.68,15,0.01,Low,18.84
Varanasi,Uttar Pradesh,25.359484,82.956424,2025-06-09,71.94,53.25,64.57,3.67,28.44,128.81,0.31,51.59,4,2511,84.81,0.58,377,0.66,Low,26.42
Varanasi,Uttar Pradesh,25.340686,82.883032,2023-02-09,39.03,29.55,32.78,6.35,20.87,57.61,1.58,88.75,5,603,81.0,0.79,68,0.23,Low,24.91
Indore,Madhya Pradesh,22.741318,75.896412,2024-09-23,31.11,24.28,27.07,6.08,35.11,129.13,1.88,85.8,4,337,94.08,0.29,151,0.14,Low,20.55
Vadodara,Gujarat,22.333319,73.208525,2023-04-27,54.45,28.34,41.33,1.81,21.13,147.68,7.63,61.73,6,46,19.75,0.13,13,0.01,Low,17.86
Jodhpur,Rajasthan,26.203313,72.998441,2024-02-09,208.13,149.44,183.5,5.65,76.26,69.67,1.07,38.54,7,2951,84.86,3.47,2199,31.1,High,73.46
Kalyan,Maharashtra,19.170786,73.101514,2023-03-25,130.2,48.33,64.1,2.59,43.16,37.44,3.5,93.64,2,1515,66.98,1.81,776,6.02,Medium,38.97
Nagpur,Maharashtra,21.212686,79.090051,2023-07-04,103.47,74.02,84.5,10.51,50.58,180.83,1.5,37.58,3,37,91.37,1.94,6,0.04,Medium,53.68
Gwalior,Madhya Pradesh,26.162811,78.237499,2024-11-28,89.27,32.36,47.61,3.36,37.7,60.8,8.31,57.21,6,630,43.98,0.8,124,0.38,Low,17.09
Bhopal,Madhya Pradesh,23.31788,77.497296,2025-08-14,162.55,81.55,117.47,7.08,60.54,141.96,0.87,63.42,4,362,74.97,3.33,312,4.33,High,67.55
Kanpur,Uttar Pradesh,26.419085,80.293509,2024-05-24,122.16,84.91,108.22,5.59,36.36,101.19,2.18,79.56,2,417,61.26,0.62,72,0.16,Low,33.35
Thiruvananthapuram,Kerala,8.434455,77.002481,2023-10-27,131.38,57.46,75.12,2.36,28.32,42.62,0.22,73.83,4,3341,70.52,2.0,1106,9.43,Medium,41.64
Coimbatore,Tamil Nadu,11.02669,76.887601,2023-06-28,110.12,85.6,94.64,3.5,48.94,267.69,1.98,54.74,4,1283,80.98,0.46,367,0.39,Low,29.74
Vadodara,Gujarat,22.382023,73.265677,2024-08-15,67.66,43.98,58.69,3.49,17.29,37.02,0.41,61.06,5,3467,25.6,0.13,1123,0.26,Low,25.03
Mumbai,Maharashtra,19.008924,72.884501,2025-05-01,51.13,20.24,29.91,2.72,46.2,43.06,0.98,37.69,1,13784,54.71,1.02,7000,7.33,Medium,38.7
Faridabad,Haryana,28.44848,77.289378,2024-10-28,110.4,37.33,48.69,5.9,51.35,79.14,0.48,73.02,4,24591,25.57,1.53,4496,29.53,Medium,47.88
Nagpur,Maharashtra,21.241215,79.092259,2023-06-29,40.32,31.58,43.87,1.27,44.58,211.58,0.27,51.72,1,24,74.33,0.96,8,0.02,Low,19.2
Gwalior,Madhya Pradesh,26.21993,78.128348,2023-03-25,40.71,29.16,42.25,6.14,22.68,183.62,2.95,44.73,2,5211,68.3,1.14,911,1.83,Low,15.53
Bhopal,Madhya Pradesh,23.193354,77.471763,2025-09-21,12.99,9.02,12.38,1.38,24.4,55.26,0.62,50.52,1,11557,84.82,0.89,637,2.79,Low,19.8
Hubli,Karnataka,15.271456,75.088953,2024-09-08,104.57,53.76,71.19,2.88,39.62,55.54,0.64,50.51,5,646,88.6,1.99,249,1.35,Medium,35.56
Thiruvananthapuram,Kerala,8.552082,76.928637,2023-04-11,64.91,37.48,43.65,7.51,16.1,81.49,0.88,48.7,2,1345,40.13,2.05,207,0.51,Medium,43.61
Ahmedabad,Gujarat,23.1105,72.493125,2025-07-19,106.77,81.75,93.75,3.9,19.1,147.53,8.2,66.43,0,745,47.19,0.7,41,0.11,Low,20.86
Howrah,West Bengal,22.516178,88.353682,2024-12-25,99.3,34.71,38.78,4.76,37.55,139.71,0.96,66.07,2,3288,76.78,0.37,321,0.52,Low,33.29
Howrah,West Bengal,22.64742,88.264352,2024-04-08,110.0,43.88,61.59,14.75,38.0,74.49,1.72,61.52,1,310,88.79,2.48,121,0.53,Medium,48.39
Vadodara,Gujarat,22.233178,73.084225,2024-11-29,45.29,15.71,19.76,3.88,26.46,24.42,0.06,91.31,4,2198,80.26,0.84,741,2.71,Low,19.78
Bangalore,Karnataka,12.968908,77.576012,2024-06-11,73.24,35.0,38.82,3.15,38.85,59.27,5.02,75.3,4,620,41.24,1.04,88,0.21,Low,12.36
Indore,Madhya Pradesh,22.689173,75.889554,2024-04-26,26.28,13.24,16.1,5.12,29.32,241.35,0.11,86.25,2,695,77.39,0.19,45,0.03,Low,15.34
Agra,Uttar Pradesh,27.259491,77.960532,2024-08-13,289.93,209.31,305.05,8.66,76.86,89.96,1.47,60.56,0,225,55.23,2.31,94,0.91,High,73.39
Solapur,Maharashtra,17.621368,75.981785,2023-09-26,75.01,39.58,45.3,3.38,22.73,197.67,0.68,86.46,6,94,57.87,1.11,13,0.04,Low,27.75
Pune,Maharashtra,18.56357,73.821108,2023-06-24,80.62,43.73,59.17,6.27,36.67,24.26,0.19,49.27,3,4687,72.77,1.83,1643,4.32,Medium,36.07
Kolkata,West Bengal,22.480345,88.409001,2024-05-26,114.97,65.16,91.81,5.68,30.49,77.88,2.72,60.71,4,522,52.67,1.61,82,0.58,Medium,40.82
Vasai,Maharashtra,19.363654,72.778333,2025-05-31,126.55,57.89,71.44,2.52,53.21,16.49,0.66,63.68,6,2701,78.81,0.85,1968,6.89,Medium,44.55
Gwalior,Madhya Pradesh,26.21809,78.279384,2023-03-22,74.41,27.84,35.74,5.19,31.31,81.75,1.39,47.71,0,4017,78.22,0.35,268,0.12,Low,33.62
Jodhpur,Rajasthan,26.267424,72.977183,2024-12-02,161.03,68.61,96.06,4.33,59.12,126.2,1.05,28.01,3,29524,71.81,3.2,35691,333.33,High,55.2
Faridabad,Haryana,28.416131,77.373972,2025-04-25,63.22,47.3,58.51,10.59,42.0,255.92,0.24,88.72,2,508,77.89,0.85,284,0.79,Medium,43.3
Varanasi,Uttar Pradesh,25.392918,82.946243,2025-03-13,89.12,57.06,82.48,1.12,31.43,100.34,2.03,57.36,5,5769,86.97,0.59,1211,1.63,Low,15.22
Vijayawada,Andhra Pradesh,16.449821,80.670419,2024-06-30,31.85,19.83,28.85,11.03,44.92,130.75,4.18,75.85,0,86,76.52,0.44,8,0.0,Low,31.85
Hyderabad,Telangana,17.354051,78.464698,2024-05-13,69.53,34.11,42.67,2.34,23.3,89.01,0.93,72.77,4,656,94.14,0.53,85,0.07,Low,28.21
Hubli,Karnataka,15.351576,75.187486,2024-03-13,30.73,13.24,18.46,3.94,41.72,192.88,1.19,25.36,4,2497,86.66,0.28,237,0.14,Low,19.45
Hubli,Karnataka,15.40835,75.2021,2025-04-30,182.02,77.24,93.69,3.01,54.4,64.42,1.77,33.99,4,1157,76.45,1.21,371,2.17,Medium,46.06
Bangalore,Karnataka,12.880639,77.666495,2024-12-08,61.17,19.54,26.25,4.46,39.38,34.61,2.1,52.55,6,30979,82.76,1.11,7950,34.08,Low,33.75
Ranchi,Jharkhand,23.315986,85.255729,2024-01-21,19.99,7.05,8.28,10.82,33.85,112.74,10.0,48.61,7,19937,72.09,0.8,1588,4.05,Low,22.86
Hyderabad,Telangana,17.461585,78.509844,2025-01-17,94.74,70.68,97.89,6.78,33.1,332.25,0.39,52.79,2,50000,66.93,0.42,11701,14.07,Low,21.56
Varanasi,Uttar Pradesh,25.359982,82.905633,2023-07-03,179.64,54.03,66.85,7.52,68.8,89.29,3.35,95.36,3,109,27.41,3.52,82,1.33,High,67.29
Ahmedabad,Gujarat,22.948088,72.548846,2023-10-16,102.84,74.68,89.46,3.3,42.95,82.22,2.11,85.77,2,198,79.03,0.89,7,0.02,Low,33.02
Meerut,Uttar Pradesh,28.983836,77.736286,2023-05-30,66.0,32.98,37.25,1.96,36.0,12.89,8.05,83.37,3,447,82.3,0.39,81,0.07,Low,24.41
Mumbai,Maharashtra,19.113806,72.934807,2025-08-18,36.59,14.86,19.05,5.69,21.94,42.89,0.33,16.78,8,422,87.61,1.08,108,0.16,Low,21.81
Varanasi,Uttar Pradesh,25.258668,82.952102,2024-05-24,118.17,47.57,55.11,1.57,26.83,3.02,1.52,59.39,4,3429,81.55,0.17,1469,0.27,Low,33.02
Bangalore,Karnataka,12.951366,77.599051,2025-05-04,75.99,51.85,66.78,1.44,26.39,34.2,1.69,34.95,3,834,43.3,0.27,343,0.14,Low,22.38
Patna,Bihar,25.610886,85.164314,2023-02-20,82.9,49.2,68.88,1.78,29.62,130.01,6.21,90.56,4,251,67.24,0.64,28,0.08,Low,13.35
Dhanbad,Jharkhand,23.784587,86.46304,2024-09-10,74.48,52.64,66.15,8.17,44.36,23.12,1.88,79.47,3,1224,88.77,1.19,471,1.89,Medium,43.88
Delhi,Delhi,28.664949,77.178494,2025-07-09,36.08,11.26,12.72,5.6,27.48,239.86,0.18,21.16,6,1174,75.74,1.02,55,0.06,Low,16.43
Jabalpur,Madhya Pradesh,23.107059,80.060807,2024-04-07,32.14,18.93,25.93,2.69,23.34,76.19,0.94,72.77,4,569,82.82,1.04,152,0.35,Low,16.59
Dhanbad,Jharkhand,23.795371,86.402487,2023-08-11,59.59,37.35,43.54,6.42,19.57,66.51,0.42,62.61,1,7659,45.4,0.19,1447,1.21,Low,34.52
Bhopal,Madhya Pradesh,23.359002,77.333945,2023-04-21,395.12,247.57,334.56,11.96,100.0,92.98,3.23,25.82,1,6086,69.51,4.17,10569,140.12,Critical,82.6
Visakhapatnam,Andhra Pradesh,17.669119,83.159538,2025-08-17,62.24,37.79,47.95,3.55,35.62,59.33,0.04,49.05,3,14757,63.9,0.36,3095,2.01,Low,23.91
Indore,Madhya Pradesh,22.631456,75.907918,2023-05-19,73.78,50.5,58.85,6.9,42.17,14.31,0.52,66.96,3,147,82.49,1.2,106,0.39,Medium,43.02
Rajkot,Gujarat,22.305867,70.742696,2023-09-15,88.37,50.05,61.62,2.91,24.4,71.91,0.75,57.82,3,727,74.92,0.44,107,0.06,Low,26.09
Jodhpur,Rajasthan,26.20376,73.017176,2024-05-17,125.26,93.98,129.95,7.85,58.25,142.76,1.16,62.18,2,30510,92.05,1.52,15299,84.82,Medium,47.95
Amritsar,Punjab,31.535392,74.958657,2023-12-22,78.91,36.04,52.68,4.6,38.4,80.91,5.31,77.11,4,24,65.42,0.21,5,0.0,Low,19.17
Kochi,Kerala,9.914945,76.193785,2025-09-23,77.03,56.91,77.08,2.08,26.75,85.38,0.11,54.94,3,1736,87.29,0.47,370,0.62,Low,31.94
Bhopal,Madhya Pradesh,23.310563,77.439227,2024-03-22,128.86,92.75,103.57,3.15,54.16,146.1,0.25,43.17,2,15876,86.44,0.94,5045,14.87,Medium,43.27
Vasai,Maharashtra,19.375576,72.777543,2023-04-17,102.09,31.09,44.6,6.4,27.54,55.94,3.22,28.36,3,64,77.78,0.73,14,0.01,Low,32.29
Gwalior,Madhya Pradesh,26.191515,78.176032,2024-01-19,166.29,112.12,156.66,3.66,48.52,35.75,2.71,69.54,6,216,90.63,2.1,149,1.12,Medium,53.2
Howrah,West Bengal,22.524644,88.213817,2023-09-15,38.53,16.41,19.38,7.8,25.68,122.97,0.56,39.3,3,29736,75.27,0.77,7599,8.75,Low,22.86
Nashik,Maharashtra,20.084238,73.795547,2023-06-22,70.66,33.86,39.71,2.19,28.64,64.51,1.68,80.29,4,1169,30.95,0.25,155,0.06,Low,25.96
Chennai,Tamil Nadu,13.024808,80.214079,2024-04-04,75.08,39.71,51.73,3.54,41.68,69.84,0.07,50.82,6,15,68.09,0.38,2,0.0,Low,32.5
Bhopal,Madhya Pradesh,23.20356,77.458484,2024-03-23,35.61,11.05,12.84,2.75,44.33,74.19,3.57,51.32,3,63,82.9,0.5,4,0.01,Low,17.59
Solapur,Maharashtra,17.678466,75.960869,2023-10-18,4.76,2.97,3.7,12.1,7.74,21.9,1.09,62.54,1,178,95.25,0.3,29,0.03,Low,31.33
Mumbai,Maharashtra,19.015847,72.953245,2023-02-19,48.83,31.98,43.98,3.15,9.44,26.97,0.96,57.38,3,1184,89.45,1.0,163,0.6,Low,22.25
Rajkot,Gujarat,22.268083,70.731818,2024-12-31,43.81,28.42,33.6,6.52,29.89,90.01,2.68,64.99,1,1410,71.0,0.82,218,0.23,Low,12.86
Bhopal,Madhya Pradesh,23.24431,77.497573,2023-08-08,34.9,27.08,36.8,3.46,17.75,20.37,2.06,47.19,4,252,75.0,1.02,26,0.03,Low,12.41
Bangalore,Karnataka,13.019417,77.655054,2024-04-15,146.88,114.57,151.43,3.71,53.4,38.61,1.16,49.37,6,190,65.09,2.45,93,0.27,Medium,42.29
Bangalore,Karnataka,12.968236,77.569858,2024-09-28,63.28,38.08,48.61,4.42,47.88,155.51,1.18,67.16,4,243,48.09,0.44,47,0.06,Low,29.17
Kota,Rajasthan,25.300747,75.801244,2023-08-20,22.55,15.74,22.86,1.66,44.34,135.7,0.02,59.89,3,21711,75.28,0.23,1330,0.9,Low,14.31
Rajkot,Gujarat,22.357488,70.845612,2023-01-14,121.68,83.64,124.48,4.57,42.29,88.33,0.03,73.81,3,50000,91.78,1.23,8600,23.75,Medium,47.73
Gwalior,Madhya Pradesh,26.136436,78.154361,2023-08-25,21.18,6.65,8.22,1.45,31.1,106.25,0.18,73.74,1,116,89.37,0.52,25,0.02,Low,12.82
Lucknow,Uttar Pradesh,26.886832,80.888772,2025-09-11,100.41,69.14,81.39,12.02,34.18,155.51,2.24,59.69,2,7979,61.09,1.93,2747,18.45,Medium,44.0
Kochi,Kerala,9.96804,76.276509,2023-04-28,61.39,42.61,59.97,0.61,49.26,158.99,2.2,63.91,2,36465,76.92,0.51,7711,5.84,Low,25.72
Hubli,Karnataka,15.355433,75.212114,2023-03-25,56.87,33.66,43.23,6.99,16.52,60.29,1.15,75.85,5,187,77.44,0.99,27,0.04,Low,33.95
Nagpur,Maharashtra,21.136766,79.124152,2023-03-28,66.4,51.67,68.35,5.25,38.71,109.11,8.52,67.28,4,4586,81.98,0.65,1524,3.68,Low,19.48
Agra,Uttar Pradesh,27.12878,77.927634,2023-11-07,205.17,91.57,126.36,10.66,53.07,24.37,1.52,52.75,1,4160,47.82,5.25,4461,87.27,Critical,81.14
Jodhpur,Rajasthan,26.154258,73.030036,2024-11-13,121.27,37.24,55.46,4.52,39.31,93.87,2.49,70.5,2,679,94.82,1.66,592,2.42,Medium,39.3
Bangalore,Karnataka,12.966115,77.61311,2025-03-15,96.19,69.01,79.26,9.71,50.32,243.34,3.21,91.09,3,405,93.65,0.56,147,0.12,Low,29.45
Thiruvananthapuram,Kerala,8.471802,76.85016,2023-12-23,136.67,71.51,101.73,3.47,51.66,133.61,2.64,51.79,8,50000,88.77,0.42,4777,6.98,Low,31.07
Vasai,Maharashtra,19.548181,72.774586,2023-10-13,104.94,51.84,70.77,5.81,30.33,89.06,0.18,28.52,4,467,78.34,1.53,268,0.97,Medium,43.5
Bangalore,Karnataka,13.065446,77.559521,2025-05-21,89.13,56.08,68.24,7.37,29.92,304.17,0.95,68.21,0,2446,84.53,1.87,952,3.55,Medium,35.06
Coimbatore,Tamil Nadu,11.017212,77.044457,2023-06-08,64.67,46.12,68.83,0.57,49.77,112.56,1.58,81.05,1,12507,84.86,0.71,394,0.36,Low,25.15
Guwahati,Assam,26.080127,91.78777,2025-06-01,55.86,26.05,38.21,1.37,38.67,48.26,1.77,74.6,4,2052,72.32,0.39,382,0.41,Low,30.12
Mumbai,Maharashtra,19.089749,72.815795,2024-09-20,169.94,99.23,144.56,7.49,49.86,94.74,1.14,49.16,5,926,74.32,2.01,1106,4.02,High,59.27
Kanpur,Uttar Pradesh,26.358205,80.300843,2023-06-12,60.73,45.72,63.71,5.6,31.66,77.59,2.92,73.82,3,416,65.74,0.24,149,0.06,Low,26.31
Rajkot,Gujarat,22.353615,70.734859,2025-06-03,77.08,27.34,35.5,5.37,32.94,275.46,0.99,80.97,6,8437,76.47,0.41,1388,0.63,Low,29.25
Varanasi,Uttar Pradesh,25.366917,83.018206,2023-01-07,72.54,33.85,41.95,5.97,15.96,42.83,1.84,51.78,0,50000,51.89,1.71,20629,79.69,Medium,36.13
Kochi,Kerala,10.003573,76.330331,2023-11-18,24.76,15.18,19.56,7.92,40.32,73.29,3.62,47.18,2,86,91.41,0.9,8,0.02,Low,23.09
Nagpur,Maharashtra,21.091527,79.05047,2025-09-03,16.95,11.5,13.42,5.83,29.01,193.09,0.76,67.67,3,2243,73.24,0.82,323,0.33,Low,15.56
Pune,Maharashtra,18.508699,73.881001,2024-07-15,18.3,8.82,10.78,2.07,23.83,55.64,1.06,62.19,5,980,77.18,0.21,136,0.09,Low,15.3
Bareilly,Uttar Pradesh,28.426445,75.335247,2023-10-08,82.04,53.25,72.54,2.78,39.32,65.48,0.17,62.45,5,50000,65.1,0.25,12233,11.12,Low,26.41
Bangalore,Karnataka,12.938024,77.531332,2025-08-04,54.36,17.23,24.14,4.75,51.71,95.51,0.71,33.69,5,346,82.78,2.0,105,0.63,Medium,41.99
Kota,Rajasthan,25.260207,75.963224,2025-09-01,50.42,19.05,24.96,4.33,42.52,121.8,2.87,91.53,5,76,93.68,0.63,7,0.02,Low,29.81
Jabalpur,Madhya Pradesh,23.225322,80.006878,2024-06-24,77.47,56.02,81.27,4.24,56.98,10.41,3.15,35.83,2,6511,56.01,1.14,3753,14.71,Medium,35.29
Jodhpur,Rajasthan,26.142641,73.051172,2024-01-12,172.35,129.5,151.81,6.85,58.65,26.66,3.43,51.61,2,746,86.39,1.48,125,0.43,Medium,54.32
Lucknow,Uttar Pradesh,26.892724,80.900905,2024-12-05,133.85,71.13,105.34,11.2,42.38,69.86,4.92,93.42,4,766,63.99,2.42,314,2.63,Medium,52.21
Ahmedabad,Gujarat,22.941982,72.651375,2024-03-30,70.56,53.56,66.15,2.71,19.49,56.27,2.03,87.44,1,1575,50.16,0.36,138,0.22,Low,20.49
Srinagar,Jammu and Kashmir,34.139894,74.703822,2025-05-24,62.1,46.66,69.88,4.76,41.43,54.54,3.61,84.11,2,260,85.07,1.55,58,0.23,Medium,36.94
Faridabad,Haryana,28.462934,77.271002,2023-08-29,66.58,42.66,54.29,5.14,15.39,82.11,4.23,28.73,3,8166,72.5,1.2,1041,4.12,Low,27.87
Gwalior,Madhya Pradesh,26.296116,78.273158,2025-03-04,14.56,8.84,9.76,7.34,22.37,27.41,2.14,54.63,1,27,75.74,0.52,9,0.01,Low,27.76
Guwahati,Assam,26.236412,91.755933,2023-03-03,38.58,25.23,32.93,6.18,26.22,176.69,2.06,48.07,4,247,72.05,1.15,49,0.15,Low,14.12
Visakhapatnam,Andhra Pradesh,17.778849,83.169712,2023-08-24,37.35,20.9,23.81,1.95,4.85,134.75,4.2,34.35,2,338,80.2,0.24,55,0.06,Low,6.8
Hubli,Karnataka,15.317156,75.083307,2025-03-25,72.67,47.1,66.09,10.81,28.22,114.47,0.05,47.97,3,130,90.25,1.08,35,0.13,Medium,41.33
Dhanbad,Jharkhand,23.749328,86.452799,2025-09-12,91.51,41.55,50.69,7.76,32.76,62.75,1.07,66.06,3,4524,47.49,1.53,2554,14.67,Medium,35.7
Gwalior,Madhya Pradesh,26.312274,78.257666,2025-01-10,73.21,35.83,43.25,8.94,39.83,178.64,1.0,71.08,4,50000,78.61,1.14,4067,21.41,Low,33.22
Delhi,Delhi,28.624182,77.056477,2025-04-24,72.54,55.0,77.47,5.68,28.29,71.86,5.19,88.59,10,3369,73.62,0.69,636,1.84,Low,23.71
Allahabad,Uttar Pradesh,25.469441,81.850722,2024-04-25,115.78,78.4,116.63,2.97,42.67,46.4,4.82,30.03,3,222,67.4,0.42,55,0.06,Low,33.36
Kanpur,Uttar Pradesh,26.350839,80.284811,2025-03-19,40.76,15.22,19.13,4.78,30.59,138.99,1.57,58.99,0,690,92.86,0.92,107,0.3,Low,16.57
Chandigarh,Chandigarh,30.746457,76.768771,2025-01-29,102.82,48.23,71.83,3.61,54.99,102.89,0.92,55.45,1,22,40.77,2.23,10,0.06,Medium,41.06
Bareilly,Uttar Pradesh,28.422661,75.445789,2023-04-20,158.09,76.83,109.09,5.42,29.41,86.93,4.08,40.01,4,4688,85.59,1.95,3988,15.42,Medium,46.47
Howrah,West Bengal,22.658544,88.33744,2024-06-12,185.65,70.5,90.52,4.93,40.02,64.26,1.35,18.45,4,36,88.34,2.81,30,0.25,High,56.95
Bhopal,Madhya Pradesh,23.18446,77.493103,2024-07-01,33.22,16.2,23.78,4.91,44.88,274.2,2.75,72.68,3,2359,81.0,0.49,538,0.32,Low,10.68
Vasai,Maharashtra,19.381147,72.897509,2023-03-13,42.45,13.78,19.15,5.42,14.42,133.66,5.51,46.13,2,1444,77.81,0.19,188,0.11,Low,9.03
Bhopal,Madhya Pradesh,23.226464,77.340843,2025-01-17,147.62,101.35,133.08,7.41,47.76,308.6,4.32,69.44,3,1274,60.6,2.0,514,1.65,Medium,36.47
Howrah,West Bengal,22.508688,88.187942,2024-10-22,78.69,31.83,38.45,9.7,26.55,16.47,7.9,70.08,4,529,88.45,1.01,86,0.39,Low,31.46
Jabalpur,Madhya Pradesh,23.260971,80.04914,2024-04-06,237.02,186.71,214.71,8.4,83.88,19.5,2.0,46.25,2,50000,72.87,3.74,38207,234.8,Critical,83.79
Varanasi,Uttar Pradesh,25.283548,83.008852,2025-07-26,83.47,65.58,83.89,2.04,36.71,108.71,1.55,59.81,2,1521,69.21,0.8,448,1.47,Low,17.03
Solapur,Maharashtra,17.582291,75.90962,2023-08-10,72.77,30.94,35.61,2.77,39.92,108.74,0.12,93.97,3,490,87.89,1.14,115,0.58,Low,19.41
Vadodara,Gujarat,22.346314,73.087162,2024-11-21,180.63,134.97,202.07,9.16,42.39,41.09,1.23,71.39,2,50000,83.8,2.34,55817,549.4,High,61.27
Visakhapatnam,Andhra Pradesh,17.624319,83.229426,2024-05-28,91.25,62.13,72.65,2.47,34.84,70.82,2.13,47.13,5,710,89.82,0.41,51,0.09,Low,17.12
Kota,Rajasthan,25.218322,75.788223,2024-10-20,67.65,43.88,62.56,2.62,20.7,170.63,1.43,47.45,4,948,45.84,1.17,146,0.8,Low,25.69
Vadodara,Gujarat,22.369584,73.142829,2023-08-20,179.48,88.35,101.27,3.69,72.45,85.33,0.38,91.0,6,3073,90.81,2.43,1753,17.77,High,55.98
Faridabad,Haryana,28.321737,77.354406,2024-08-15,75.13,26.89,30.43,0.93,32.03,93.26,0.06,86.38,2,2109,95.06,0.83,394,0.83,Low,25.09
Bhopal,Madhya Pradesh,23.335936,77.489517,2023-11-01,25.92,8.98,11.91,1.66,43.22,57.17,2.19,73.41,5,3638,88.29,1.04,346,0.58,Low,15.86
Thiruvananthapuram,Kerala,8.600381,76.970667,2024-01-17,195.89,127.95,180.36,7.63,47.07,85.87,2.05,77.95,3,376,81.93,2.15,397,3.78,High,62.23
Varanasi,Uttar Pradesh,25.30515,82.897891,2024-02-18,46.88,33.72,42.78,4.91,36.54,144.53,0.49,39.6,2,11610,54.75,0.53,916,2.13,Low,24.47
Varanasi,Uttar Pradesh,25.3944,83.012322,2024-01-05,20.49,11.95,16.96,3.32,17.81,93.97,1.66,59.46,5,514,73.54,0.32,58,0.05,Low,18.4
Vasai,Maharashtra,19.503918,72.854856,2025-05-26,46.44,32.93,38.14,2.77,36.92,30.88,0.16,62.56,1,12552,87.16,0.72,3879,8.1,Low,19.69
Srinagar,Jammu and Kashmir,33.994268,74.847408,2025-04-26,113.91,71.71,93.81,4.24,40.45,40.0,3.34,61.81,5,50,75.67,0.85,10,0.04,Medium,46.13
Patna,Bihar,25.551873,85.147709,2023-07-12,202.99,111.66,157.91,1.9,56.83,69.6,4.07,23.19,2,376,51.79,2.26,90,0.23,Medium,47.54
Agra,Uttar Pradesh,27.144601,78.05998,2023-07-19,202.34,148.94,166.48,8.16,56.32,117.26,1.07,74.74,3,1033,63.34,2.94,1310,4.76,High,72.3
Nagpur,Maharashtra,21.192373,78.996839,2025-03-03,83.75,65.12,93.98,1.97,26.38,40.13,2.96,57.57,5,11,49.99,0.83,4,0.01,Low,20.72
Varanasi,Uttar Pradesh,25.335821,82.902406,2023-12-30,17.02,9.87,12.19,4.3,42.49,207.36,0.27,93.72,2,1340,73.78,0.52,143,0.11,Low,23.88
Rajkot,Gujarat,22.267183,70.900759,2023-09-08,148.78,117.01,158.16,7.18,48.77,156.2,1.8,42.46,0,451,71.9,1.38,126,0.71,Medium,51.7
Hyderabad,Telangana,17.478262,78.480149,2023-10-03,21.01,12.82,16.66,3.62,40.89,49.27,1.47,10.64,2,612,64.62,0.3,236,0.23,Low,21.61
Guwahati,Assam,26.179379,91.665693,2024-06-19,49.36,25.6,28.39,5.19,39.58,60.36,1.54,39.98,0,900,40.17,0.99,155,0.67,Low,17.48
Hubli,Karnataka,15.312827,75.052068,2024-11-21,96.99,67.69,82.08,8.27,43.45,51.25,1.45,36.32,2,488,67.84,1.36,267,1.59,Medium,43.42
Vijayawada,Andhra Pradesh,16.554119,80.643251,2023-02-22,116.3,41.28,59.36,6.14,37.64,145.86,1.6,73.86,2,13480,66.47,0.1,2583,1.24,Low,32.05
Vasai,Maharashtra,19.506959,72.789883,2023-03-19,106.12,46.11,59.36,6.09,33.87,97.43,0.08,40.55,4,223,47.15,1.2,138,0.64,Medium,43.86
Vasai,Maharashtra,19.376643,72.740672,2024-11-05,119.46,66.46,85.89,3.83,52.21,113.8,2.23,61.97,2,1110,58.32,0.86,130,0.18,Low,33.85
Jaipur,Rajasthan,26.98367,75.735273,2023-04-27,29.79,10.61,12.25,7.85,23.65,46.78,1.32,78.21,1,247,73.62,0.47,57,0.09,Low,34.0
Faridabad,Haryana,28.436193,77.28248,2023-04-05,35.37,24.64,28.76,15.58,25.48,115.07,3.23,39.2,4,3505,74.51,0.72,236,0.45,Low,34.6
Visakhapatnam,Andhra Pradesh,17.745425,83.16495,2023-09-16,16.23,11.56,14.56,2.4,23.19,117.44,1.92,71.81,3,94,72.85,0.82,18,0.03,Low,10.26
Indore,Madhya Pradesh,22.762812,75.895484,2024-07-02,135.36,42.88,59.12,1.12,45.67,177.47,1.74,55.23,3,206,93.36,1.0,16,0.04,Low,31.13
Guwahati,Assam,26.067562,91.814641,2023-06-21,73.23,24.05,31.66,8.53,20.74,179.22,4.59,81.3,4,4377,81.04,0.47,1799,3.41,Low,21.99
Srinagar,Jammu and Kashmir,34.088978,74.771225,2023-04-27,36.41,15.01,20.34,8.74,20.32,98.85,1.67,55.47,1,469,62.26,0.32,120,0.08,Low,21.31
Kalyan,Maharashtra,19.334548,73.111191,2023-07-30,44.07,18.5,22.64,5.64,26.66,77.84,2.45,68.92,2,9601,72.05,0.59,3612,5.92,Low,21.69
Faridabad,Haryana,28.450768,77.417768,2023-08-29,58.36,21.73,30.79,3.08,43.64,23.41,1.02,65.84,4,715,65.26,0.45,208,0.31,Low,27.12
Amritsar,Punjab,31.661777,74.947971,2024-02-01,65.46,40.27,48.86,3.22,31.81,14.96,1.94,66.68,1,44,91.24,0.68,11,0.03,Low,25.24
Hyderabad,Telangana,17.365298,78.580678,2023-06-13,55.58,39.13,57.82,6.65,42.12,123.28,6.99,92.44,2,172,75.42,0.5,58,0.12,Low,29.01
Indore,Madhya Pradesh,22.746844,75.820842,2025-08-20,82.65,63.77,78.6,6.34,31.64,34.63,1.47,66.51,4,2380,48.93,2.26,507,4.59,Medium,35.84
Thiruvananthapuram,Kerala,8.494961,76.885161,2024-01-08,151.46,108.53,155.4,3.28,47.13,115.94,0.84,14.47,5,603,81.29,0.89,298,0.77,Medium,53.78
Vadodara,Gujarat,22.210731,73.182074,2023-01-10,25.68,13.06,16.05,6.13,39.06,37.43,1.08,37.43,1,17,81.72,0.51,0,0.0,Low,23.66
Srinagar,Jammu and Kashmir,34.011119,74.780706,2025-05-11,82.44,37.0,50.36,4.8,36.09,190.59,0.08,76.86,0,881,32.41,0.53,327,0.54,Low,28.99
Hubli,Karnataka,15.329919,75.059899,2024-07-29,233.23,164.97,199.71,9.97,74.55,125.56,0.84,29.25,1,24410,64.84,2.4,15289,56.88,High,72.58
Ranchi,Jharkhand,23.402647,85.309759,2023-06-02,67.41,26.55,32.51,2.65,40.42,90.1,5.58,43.89,0,3694,76.2,1.01,432,1.31,Low,25.3
Kochi,Kerala,10.011343,76.363277,2024-11-16,218.47,98.45,121.3,6.01,53.24,51.38,4.08,49.69,2,24,69.68,3.83,23,0.3,High,57.31
Srinagar,Jammu and Kashmir,34.086013,74.820024,2023-09-19,44.87,13.99,20.71,11.09,52.76,112.0,5.0,44.95,3,29575,56.3,0.88,2056,8.3,Low,27.01
Surat,Gujarat,21.206434,72.757291,2024-06-28,92.45,49.57,59.59,3.76,40.46,110.0,0.59,90.11,3,3557,64.5,0.89,581,1.04,Low,30.13
Varanasi,Uttar Pradesh,25.37263,82.916307,2023-04-11,111.04,45.65,60.98,3.68,36.69,16.41,0.63,13.6,1,381,52.86,0.95,284,0.49,Medium,35.22
Srinagar,Jammu and Kashmir,34.087423,74.738135,2023-12-30,106.9,83.6,92.72,8.94,56.93,117.1,1.31,68.23,2,1631,27.73,1.47,608,4.35,Medium,51.8
Thiruvananthapuram,Kerala,8.624064,76.850278,2023-04-08,66.8,30.97,45.49,1.51,33.9,151.76,1.01,55.97,5,4960,50.42,0.48,598,1.44,Low,18.56
Agra,Uttar Pradesh,27.098389,77.977701,2023-11-27,40.78,28.06,39.47,5.75,28.02,74.04,1.7,32.06,2,124,65.75,0.97,35,0.16,Low,19.95
Thiruvananthapuram,Kerala,8.498229,76.972793,2023-09-03,69.44,43.91,65.26,8.94,43.33,158.44,0.61,42.49,2,26882,77.32,1.82,9180,18.53,Medium,40.39
Mumbai,Maharashtra,19.086533,72.898991,2024-07-14,117.92,74.73,101.68,6.53,23.78,141.34,0.83,80.41,2,1335,39.52,2.01,829,4.89,Medium,43.24
Lucknow,Uttar Pradesh,26.825102,80.899406,2024-10-14,117.99,50.04,62.28,4.05,51.22,30.65,0.53,26.66,1,559,59.94,0.88,148,0.38,Medium,50.88
Solapur,Maharashtra,17.659638,75.944406,2024-12-13,53.91,19.34,22.31,4.07,48.18,39.43,4.14,56.22,3,1001,78.61,1.19,64,0.24,Low,29.0
Kota,Rajasthan,25.234913,75.929121,2023-08-13,43.73,15.08,21.06,1.08,36.2,56.4,4.48,93.79,2,2873,83.93,0.91,713,1.45,Low,2.95
Raipur,Chhattisgarh,21.320071,81.598707,2024-10-16,68.38,45.87,56.62,4.83,36.93,108.69,2.08,98.71,3,4162,35.0,1.02,322,0.33,Low,25.08
Hyderabad,Telangana,17.373997,78.527239,2024-09-13,84.49,50.22,59.79,6.35,36.68,64.89,6.55,80.79,2,4194,72.42,0.3,617,0.88,Low,18.83
Thiruvananthapuram,Kerala,8.45202,76.963901,2023-11-24,129.04,60.18,89.03,5.43,53.16,24.68,0.68,96.29,2,514,63.81,1.06,200,1.02,Medium,54.56
Dhanbad,Jharkhand,23.724631,86.412426,2024-06-07,103.1,54.36,74.24,6.96,46.76,346.41,4.71,74.89,1,391,70.13,1.0,18,0.06,Low,27.38
Visakhapatnam,Andhra Pradesh,17.643478,83.219552,2024-03-29,96.34,42.94,58.87,10.57,31.63,145.46,3.11,61.89,1,4422,52.99,1.84,1513,6.28,Medium,40.77
Thiruvananthapuram,Kerala,8.565375,76.843988,2025-02-25,96.58,39.55,46.37,2.05,45.48,114.36,0.56,51.17,3,1095,75.42,0.76,153,0.22,Low,31.75
Kolkata,West Bengal,22.623999,88.34958,2025-02-16,68.15,35.75,44.96,2.72,51.95,131.59,2.29,70.71,3,206,85.58,0.71,52,0.06,Low,23.97
Varanasi,Uttar Pradesh,25.297929,82.975138,2023-01-02,56.58,19.72,24.58,3.8,21.1,71.13,1.64,72.94,2,602,71.51,0.5,71,0.15,Low,22.78
Jodhpur,Rajasthan,26.299193,72.984765,2023-02-21,179.25,112.05,167.97,3.15,47.61,34.25,2.94,34.79,2,400,74.07,2.15,191,1.49,Medium,51.3
Rajkot,Gujarat,22.301664,70.816812,2023-05-03,73.95,36.65,43.32,2.42,33.0,66.93,0.49,34.0,3,3048,69.0,0.77,456,1.11,Low,30.09
Hubli,Karnataka,15.273663,75.218829,2023-06-16,45.05,22.54,32.44,10.65,34.27,31.35,1.18,70.21,1,540,91.98,0.5,121,0.23,Low,30.46
Guwahati,Assam,26.154058,91.63914,2023-11-07,67.6,25.16,33.26,5.28,50.82,91.37,8.6,31.89,3,2685,74.14,0.16,647,0.41,Low,32.28
Chandigarh,Chandigarh,30.744162,76.861918,2024-05-01,69.2,30.82,36.46,0.7,39.85,98.15,0.57,36.98,2,7737,46.56,1.18,505,0.65,Low,31.98
Nashik,Maharashtra,20.041144,73.715486,2025-07-17,96.28,61.59,79.39,2.6,29.6,60.1,0.32,90.29,2,3677,62.97,0.51,450,1.01,Low,30.9
Srinagar,Jammu and Kashmir,34.162395,74.867228,2024-04-24,155.96,91.81,106.73,7.06,59.53,72.24,0.74,62.1,4,46872,55.21,3.25,40742,606.55,High,68.59
Jaipur,Rajasthan,26.960049,75.770775,2024-09-17,85.63,46.79,64.94,4.9,41.48,58.48,6.34,38.12,2,25,67.63,0.78,4,0.01,Low,28.19
Jaipur,Rajasthan,26.84493,75.858944,2025-01-14,93.67,43.37,55.08,1.85,36.4,41.41,1.81,58.02,4,303,88.12,0.2,33,0.03,Low,31.91
Kanpur,Uttar Pradesh,26.360712,80.40968,2024-10-05,170.03,73.56,82.59,8.09,68.2,114.22,1.03,58.85,1,1006,65.06,2.24,348,1.77,High,67.42
Aurangabad,Maharashtra,19.957883,75.349639,2023-06-22,58.65,39.35,49.69,0.84,40.24,82.39,0.52,65.61,0,1190,79.94,0.3,67,0.04,Low,34.92
Surat,Gujarat,21.120272,72.845127,2025-07-20,189.35,60.31,84.66,6.98,66.58,22.14,0.16,32.13,4,4607,30.68,2.96,5120,71.59,High,70.16
Varanasi,Uttar Pradesh,25.301458,82.881416,2024-04-15,60.56,40.76,57.66,9.07,42.08,193.41,0.45,29.28,7,2424,85.46,1.33,1406,8.91,Medium,41.1
Delhi,Delhi,28.753483,77.050749,2023-06-09,95.94,63.78,86.61,2.76,8.21,124.74,0.22,66.35,1,102,52.27,0.46,11,0.02,Low,28.3
Patna,Bihar,25.508198,85.168564,2025-03-30,39.06,26.73,38.05,14.48,20.73,23.31,10.0,50.24,3,204,54.08,0.82,53,0.05,Low,23.12
Ranchi,Jharkhand,23.315417,85.231708,2025-01-07,45.26,30.97,38.81,5.76,16.31,20.44,0.06,73.91,1,612,73.91,0.42,58,0.06,Low,23.9
Kalyan,Maharashtra,19.158983,73.186117,2024-04-25,76.33,38.74,50.71,6.61,33.31,221.46,1.62,80.53,3,8155,67.28,0.87,2401,10.46,Low,20.29
Madurai,Tamil Nadu,10.016549,78.132594,2023-06-07,138.95,86.85,104.72,3.92,46.16,139.48,0.79,77.55,3,11417,83.84,2.46,3709,9.77,Medium,35.38
Jaipur,Rajasthan,26.971021,75.826237,2023-10-06,118.83,91.82,123.38,6.41,36.48,186.6,1.12,83.94,2,986,62.26,1.83,530,2.42,Medium,35.87
Meerut,Uttar Pradesh,28.983955,77.655689,2025-02-01,114.73,51.37,59.75,4.44,40.9,288.51,0.14,61.06,0,4644,63.32,1.94,757,4.22,Medium,43.36
Jabalpur,Madhya Pradesh,23.171788,80.025283,2024-08-19,118.01,51.73,75.76,1.94,30.3,63.53,1.54,58.97,4,1300,86.84,0.76,500,0.86,Low,29.35
Kalyan,Maharashtra,19.191329,73.189031,2024-07-20,70.82,38.13,55.83,0.92,27.26,148.91,0.49,57.32,0,27,76.32,1.19,1,0.01,Low,20.16
Hubli,Karnataka,15.401135,75.196213,2024-01-24,79.29,28.18,31.02,4.57,37.93,58.0,2.76,62.62,1,743,54.02,0.44,246,0.36,Low,29.18
Chandigarh,Chandigarh,30.801691,76.693943,2023-05-29,43.19,17.27,24.02,2.59,50.28,12.81,0.27,18.39,6,16945,38.85,1.15,6961,33.41,Low,20.89
Hubli,Karnataka,15.328499,75.077072,2025-04-01,55.12,34.2,43.55,3.56,29.73,102.2,0.92,85.39,2,296,50.83,0.5,87,0.17,Low,28.41
Rajkot,Gujarat,22.246774,70.781106,2025-04-10,64.25,51.01,64.87,11.63,34.18,92.08,1.09,47.39,1,259,78.64,1.92,182,0.46,Medium,41.49
Bareilly,Uttar Pradesh,28.347843,75.442158,2025-08-26,82.99,36.8,50.97,3.66,20.21,503.93,1.54,75.79,4,2757,61.92,0.43,384,0.31,Low,20.8
Patna,Bihar,25.514396,85.046925,2024-04-09,80.2,32.09,41.61,6.02,32.16,38.9,1.62,40.32,2,1912,79.42,0.84,650,0.74,Low,28.34
Hubli,Karnataka,15.402409,75.052642,2025-06-15,52.24,37.35,48.79,3.04,38.65,160.28,2.51,39.91,3,9263,96.34,0.32,2175,1.49,Low,17.16
Howrah,West Bengal,22.55781,88.192779,2024-07-16,20.95,14.92,20.11,1.62,21.68,54.95,2.8,47.18,3,12316,83.9,0.44,1634,2.81,Low,6.38
Kalyan,Maharashtra,19.299731,73.030675,2025-03-23,78.04,58.3,72.58,4.71,35.71,73.1,1.87,63.65,5,50,81.94,0.77,6,0.01,Low,28.1
Indore,Madhya Pradesh,22.779754,75.7961,2023-05-05,41.75,26.68,33.57,3.0,34.89,158.72,2.01,31.1,1,6232,98.25,0.3,1333,1.63,Low,10.15
Meerut,Uttar Pradesh,28.924538,77.794976,2023-08-24,92.75,53.33,62.73,15.54,41.82,193.93,3.3,77.96,5,16220,46.87,1.19,4334,12.77,Medium,46.05
Varanasi,Uttar Pradesh,25.288882,83.048058,2024-03-27,60.95,27.03,38.04,1.65,20.69,18.7,1.65,35.47,4,47,75.14,1.2,8,0.02,Low,28.64
Guwahati,Assam,26.185182,91.761231,2024-05-23,108.66,55.82,82.47,7.2,36.45,9.53,1.0,69.81,1,312,59.33,2.49,180,1.07,Medium,50.49
Varanasi,Uttar Pradesh,25.234481,82.98873,2024-07-19,73.43,51.63,63.12,6.19,19.61,34.34,3.42,36.09,3,7160,46.56,0.33,1458,0.74,Low,27.61
Madurai,Tamil Nadu,9.925737,78.035329,2023-04-14,65.16,50.14,67.2,1.85,36.85,12.94,1.72,57.77,2,6473,66.63,1.15,2634,12.22,Low,30.16
Hyderabad,Telangana,17.330386,78.425479,2025-01-10,76.65,29.53,41.77,9.44,38.31,122.13,0.98,43.62,2,17,48.47,1.41,4,0.02,Medium,40.87
Guwahati,Assam,26.23223,91.750345,2024-01-18,86.12,38.3,44.33,1.73,24.64,44.47,3.39,53.92,1,325,44.3,0.84,40,0.04,Low,20.71
Gwalior,Madhya Pradesh,26.317806,78.161634,2023-04-23,111.65,54.38,80.51,4.62,37.14,119.46,0.41,27.37,6,50000,62.98,1.54,26637,157.26,Medium,38.92
Lucknow,Uttar Pradesh,26.768368,80.900807,2025-06-30,90.04,33.8,49.78,2.68,43.26,33.58,0.16,74.3,3,101,77.46,0.56,21,0.05,Low,34.04
Jabalpur,Madhya Pradesh,23.25921,79.983835,2025-05-17,95.16,45.45,61.22,2.89,39.16,49.14,8.18,81.37,3,915,72.07,1.19,60,0.08,Low,16.52
Bangalore,Karnataka,13.008906,77.582179,2025-02-13,64.6,32.84,37.93,6.45,36.86,67.14,0.61,72.8,1,17478,60.41,0.18,4075,2.01,Low,33.35
Pune,Maharashtra,18.590904,73.927311,2023-09-19,161.83,107.41,123.89,2.6,40.28,232.07,1.77,72.06,5,588,83.73,2.36,225,1.49,Medium,46.14
Vijayawada,Andhra Pradesh,16.587653,80.713681,2023-08-15,134.94,57.41,67.7,6.05,44.78,73.41,4.4,84.24,3,126,95.19,2.0,35,0.11,Medium,40.96
Guwahati,Assam,26.053831,91.657031,2025-05-28,66.73,52.2,66.5,4.07,28.96,36.27,0.74,36.99,2,794,91.63,1.7,270,0.59,Medium,39.35
Guwahati,Assam,26.118797,91.688187,2024-07-22,33.37,16.85,24.54,4.06,22.41,25.03,2.94,40.71,3,1173,89.42,0.2,242,0.14,Low,16.2
Vadodara,Gujarat,22.250108,73.089986,2025-03-02,58.1,38.99,53.07,17.58,33.76,17.44,0.93,51.71,4,211,85.94,1.74,61,0.39,Medium,51.03
Guwahati,Assam,26.060937,91.666935,2025-02-16,151.72,104.93,143.34,9.27,38.95,232.33,1.61,69.75,1,84,85.86,2.41,62,0.2,Medium,52.59
Delhi,Delhi,28.742629,77.096793,2024-10-09,68.45,53.61,61.7,3.86,50.02,173.72,0.27,89.32,4,270,68.68,0.38,34,0.06,Low,27.91
Surat,Gujarat,21.095625,72.764735,2024-05-14,214.92,170.83,191.89,4.53,58.38,90.21,1.13,77.83,4,14970,84.46,2.8,4185,32.95,High,63.92
Jaipur,Rajasthan,26.996883,75.722676,2024-09-04,115.3,78.75,95.0,5.16,49.42,28.99,1.08,42.83,3,583,66.5,1.3,235,1.22,Medium,51.68
Bhopal,Madhya Pradesh,23.335999,77.485044,2023-06-22,149.12,102.1,142.75,8.08,41.99,121.9,0.22,71.78,1,4949,54.75,1.31,3364,8.42,Medium,52.83
Vijayawada,Andhra Pradesh,16.443084,80.566168,2025-03-21,80.12,63.47,91.35,8.41,53.37,68.63,1.9,62.48,3,733,76.58,1.42,192,0.5,Medium,37.03
Thiruvananthapuram,Kerala,8.484352,76.934561,2024-01-12,240.63,157.16,211.17,7.66,73.05,109.33,0.28,83.23,6,1464,85.92,5.23,1414,24.47,Critical,80.52
Nagpur,Maharashtra,21.101816,79.10586,2025-07-11,69.13,47.29,70.15,4.47,33.17,167.96,0.15,45.65,2,62,76.46,1.16,13,0.03,Low,27.84
Coimbatore,Tamil Nadu,11.029835,76.93427,2025-04-01,63.96,51.11,71.22,3.92,24.8,89.58,1.82,72.95,4,199,92.92,0.35,8,0.01,Low,27.52
Indore,Madhya Pradesh,22.798619,75.815304,2024-07-04,69.4,51.6,75.81,2.56,36.4,13.2,2.88,62.24,3,347,51.11,1.06,131,0.28,Low,23.53
Coimbatore,Tamil Nadu,11.067279,76.92153,2023-01-02,69.17,32.59,45.91,6.08,35.7,11.68,0.18,43.04,1,19566,88.35,1.01,11559,19.52,Medium,37.47
Varanasi,Uttar Pradesh,25.270847,83.014613,2024-06-02,77.6,30.78,45.03,2.68,30.07,161.88,1.44,62.25,2,119,66.99,0.71,14,0.04,Low,21.96
Jaipur,Rajasthan,26.968492,75.865472,2023-10-15,60.48,40.47,59.19,2.1,25.79,146.98,1.1,53.52,3,1349,54.89,0.84,284,0.86,Low,22.27
Kanpur,Uttar Pradesh,26.407867,80.257654,2024-08-28,60.48,25.43,35.44,3.33,36.11,46.5,2.57,48.73,3,579,68.19,0.3,74,0.04,Low,28.86
Varanasi,Uttar Pradesh,25.317614,82.930626,2024-08-17,26.59,14.6,17.99,0.74,14.73,150.66,0.69,73.04,6,29,61.73,0.58,5,0.01,Low,11.64
Pune,Maharashtra,18.458957,73.899202,2024-12-21,134.8,61.54,82.32,4.29,36.92,187.5,1.99,60.0,3,2495,88.18,0.89,422,1.78,Low,32.75
Varanasi,Uttar Pradesh,25.22095,83.065864,2024-08-26,71.24,50.34,63.57,6.64,46.17,46.51,0.08,34.47,2,775,75.38,1.64,569,3.03,Medium,44.17
Jaipur,Rajasthan,26.929399,75.747705,2023-09-04,90.34,51.72,62.36,3.43,49.25,39.65,0.28,42.58,4,78,85.7,1.49,22,0.06,Medium,38.32
Aurangabad,Maharashtra,19.901364,75.285834,2024-07-28,80.11,57.73,74.89,3.46,47.32,47.02,1.89,31.02,3,48,74.71,0.6,3,0.0,Low,34.24
Gwalior,Madhya Pradesh,26.20627,78.155258,2025-02-23,104.5,36.8,51.03,8.99,38.74,69.45,2.91,90.16,1,2441,75.51,2.39,663,7.66,Medium,41.5
Pune,Maharashtra,18.471641,73.815993,2023-03-13,81.3,59.46,83.06,6.6,38.67,228.3,0.28,34.16,3,495,76.31,0.99,120,0.22,Low,21.92
Indore,Madhya Pradesh,22.623734,75.903996,2025-05-28,44.93,24.35,33.9,3.03,19.56,158.34,0.15,82.75,4,1334,65.73,0.21,161,0.16,Low,11.19
Kolkata,West Bengal,22.590498,88.276348,2024-09-03,34.3,15.22,18.61,5.2,18.21,31.4,0.74,64.89,6,244,51.07,0.25,56,0.06,Low,29.81
Vasai,Maharashtra,19.397147,72.727931,2024-03-31,42.05,20.16,26.02,7.02,18.84,149.62,1.89,78.01,5,3582,55.6,0.8,672,1.04,Low,26.05
Kolkata,West Bengal,22.476336,88.430041,2023-01-09,97.77,42.56,60.3,2.04,44.45,36.7,0.01,52.24,4,15362,92.02,1.99,5486,53.74,Medium,39.8
Vasai,Maharashtra,19.490924,72.900017,2024-07-24,113.31,59.36,72.09,3.31,28.25,16.73,2.33,72.66,1,247,81.19,0.8,83,0.1,Low,30.19
Chandigarh,Chandigarh,30.761151,76.786997,2025-08-14,89.86,61.0,90.17,4.22,34.86,57.57,2.04,33.83,1,1440,41.52,0.54,233,0.23,Low,23.64
Mumbai,Maharashtra,19.112702,72.840573,2023-04-03,114.1,77.19,88.48,1.73,35.16,57.54,2.11,62.95,5,443,51.64,0.88,71,0.23,Low,26.18
Ahmedabad,Gujarat,23.11055,72.603791,2024-07-23,60.56,30.51,34.69,4.09,30.37,31.54,0.14,42.97,4,2248,98.76,1.11,762,2.73,Medium,38.25
Thiruvananthapuram,Kerala,8.496265,76.94152,2023-01-29,74.96,43.56,64.06,4.29,30.95,186.86,4.33,87.45,2,150,82.49,1.18,22,0.07,Low,19.62
Chandigarh,Chandigarh,30.796029,76.869993,2024-03-11,31.19,14.69,21.46,3.4,21.94,27.08,1.63,29.77,1,279,73.52,0.49,111,0.22,Low,20.01
Meerut,Uttar Pradesh,29.013847,77.767147,2025-07-24,32.92,10.6,13.28,3.02,46.48,114.98,1.05,70.46,3,12438,79.57,0.53,4933,12.25,Low,12.59
Vijayawada,Andhra Pradesh,16.466505,80.680075,2023-11-20,151.77,104.48,128.41,3.47,70.49,133.21,3.18,25.8,2,319,81.2,0.85,180,0.39,Medium,43.99
Patna,Bihar,25.672867,85.164889,2024-01-11,134.75,105.7,125.32,8.35,44.43,67.36,5.11,97.76,2,7530,55.52,1.51,985,5.06,Medium,48.93
Madurai,Tamil Nadu,9.98608,78.05349,2023-11-11,35.46,16.79,22.77,0.0,32.86,116.72,3.11,66.89,1,661,83.45,0.85,136,0.31,Low,8.78
Jabalpur,Madhya Pradesh,23.119368,80.016418,2024-03-30,160.26,108.1,159.78,6.53,54.97,84.24,1.27,85.63,5,151,77.62,1.61,42,0.27,Medium,54.22
Varanasi,Uttar Pradesh,25.380375,82.883444,2024-03-28,22.09,12.28,17.52,8.35,26.31,99.77,2.08,83.95,1,1154,70.98,1.0,131,0.38,Low,22.14
Mumbai,Maharashtra,19.167229,72.864952,2025-08-30,60.06,33.82,44.23,9.77,17.18,92.1,4.71,64.68,3,319,70.47,0.78,23,0.06,Low,31.82
Hubli,Karnataka,15.423748,75.093218,2025-01-03,124.8,74.03,99.45,4.43,55.45,217.5,1.66,28.54,1,3086,55.33,0.95,894,2.56,Medium,35.07
Bangalore,Karnataka,12.993231,77.615166,2023-02-14,273.06,166.44,226.87,3.06,100.0,63.37,2.49,54.07,2,1562,95.23,2.78,1541,14.64,High,66.91
Ahmedabad,Gujarat,23.110412,72.507985,2023-10-23,99.35,68.79,91.76,3.88,47.07,40.76,0.06,92.79,2,3,54.14,1.98,1,0.01,Medium,38.97
Aurangabad,Maharashtra,19.809848,75.443219,2025-01-09,56.37,31.72,39.26,3.37,40.74,103.41,3.31,78.58,2,24671,85.61,0.54,5826,11.5,Low,23.63
Vadodara,Gujarat,22.283994,73.199969,2023-11-29,141.54,67.72,81.96,15.45,36.33,54.48,0.27,40.95,5,1532,84.18,2.05,2102,10.59,High,64.9
Ahmedabad,Gujarat,23.007191,72.500965,2025-07-03,154.59,87.22,124.43,4.23,44.18,105.85,1.44,73.0,5,24408,77.54,1.82,5567,13.86,Medium,54.78
Varanasi,Uttar Pradesh,25.329859,82.894368,2024-09-25,196.19,142.95,164.36,2.35,45.19,302.68,2.13,45.09,4,14990,84.18,1.55,7316,49.43,Medium,38.58
Vadodara,Gujarat,22.244902,73.215786,2024-04-07,34.6,24.79,31.08,0.57,15.81,116.45,1.06,82.98,2,731,79.07,0.22,178,0.09,Low,10.17
Kalyan,Maharashtra,19.247607,73.14408,2023-11-23,40.15,18.95,27.93,5.31,16.58,132.7,1.39,69.21,4,4098,50.54,0.32,869,1.18,Low,17.14
Varanasi,Uttar Pradesh,25.339252,82.885716,2025-09-22,48.09,15.19,16.71,6.98,28.12,75.68,0.86,50.71,6,236,92.71,0.6,69,0.06,Low,25.54
Amritsar,Punjab,31.629637,74.830142,2025-04-03,86.04,41.94,51.71,2.01,35.68,35.4,0.76,62.73,2,5867,35.63,0.58,366,0.41,Low,25.8
Vijayawada,Andhra Pradesh,16.466645,80.737072,2025-04-03,65.21,24.13,30.78,0.87,25.16,162.95,2.65,89.12,8,537,49.19,1.0,114,0.29,Low,17.97
Jabalpur,Madhya Pradesh,23.229023,80.07932,2023-10-12,137.65,104.64,146.72,5.53,40.82,168.68,2.42,57.91,1,20376,85.97,1.57,12153,24.59,Medium,41.33
Rajkot,Gujarat,22.319251,70.781135,2023-11-08,122.87,39.85,50.76,4.71,58.61,41.35,4.2,30.84,3,39337,52.03,0.91,19066,61.35,Medium,36.78
Indore,Madhya Pradesh,22.753354,75.826984,2024-03-02,73.99,26.12,29.12,1.95,39.54,175.57,1.63,78.05,10,2,87.27,0.41,0,0.0,Low,24.1
Kolkata,West Bengal,22.544103,88.387292,2023-07-07,8.36,6.48,8.13,0.41,13.84,65.08,3.53,36.07,4,623,74.98,0.44,102,0.17,Low,6.78
Bhopal,Madhya Pradesh,23.174203,77.489043,2023-05-22,31.73,12.11,16.35,6.32,34.82,148.89,0.3,59.29,2,27,74.46,0.78,9,0.03,Low,21.11
Aurangabad,Maharashtra,19.810404,75.273626,2025-02-10,120.45,53.37,72.63,7.5,54.71,62.06,0.28,80.21,5,36163,53.62,2.05,12125,111.33,Medium,53.87
Hyderabad,Telangana,17.432756,78.472255,2023-05-07,76.82,33.84,38.25,4.23,34.43,178.34,3.97,68.79,3,276,43.31,0.42,67,0.09,Low,20.7
Vasai,Maharashtra,19.487012,72.807422,2025-09-20,124.73,66.19,84.01,7.4,51.39,175.99,0.56,83.91,1,15233,81.76,1.44,9773,27.76,Medium,54.07
Allahabad,Uttar Pradesh,25.443281,81.783206,2024-09-11,23.87,9.88,11.89,4.63,39.37,60.18,0.23,56.55,2,1066,82.29,0.47,101,0.19,Low,23.17
Surat,Gujarat,21.26949,72.771218,2023-02-12,170.74,116.92,129.6,5.34,40.31,80.74,3.79,58.45,3,234,66.2,0.99,61,0.24,Medium,51.86
Srinagar,Jammu and Kashmir,34.035407,74.852667,2024-03-29,65.61,23.05,29.72,0.89,17.7,130.54,7.6,62.78,3,177,63.22,0.18,57,0.01,Low,9.86
Surat,Gujarat,21.212849,72.910764,2024-05-11,149.85,74.84,85.19,8.9,59.39,72.6,1.34,53.52,7,6995,72.96,2.09,1583,12.26,Medium,54.58
Srinagar,Jammu and Kashmir,34.173126,74.753189,2025-05-15,194.8,121.37,141.4,3.74,49.61,85.93,5.66,50.05,2,248,79.53,0.92,59,0.15,Medium,43.44
Nashik,Maharashtra,19.958044,73.709868,2024-09-04,110.85,88.3,124.05,9.04,53.19,134.98,1.04,35.16,4,5742,62.57,2.03,1846,4.29,Medium,45.7
Mumbai,Maharashtra,19.172021,72.791167,2024-01-28,35.17,27.05,30.37,6.75,23.61,162.02,3.27,61.43,6,1792,79.84,1.07,217,0.24,Low,10.42
Ahmedabad,Gujarat,23.073474,72.591374,2024-06-21,41.59,30.6,38.06,7.11,41.26,87.14,0.16,48.65,4,1365,54.85,1.59,770,4.81,Medium,35.9
Mumbai,Maharashtra,19.079664,72.803884,2023-07-25,129.25,72.71,89.74,4.56,29.84,134.16,0.62,64.45,2,3045,75.21,1.58,1674,11.19,Medium,36.28
Ranchi,Jharkhand,23.337051,85.389474,2024-09-06,142.75,108.97,124.57,1.9,73.38,33.96,3.2,75.83,4,5788,84.03,1.65,2187,4.0,Medium,44.91
Kota,Rajasthan,25.219534,75.901169,2025-08-10,148.79,105.7,149.47,6.57,53.16,272.03,6.38,50.48,3,633,89.21,0.47,35,0.02,Low,28.51
Dhanbad,Jharkhand,23.878345,86.34629,2023-10-01,84.15,40.89,46.34,1.1,15.64,165.81,0.35,77.3,4,95,87.2,0.26,16,0.01,Low,20.46
Kochi,Kerala,9.899736,76.275489,2025-03-30,129.45,99.97,131.34,7.02,56.32,36.94,0.6,19.85,0,650,49.99,3.09,590,6.21,High,57.56
Hyderabad,Telangana,17.313846,78.446042,2025-09-24,196.1,140.53,156.85,4.52,76.38,13.88,0.92,49.02,2,3114,55.49,3.44,2797,12.87,High,70.12
Kolkata,West Bengal,22.591312,88.282384,2023-12-11,182.4,102.92,120.85,0.71,46.64,61.56,0.07,80.08,2,111,78.62,1.95,73,0.44,Medium,54.09
Jabalpur,Madhya Pradesh,23.183962,79.960206,2024-09-23,168.11,115.23,134.9,2.46,50.42,176.62,3.35,47.92,5,115,89.57,1.01,82,0.38,Medium,39.42
Howrah,West Bengal,22.571282,88.231688,2023-04-29,51.83,38.17,43.11,9.51,32.5,36.99,0.85,63.94,3,25222,81.51,1.31,6759,18.52,Medium,41.64
Vijayawada,Andhra Pradesh,16.540894,80.691387,2025-02-02,204.43,67.5,91.27,4.81,46.81,56.93,1.7,54.32,2,594,27.59,2.63,295,1.87,High,67.81
Varanasi,Uttar Pradesh,25.260303,82.942189,2023-03-13,65.26,40.94,49.68,0.49,11.54,94.54,3.99,72.68,1,3068,70.58,0.82,688,1.52,Low,19.73
Bareilly,Uttar Pradesh,28.399979,75.436201,2023-10-07,70.57,49.46,56.71,4.85,30.35,176.19,2.61,63.51,0,438,67.98,1.13,57,0.31,Low,25.2
Kolkata,West Bengal,22.529729,88.331014,2023-05-09,109.08,41.59,54.91,3.37,35.82,175.77,1.64,29.54,5,4761,54.96,0.33,1074,1.17,Low,27.81
Ranchi,Jharkhand,23.361202,85.29091,2023-05-04,38.58,27.28,36.88,2.19,21.1,42.41,1.37,51.11,5,143,82.7,0.14,11,0.0,Low,16.14
Ranchi,Jharkhand,23.394985,85.213273,2024-05-07,99.31,49.62,60.96,12.03,47.04,23.72,0.39,56.78,5,378,21.38,3.01,182,1.58,High,57.89
Vasai,Maharashtra,19.46914,72.878368,2024-08-25,48.3,32.8,45.49,1.89,33.12,61.39,3.27,65.03,2,61,66.86,0.38,10,0.01,Low,8.87
Agra,Uttar Pradesh,27.181796,78.06944,2024-01-19,63.32,21.45,31.79,2.07,42.17,104.5,1.43,40.49,7,366,91.53,0.11,90,0.04,Low,26.15
Varanasi,Uttar Pradesh,25.352634,82.887544,2024-01-04,144.46,63.74,84.04,11.71,45.71,75.24,0.33,94.63,1,1597,94.76,2.34,1765,8.56,High,60.8
Delhi,Delhi,28.73719,77.088068,2024-06-13,148.6,89.7,126.54,1.0,43.84,159.75,4.17,25.79,5,518,74.22,0.94,58,0.21,Low,33.15
Varanasi,Uttar Pradesh,25.246019,82.956856,2023-03-22,58.74,45.04,53.38,1.64,24.36,164.69,0.7,64.51,5,4115,83.42,0.66,342,1.05,Low,19.91
Indore,Madhya Pradesh,22.759625,75.763742,2024-08-08,92.28,63.72,72.38,3.62,45.77,9.61,1.83,34.1,4,97,66.62,0.67,11,0.03,Low,27.21
Bangalore,Karnataka,12.959222,77.552106,2024-10-19,37.82,18.81,28.01,4.85,38.24,208.78,1.32,9.09,4,1953,85.63,1.02,217,0.27,Low,14.51
Bhopal,Madhya Pradesh,23.35426,77.336251,2025-03-11,142.61,57.17,72.73,6.58,23.86,152.93,0.25,62.4,4,4534,58.01,1.64,1363,8.88,Medium,37.8
Jaipur,Rajasthan,26.953612,75.791048,2025-02-13,140.4,98.49,120.83,5.44,63.38,149.81,0.32,52.64,1,1270,69.34,2.3,910,2.42,Medium,54.85
Aurangabad,Maharashtra,19.848542,75.303789,2023-05-31,119.49,88.88,105.18,4.22,34.83,104.23,0.51,90.32,2,118,74.04,2.0,29,0.27,Medium,39.35
Lucknow,Uttar Pradesh,26.924765,80.958307,2024-08-15,23.61,7.94,10.37,3.39,8.41,78.7,2.22,42.43,3,6561,29.08,0.36,502,0.91,Low,15.04
Pune,Maharashtra,18.437234,73.861861,2024-12-13,105.12,43.66,50.29,2.74,24.4,187.81,3.19,89.78,4,341,83.94,0.42,73,0.11,Low,32.41
Solapur,Maharashtra,17.736457,75.974867,2023-07-21,81.83,46.2,66.25,5.61,36.31,61.7,0.12,69.66,3,334,86.78,1.15,144,0.29,Medium,35.26
Jodhpur,Rajasthan,26.329089,73.033713,2024-05-01,112.56,37.01,50.47,1.26,52.0,78.49,1.64,65.4,1,346,74.1,1.64,198,1.02,Medium,38.04
Guwahati,Assam,26.107139,91.765876,2024-08-28,68.05,25.33,28.05,5.57,18.19,143.08,2.1,25.35,5,4754,61.92,0.84,1056,1.53,Low,22.87
Srinagar,Jammu and Kashmir,34.140987,74.830012,2024-06-11,75.79,34.76,48.6,4.74,32.2,30.76,1.36,42.33,2,3323,78.19,0.74,578,2.11,Low,28.01
Faridabad,Haryana,28.420566,77.409244,2023-12-13,33.99,24.13,34.75,0.5,41.12,171.97,0.45,55.69,1,4294,46.2,0.99,979,1.3,Low,14.16
Patna,Bihar,25.533387,85.101775,2023-09-06,101.57,71.37,82.68,4.5,40.18,148.72,2.11,81.97,2,39122,55.98,1.59,19093,110.24,Medium,38.44
Amritsar,Punjab,31.624466,74.87553,2023-03-17,130.36,43.51,49.07,6.6,42.26,116.55,1.15,85.14,3,912,30.1,2.33,182,0.43,Medium,37.77
Vijayawada,Andhra Pradesh,16.592486,80.576195,2023-10-23,42.8,26.39,34.54,1.59,35.03,17.95,0.19,73.68,6,5340,85.71,0.35,1133,1.11,Low,22.28
Jaipur,Rajasthan,26.833419,75.784825,2023-12-25,16.43,9.54,14.24,1.63,27.29,206.85,2.36,45.02,5,155,95.37,0.72,23,0.05,Low,0.83
Bareilly,Uttar Pradesh,28.431417,75.349792,2023-12-10,51.58,35.66,47.24,2.24,40.22,12.5,0.21,82.33,3,6859,40.26,1.09,2629,9.21,Medium,39.67
Kalyan,Maharashtra,19.286002,73.041449,2024-06-19,27.46,8.48,12.02,0.36,32.75,54.11,0.59,51.67,3,1145,82.81,0.29,91,0.03,Low,13.98
Surat,Gujarat,21.113139,72.745825,2025-07-07,94.91,46.07,60.15,5.73,30.38,57.28,4.83,70.21,6,6838,52.56,0.66,1187,2.68,Low,22.22
Hubli,Karnataka,15.333443,75.222879,2023-12-17,122.82,49.47,65.32,4.28,60.32,52.32,1.79,34.54,2,36086,20.51,1.03,17578,65.27,Medium,50.36
Delhi,Delhi,28.797895,77.083214,2025-09-19,79.02,47.01,65.17,3.7,17.27,15.95,2.05,56.54,1,91,60.27,0.18,6,0.0,Low,25.46
Jabalpur,Madhya Pradesh,23.188061,79.983245,2024-09-09,29.64,11.43,14.27,4.3,27.38,296.53,2.82,48.22,3,163,75.8,0.81,50,0.04,Low,11.95
Hyderabad,Telangana,17.315133,78.512428,2025-05-10,94.61,37.28,53.91,3.53,40.24,53.55,3.97,54.44,3,32714,87.03,0.99,15774,24.15,Low,25.49
Jaipur,Rajasthan,26.920626,75.690505,2025-03-29,123.47,44.74,59.77,10.65,43.69,130.74,2.04,23.77,4,873,90.71,2.06,611,2.23,High,55.29
Kolkata,West Bengal,22.508831,88.280672,2023-03-20,131.91,79.05,105.39,4.64,66.02,112.49,2.27,62.64,4,58,69.9,1.06,22,0.1,Medium,42.61
Amritsar,Punjab,31.606118,74.875936,2023-03-30,139.78,73.37,87.58,4.25,43.35,69.62,1.0,59.9,1,254,96.78,2.06,58,0.4,Medium,45.98
Coimbatore,Tamil Nadu,11.08553,76.872587,2024-05-02,42.99,24.34,32.04,2.55,25.52,64.8,0.95,70.84,3,2340,77.46,0.99,143,0.31,Low,19.31
Agra,Uttar Pradesh,27.218588,78.088101,2025-09-01,67.72,21.7,26.39,6.33,44.61,63.55,1.71,61.36,3,259,61.39,2.18,81,0.57,Medium,36.8
Meerut,Uttar Pradesh,28.914458,77.697995,2025-01-25,135.13,50.24,61.13,4.75,45.15,219.32,4.28,59.05,4,2717,47.59,0.73,378,0.67,Low,28.13
Pune,Maharashtra,18.570472,73.956262,2024-03-23,41.56,13.04,17.05,6.21,18.59,74.65,1.21,69.68,1,5502,48.8,0.62,764,1.22,Low,21.38
Bareilly,Uttar Pradesh,28.454357,75.304673,2024-01-12,78.36,50.05,69.16,2.35,32.01,27.82,0.16,79.77,2,10464,67.57,0.22,1892,1.18,Low,34.01
Jaipur,Rajasthan,26.838082,75.742512,2024-07-29,43.26,34.29,39.05,3.99,25.18,49.29,1.19,73.23,6,1101,76.6,0.39,320,0.55,Low,17.65
Aurangabad,Maharashtra,19.86619,75.291571,2025-03-02,232.62,88.89,109.73,4.42,45.25,152.83,0.07,32.21,5,1166,49.29,3.44,885,8.85,High,65.12
Allahabad,Uttar Pradesh,25.354589,81.82635,2023-03-20,87.63,47.0,64.3,3.05,48.68,83.97,0.53,68.45,3,4158,86.67,0.19,572,0.14,Low,34.24
Jabalpur,Madhya Pradesh,23.182204,79.999453,2024-04-17,57.34,25.85,34.57,3.43,38.17,91.6,0.22,64.3,5,1095,68.08,0.49,95,0.14,Low,25.26
Raipur,Chhattisgarh,21.159899,81.682212,2023-11-12,153.21,66.26,92.58,2.75,25.22,42.72,0.19,94.25,3,862,47.47,1.17,540,2.95,Medium,48.67
Kalyan,Maharashtra,19.287742,73.216653,2023-11-16,191.29,128.46,164.89,2.14,47.17,96.47,1.09,61.22,2,1792,57.14,2.08,724,4.17,Medium,46.39
Bareilly,Uttar Pradesh,28.370779,75.44095,2025-06-06,118.79,50.08,71.17,3.26,53.0,48.46,3.87,74.56,5,487,68.87,1.77,136,0.44,Medium,41.11
Raipur,Chhattisgarh,21.185881,81.677509,2025-01-18,52.71,25.65,37.33,8.02,45.55,7.14,3.36,48.0,2,69,61.11,2.33,26,0.17,Medium,41.37
Chennai,Tamil Nadu,12.991089,80.312308,2023-10-31,162.2,92.09,130.53,7.1,58.35,266.41,0.67,75.5,4,10905,60.64,3.91,4295,24.45,High,61.35
Chandigarh,Chandigarh,30.824379,76.779318,2025-07-22,134.08,53.48,78.96,0.95,41.45,116.78,0.76,22.11,3,363,77.57,1.35,284,0.49,Medium,39.72
Kanpur,Uttar Pradesh,26.356379,80.417344,2024-12-17,58.27,25.8,32.59,2.34,27.89,68.33,2.74,52.01,3,23,80.17,0.14,9,0.0,Low,16.81
Thiruvananthapuram,Kerala,8.445966,76.865124,2024-08-27,89.47,27.98,36.25,4.4,41.5,38.41,0.81,76.11,6,652,57.71,0.82,398,1.59,Medium,36.37
Bareilly,Uttar Pradesh,28.281037,75.344598,2024-09-30,112.46,64.54,74.39,3.08,46.13,58.15,1.79,77.92,4,5323,91.64,1.01,1153,4.95,Medium,42.31
Jodhpur,Rajasthan,26.25649,73.113651,2024-09-21,68.96,20.7,23.33,6.88,12.99,135.77,2.33,57.77,3,186,76.39,0.95,49,0.14,Low,24.89
Hyderabad,Telangana,17.470731,78.449278,2024-01-18,99.49,40.87,56.79,5.5,51.06,99.19,1.64,72.9,2,53,33.92,2.41,23,0.11,Medium,39.76
Visakhapatnam,Andhra Pradesh,17.713009,83.263271,2025-08-14,72.7,42.3,48.71,3.3,38.47,75.61,2.65,64.04,4,117,95.25,0.5,31,0.02,Low,19.81
Mumbai,Maharashtra,19.033114,72.945286,2024-12-17,77.1,35.83,44.15,1.2,26.24,184.87,2.34,97.62,2,731,81.06,0.69,128,0.14,Low,19.63
Kanpur,Uttar Pradesh,26.426361,80.361924,2024-01-11,161.04,48.35,69.79,5.47,60.98,167.82,0.48,75.34,3,1155,50.28,3.06,1286,6.43,High,59.61
Coimbatore,Tamil Nadu,11.055111,77.027395,2025-08-09,131.99,49.64,62.48,12.26,62.81,42.7,0.06,34.52,2,1269,87.35,2.78,738,9.18,High,72.05
Bareilly,Uttar Pradesh,28.370853,75.488963,2024-04-15,116.77,85.44,122.69,2.87,47.07,144.88,0.36,45.91,2,50000,47.59,2.29,33900,304.93,Medium,42.8
Allahabad,Uttar Pradesh,25.340401,81.917251,2024-08-10,53.09,29.06,34.96,5.33,3.39,55.75,0.49,33.29,3,1383,60.72,1.33,560,2.41,Medium,35.26
Guwahati,Assam,26.19293,91.814842,2023-02-01,69.69,23.65,34.42,14.96,37.97,35.98,4.44,26.11,4,52,78.48,1.45,13,0.06,Medium,40.75
Rajkot,Gujarat,22.243628,70.742843,2023-09-16,70.26,21.76,27.72,4.91,36.91,238.2,8.38,92.1,0,326,36.58,0.78,87,0.3,Low,13.56
Nagpur,Maharashtra,21.055709,79.183741,2025-04-10,16.41,8.69,10.37,2.58,4.34,86.1,1.01,57.88,5,268,93.32,0.18,88,0.04,Low,15.58
Hyderabad,Telangana,17.371892,78.404406,2023-12-13,56.04,25.6,31.76,3.73,43.97,154.52,5.51,59.43,5,589,82.9,0.6,138,0.25,Low,23.95
Surat,Gujarat,21.07677,72.879529,2024-10-02,31.38,20.05,29.24,4.23,41.21,163.2,1.43,61.86,3,50000,78.14,0.37,6032,2.56,Low,23.8
Amritsar,Punjab,31.619704,74.88142,2024-11-10,54.63,16.47,19.57,5.1,32.66,38.59,1.65,60.9,1,230,64.92,1.17,43,0.25,Low,34.2
Ahmedabad,Gujarat,22.962055,72.54754,2024-09-19,90.06,49.44,55.24,12.43,23.62,54.84,2.26,76.08,2,3658,68.7,0.88,2053,2.28,Medium,36.64
Howrah,West Bengal,22.595724,88.16677,2023-12-27,82.81,54.34,79.52,6.21,19.72,90.85,1.92,64.98,1,1339,75.52,0.1,60,0.03,Low,30.06
Jabalpur,Madhya Pradesh,23.101819,80.058599,2023-01-11,108.14,68.57,79.2,7.68,42.06,308.49,3.2,71.52,4,418,91.67,1.64,74,0.16,Medium,36.49
Varanasi,Uttar Pradesh,25.374832,82.89336,2025-06-21,89.52,59.04,86.98,7.04,43.46,73.24,1.03,47.76,4,1123,84.2,2.3,398,4.42,Medium,39.75
Indore,Madhya Pradesh,22.733862,75.863255,2025-03-05,116.01,52.44,63.94,3.51,48.62,77.06,7.19,47.59,2,952,79.51,0.15,250,0.1,Low,33.26
Varanasi,Uttar Pradesh,25.282657,82.878683,2025-07-07,28.62,15.32,19.89,2.65,24.69,75.03,1.15,50.79,4,6705,69.08,0.52,1605,2.26,Low,10.68
Chandigarh,Chandigarh,30.756809,76.841994,2025-04-24,57.51,19.73,23.77,4.27,36.27,98.9,2.6,61.55,1,3245,69.97,0.81,358,0.35,Low,28.77
Bareilly,Uttar Pradesh,28.327601,75.33018,2024-05-02,56.15,28.94,43.0,7.41,32.87,327.64,0.73,70.06,7,390,66.47,1.07,34,0.09,Low,34.58
Nashik,Maharashtra,19.959603,73.825099,2023-04-19,68.73,41.37,52.97,5.63,31.06,129.07,3.5,47.97,3,8376,60.34,0.39,1127,1.05,Low,21.87
Kochi,Kerala,10.026332,76.279467,2024-02-21,101.63,33.89,46.39,8.44,29.39,419.43,1.29,88.79,2,7034,84.82,1.09,4786,22.73,Medium,43.99
Delhi,Delhi,28.683796,77.010444,2025-05-02,96.75,34.95,48.5,3.24,56.97,214.58,0.9,68.22,3,1163,40.81,0.47,266,0.58,Low,21.32
Raipur,Chhattisgarh,21.213359,81.727425,2023-08-10,63.91,46.23,51.9,2.83,29.1,27.02,0.57,82.47,5,818,64.15,0.16,139,0.11,Low,28.24
Pune,Maharashtra,18.594761,73.789616,2023-11-14,149.7,48.11,69.84,6.35,53.11,217.64,3.43,49.65,1,2627,59.68,1.96,896,3.11,Medium,37.75
Guwahati,Assam,26.057156,91.807875,2025-02-23,119.47,54.6,66.8,5.3,39.87,53.04,1.22,36.78,2,12796,76.41,1.63,4284,31.14,Medium,43.31
Jaipur,Rajasthan,26.912707,75.728359,2024-10-19,84.22,30.68,44.56,6.01,35.61,135.78,1.56,42.69,4,238,90.87,0.53,82,0.07,Low,31.46
Chandigarh,Chandigarh,30.798255,76.685744,2025-04-18,30.26,9.84,14.5,4.09,21.33,43.47,0.9,60.88,6,3134,71.49,1.07,859,4.33,Low,22.24
Varanasi,Uttar Pradesh,25.334869,82.99449,2023-08-11,41.87,26.88,32.77,2.57,39.2,57.99,0.15,59.53,3,178,77.56,0.43,16,0.03,Low,12.41
Allahabad,Uttar Pradesh,25.484091,81.841629,2024-10-12,94.03,55.01,66.05,2.69,28.74,153.33,0.03,61.68,3,455,76.55,0.67,75,0.1,Low,19.34
Raipur,Chhattisgarh,21.256266,81.665695,2024-04-26,119.86,65.84,81.33,2.94,30.66,90.25,1.57,81.22,1,320,80.85,0.59,77,0.07,Low,31.96
Bhopal,Madhya Pradesh,23.213335,77.333798,2023-01-25,59.68,45.86,61.4,9.47,31.19,133.92,1.63,52.26,1,444,67.06,0.84,66,0.2,Low,30.28
Dhanbad,Jharkhand,23.736737,86.389719,2024-03-01,91.66,61.22,90.31,7.4,34.17,120.98,3.03,61.55,5,2144,85.88,1.12,261,1.29,Low,29.12
Dhanbad,Jharkhand,23.716005,86.508757,2024-12-18,30.93,17.96,22.89,1.14,31.46,158.14,6.71,59.27,2,1228,80.85,1.1,170,0.29,Low,2.43
Vadodara,Gujarat,22.293696,73.12028,2024-10-21,76.66,42.04,50.39,7.91,36.51,93.99,2.69,29.69,3,3203,90.62,0.17,275,0.12,Low,33.02
Pune,Maharashtra,18.573092,73.871814,2023-11-10,131.38,44.96,51.63,4.56,44.45,70.07,0.49,89.39,4,73,43.49,1.23,55,0.31,Medium,43.99
Patna,Bihar,25.602149,85.207295,2025-05-29,38.73,13.18,15.28,2.91,20.23,142.13,0.98,23.96,2,121,71.35,0.56,14,0.03,Low,16.75
Kanpur,Uttar Pradesh,26.454035,80.346129,2023-03-23,61.8,29.42,43.47,2.48,28.96,60.62,0.95,50.28,2,553,59.09,0.28,63,0.05,Low,31.13
Dhanbad,Jharkhand,23.703428,86.344022,2024-06-18,122.3,78.13,116.23,3.48,41.69,83.37,0.75,88.96,4,985,67.19,1.98,195,0.81,Medium,46.53
Ranchi,Jharkhand,23.337328,85.379175,2023-11-09,84.17,49.52,62.46,3.0,35.73,56.92,1.69,74.02,0,949,46.51,0.57,262,0.21,Low,23.51
Vasai,Maharashtra,19.504046,72.873504,2023-08-04,133.0,53.33,73.91,10.51,50.33,126.01,2.43,38.93,3,222,93.8,2.31,87,0.75,Medium,52.36
Kalyan,Maharashtra,19.144618,73.203414,2023-06-15,220.6,84.63,103.41,10.22,78.41,91.02,0.36,54.59,2,50000,89.52,3.89,35676,223.99,Critical,89.53
Gwalior,Madhya Pradesh,26.150672,78.18836,2024-01-04,38.59,25.12,29.39,2.79,17.13,40.56,1.2,67.33,0,2121,81.8,0.8,651,1.57,Low,17.24
Vijayawada,Andhra Pradesh,16.466648,80.639531,2023-12-29,44.42,21.94,29.96,5.89,30.52,61.1,4.39,52.62,4,168,76.37,0.35,30,0.03,Low,16.76
Bangalore,Karnataka,13.067721,77.654827,2023-10-02,40.43,21.61,25.78,6.35,8.07,17.88,2.74,41.86,2,10623,57.01,1.08,2041,5.53,Low,16.24
Allahabad,Uttar Pradesh,25.405408,81.894845,2023-09-14,67.2,40.61,51.89,2.91,52.46,159.84,2.16,89.89,3,39,96.61,1.02,9,0.03,Low,27.77
Madurai,Tamil Nadu,9.859648,78.110539,2023-04-09,108.45,40.16,50.16,2.33,33.41,166.17,1.55,67.07,2,1367,60.95,0.64,173,0.49,Low,26.79
Meerut,Uttar Pradesh,29.020376,77.79026,2025-09-11,64.31,32.1,41.08,2.91,41.65,124.85,1.86,38.61,3,389,74.69,0.75,158,0.53,Low,21.36
Jaipur,Rajasthan,27.012242,75.770072,2023-11-29,69.57,25.49,35.56,2.17,35.99,158.48,0.29,23.27,2,31,81.84,0.39,4,0.01,Low,27.7
Varanasi,Uttar Pradesh,25.399686,83.062884,2023-04-19,64.51,25.86,30.84,6.04,34.19,37.38,1.76,56.49,3,184,89.14,0.27,38,0.04,Low,29.8
Chandigarh,Chandigarh,30.700731,76.752681,2023-04-07,94.16,46.06,61.14,3.86,27.84,149.59,0.1,21.01,3,41,81.07,0.81,7,0.01,Low,24.64
Solapur,Maharashtra,17.631749,75.840633,2023-05-27,128.93,68.22,94.05,3.78,40.62,219.81,0.96,77.51,5,10662,35.23,1.98,8819,24.66,Medium,37.8
Howrah,West Bengal,22.556129,88.233128,2024-08-09,135.13,86.07,100.43,3.34,45.02,156.09,3.16,50.01,1,105,64.84,0.93,31,0.08,Low,32.38
Madurai,Tamil Nadu,9.975942,78.116056,2025-04-22,185.88,74.21,109.05,5.35,62.67,25.16,0.45,85.8,3,2865,74.81,2.78,3885,32.58,High,66.57
Varanasi,Uttar Pradesh,25.35503,82.924495,2025-08-07,109.98,55.0,74.69,6.4,52.45,124.07,0.93,74.08,3,142,80.71,1.74,94,0.71,Medium,42.42
Hubli,Karnataka,15.290073,75.047872,2023-02-19,114.92,90.0,102.77,2.8,53.87,103.98,1.11,70.16,4,4199,81.32,1.35,2478,7.72,Medium,39.46
Allahabad,Uttar Pradesh,25.365564,81.85947,2025-04-27,69.35,24.48,31.95,2.68,22.11,47.01,0.01,90.55,6,5930,83.28,0.99,1181,1.99,Low,26.5
Madurai,Tamil Nadu,9.927495,78.058905,2024-01-29,81.54,60.31,74.37,1.65,35.25,12.91,3.33,79.16,1,2388,46.63,1.08,588,2.08,Low,20.53
Indore,Madhya Pradesh,22.816156,75.841142,2023-12-18,82.78,53.2,73.58,3.07,43.74,59.39,1.06,24.48,5,654,40.31,0.71,79,0.07,Low,29.15
Kota,Rajasthan,25.282356,75.782157,2023-11-12,182.39,139.87,189.79,3.89,58.5,70.03,2.39,78.15,1,105,64.26,2.13,20,0.09,Medium,45.01
Thiruvananthapuram,Kerala,8.578852,76.895263,2023-05-09,51.32,32.85,49.18,0.73,42.91,22.28,4.01,69.93,5,67,72.62,0.32,13,0.01,Low,25.8
Nagpur,Maharashtra,21.07172,79.110163,2025-03-13,37.55,13.02,14.46,3.99,29.31,35.75,0.79,70.64,4,16,69.09,1.14,2,0.01,Low,23.16
Rajkot,Gujarat,22.386607,70.705247,2023-02-25,48.93,22.79,28.69,3.23,22.6,32.06,0.38,79.4,1,970,83.51,0.81,283,0.87,Low,16.31
Solapur,Maharashtra,17.63294,75.856733,2023-02-12,14.91,7.16,8.26,7.96,21.86,68.91,3.17,64.7,5,8329,74.97,0.63,829,1.88,Low,18.4
Bangalore,Karnataka,12.978175,77.549111,2023-07-28,41.29,21.93,28.97,5.94,46.52,39.08,1.27,65.77,4,1116,62.13,1.14,310,1.12,Low,31.37
Vasai,Maharashtra,19.552372,72.868953,2024-12-19,119.18,90.39,111.0,0.89,36.08,75.94,1.16,47.3,9,799,79.6,1.01,336,1.63,Medium,36.02
Bhopal,Madhya Pradesh,23.207289,77.451291,2023-12-21,46.79,16.1,21.93,0.72,26.36,25.9,1.61,92.17,0,22,44.87,1.15,2,0.01,Low,20.75
Guwahati,Assam,26.17971,91.713047,2025-02-26,49.82,23.53,28.63,5.31,27.6,103.89,0.08,34.14,6,1868,77.76,0.64,457,0.42,Low,17.56
Kanpur,Uttar Pradesh,26.474709,80.3511,2024-04-23,65.07,30.25,39.06,9.32,27.85,66.05,7.77,48.93,2,3112,69.02,0.89,495,0.96,Low,31.59
Bangalore,Karnataka,12.957385,77.609374,2024-04-24,125.62,48.89,53.85,3.22,53.21,53.5,1.77,47.45,2,472,79.78,1.01,372,0.5,Medium,37.35
Kolkata,West Bengal,22.595042,88.340987,2023-09-05,194.33,102.52,130.13,4.62,53.88,64.92,0.02,81.38,2,29,67.54,2.39,23,0.16,High,60.96
Jaipur,Rajasthan,26.894987,75.879956,2024-10-26,44.83,31.93,39.75,5.55,34.6,10.67,3.78,51.73,4,83,35.17,1.12,18,0.07,Low,17.26
Hubli,Karnataka,15.347267,75.103228,2025-04-30,186.34,78.74,116.02,8.17,44.6,44.21,0.67,54.83,4,86,56.96,3.14,93,0.59,High,65.2
Patna,Bihar,25.567323,85.112636,2025-08-27,86.4,29.16,32.34,5.3,36.56,147.52,1.19,39.65,3,1762,61.36,1.1,96,0.13,Low,27.08
Varanasi,Uttar Pradesh,25.282041,82.891609,2023-02-14,30.62,11.02,16.26,0.74,30.59,289.38,1.34,50.72,2,22942,76.2,0.69,6133,20.4,Low,10.27
Dhanbad,Jharkhand,23.82538,86.448368,2023-05-03,127.05,76.76,111.33,13.38,67.89,72.85,0.03,76.94,5,1052,68.37,3.95,253,1.33,High,64.28
Guwahati,Assam,26.142179,91.743412,2023-02-25,73.82,47.14,65.61,6.31,29.52,136.7,1.12,91.96,4,11349,31.66,0.23,3633,3.54,Low,26.27
Coimbatore,Tamil Nadu,11.098624,76.908346,2023-01-30,61.03,36.68,42.53,8.63,44.36,78.44,1.45,95.44,4,2214,39.76,0.82,940,2.64,Medium,36.04
Patna,Bihar,25.690312,85.047325,2024-01-24,66.59,34.5,42.01,7.45,26.16,132.27,0.58,37.8,5,14,87.14,2.22,5,0.02,Medium,35.21
Jodhpur,Rajasthan,26.310992,73.078427,2024-02-11,84.16,33.79,43.8,7.11,36.9,29.94,0.48,89.17,3,1876,69.21,2.1,407,1.4,Medium,41.46
Kalyan,Maharashtra,19.221749,73.094259,2023-08-07,30.96,9.5,12.21,6.21,22.24,23.8,1.3,70.44,3,458,83.21,0.27,69,0.06,Low,20.78
Howrah,West Bengal,22.655343,88.353512,2024-02-11,87.25,41.87,53.51,10.37,44.12,79.86,3.73,56.92,6,17750,89.03,1.17,10779,28.4,Medium,48.8
Patna,Bihar,25.513174,85.118556,2025-02-27,48.18,14.78,20.14,2.49,45.66,125.33,4.62,75.74,3,369,86.21,0.67,49,0.08,Low,9.97
Varanasi,Uttar Pradesh,25.396595,83.06463,2023-12-04,53.38,35.45,51.21,2.48,22.22,56.43,5.99,57.19,3,312,45.79,0.94,30,0.13,Low,21.0
Bareilly,Uttar Pradesh,28.432649,75.310899,2025-02-14,144.12,47.67,68.38,3.51,33.94,52.47,0.13,80.81,4,1203,75.99,1.47,568,2.6,Medium,39.0
Hyderabad,Telangana,17.306536,78.556079,2024-08-09,108.3,39.3,48.0,1.75,38.1,32.4,0.29,33.29,6,320,93.3,2.39,61,0.43,Medium,42.7
Bareilly,Uttar Pradesh,28.362399,75.468238,2023-08-12,80.92,33.68,43.92,4.59,32.98,134.39,1.06,47.6,2,3218,73.86,0.64,544,0.91,Low,23.03
Bangalore,Karnataka,12.907952,77.502812,2024-11-12,76.95,50.09,67.4,4.07,33.7,195.49,2.23,63.18,5,1438,93.18,0.36,68,0.12,Low,26.79
Thiruvananthapuram,Kerala,8.60032,76.946066,2023-07-05,89.25,51.11,63.03,3.82,39.85,246.27,2.08,39.31,1,2612,68.14,1.0,321,0.81,Low,18.64
Dhanbad,Jharkhand,23.83403,86.485787,2025-05-21,71.9,26.66,37.31,4.45,41.29,84.17,5.38,98.64,3,549,52.77,0.41,133,0.14,Low,26.41
Agra,Uttar Pradesh,27.199898,78.074322,2024-10-14,68.09,24.63,27.87,8.16,29.46,163.64,3.54,47.2,2,59,92.94,0.72,7,0.01,Low,33.22
Jabalpur,Madhya Pradesh,23.108867,80.042619,2025-06-11,192.81,62.25,91.8,4.92,50.79,138.06,0.72,75.9,6,24088,91.61,1.97,7270,57.18,Medium,52.01
Vadodara,Gujarat,22.26164,73.275161,2024-07-24,128.45,62.59,70.91,4.73,40.21,352.71,0.65,68.5,4,1004,39.08,1.6,854,2.3,Medium,43.76
Ahmedabad,Gujarat,23.091079,72.539748,2024-02-09,43.3,31.65,44.48,1.31,32.23,99.11,9.7,32.54,5,6466,53.74,0.4,1878,3.3,Low,9.22
Jaipur,Rajasthan,26.814882,75.691237,2023-07-15,6.21,4.63,6.13,0.72,35.59,87.08,1.17,52.23,1,103,61.69,0.82,13,0.04,Low,12.54
Indore,Madhya Pradesh,22.759244,75.885779,2025-01-26,14.32,8.19,10.03,3.53,34.93,18.45,1.63,41.5,3,301,82.46,0.2,24,0.01,Low,18.05
Agra,Uttar Pradesh,27.200644,77.976383,2023-06-01,186.47,97.06,138.66,5.92,58.69,151.29,1.68,93.15,3,1167,83.93,2.11,1082,3.27,High,56.5
Bhopal,Madhya Pradesh,23.243634,77.380946,2025-03-04,42.6,19.4,25.35,7.19,26.82,144.75,0.37,63.99,5,10370,75.54,1.06,1459,3.13,Low,29.15
Faridabad,Haryana,28.376994,77.349411,2024-01-07,83.89,56.38,76.94,2.18,30.18,143.9,1.03,64.81,3,68,78.24,0.1,6,0.0,Low,20.83
Rajkot,Gujarat,22.300643,70.87795,2024-07-02,133.59,94.24,104.4,1.04,53.65,132.97,1.31,29.51,0,1051,76.42,2.34,481,2.79,Medium,40.29
Kolkata,West Bengal,22.59061,88.460306,2024-04-19,174.09,91.12,123.07,7.56,57.5,21.1,2.81,77.4,3,2040,84.25,2.11,1240,10.41,High,57.42
Delhi,Delhi,28.789607,77.041925,2024-12-05,119.31,37.42,55.81,10.43,54.95,31.28,2.02,63.12,1,2646,93.83,2.6,2859,23.27,High,57.87
Aurangabad,Maharashtra,19.947302,75.325296,2023-11-28,47.25,14.92,17.46,2.69,31.3,40.63,0.71,82.81,3,13816,44.36,0.71,1954,6.05,Low,15.84
Hyderabad,Telangana,17.479238,78.57284,2024-03-08,79.3,53.86,66.25,3.4,39.22,143.49,1.0,58.65,3,50,91.48,0.87,11,0.04,Low,22.56
Guwahati,Assam,26.067795,91.758225,2024-03-02,45.91,21.29,24.3,2.49,34.42,303.07,0.31,35.67,5,15627,47.26,1.14,4867,10.1,Low,10.33
Varanasi,Uttar Pradesh,25.359762,82.899645,2025-07-05,180.46,70.94,80.86,5.47,60.12,74.51,0.65,73.3,4,24389,58.89,2.31,28916,91.71,High,63.46
Chandigarh,Chandigarh,30.779745,76.692645,2024-05-07,48.46,19.18,22.03,3.26,27.38,40.01,1.34,25.81,2,518,51.95,0.47,46,0.03,Low,15.28
Srinagar,Jammu and Kashmir,34.176129,74.73434,2024-07-20,25.61,10.45,12.65,0.76,21.29,117.79,1.28,45.59,1,594,83.96,0.57,178,0.43,Low,6.19
Bareilly,Uttar Pradesh,28.313277,75.485507,2023-01-02,83.86,30.54,35.55,6.32,47.27,56.62,2.09,46.27,1,164,44.09,0.74,20,0.02,Low,30.21
Kota,Rajasthan,25.187749,75.795646,2023-06-08,103.39,61.61,70.77,5.45,49.93,18.9,1.45,64.99,2,915,55.78,1.4,234,1.04,Medium,48.76
Solapur,Maharashtra,17.575125,75.845669,2025-04-11,110.36,36.29,42.48,5.88,32.06,187.28,0.09,23.13,2,22225,91.73,1.95,14812,116.81,Medium,35.13
Madurai,Tamil Nadu,9.839745,78.099146,2024-04-14,78.46,44.98,59.53,2.54,27.52,17.25,4.61,74.95,4,983,72.08,1.12,92,0.36,Low,24.72
Visakhapatnam,Andhra Pradesh,17.763637,83.252566,2023-08-08,138.94,85.57,100.11,2.59,44.4,63.36,0.71,55.19,1,5458,60.34,1.54,933,3.86,Medium,46.94
Ahmedabad,Gujarat,23.071725,72.479106,2023-04-08,49.14,33.9,48.06,1.77,41.09,124.0,2.7,90.39,5,3510,93.04,1.04,803,1.99,Low,16.36
Hubli,Karnataka,15.265635,75.040898,2024-09-19,100.65,75.1,85.55,7.03,44.7,45.26,0.36,40.31,0,285,75.6,3.42,117,1.18,High,60.13
Hyderabad,Telangana,17.355672,78.432455,2023-10-29,120.52,82.91,121.6,4.24,43.02,373.77,1.87,29.99,3,1387,32.99,0.43,146,0.2,Low,34.05
Delhi,Delhi,28.655548,77.080775,2024-12-14,136.1,90.06,126.78,5.58,49.22,53.81,1.26,69.89,1,3750,73.29,2.14,1901,17.38,Medium,45.48
Indore,Madhya Pradesh,22.771077,75.928016,2025-08-28,34.85,13.56,18.28,4.87,33.67,127.11,0.04,91.58,5,2657,89.43,0.16,1046,0.4,Low,20.26
Meerut,Uttar Pradesh,28.892825,77.785005,2023-08-07,190.59,62.57,81.31,2.05,52.76,85.41,1.09,59.12,3,573,72.2,1.86,255,1.35,Medium,44.27
Ahmedabad,Gujarat,23.041109,72.625958,2025-09-19,166.79,130.27,164.03,9.86,55.82,82.2,0.86,65.9,4,37,86.94,3.28,24,0.37,High,67.14
Aurangabad,Maharashtra,19.953561,75.342016,2023-11-25,71.72,49.06,62.32,3.95,32.56,110.42,2.11,45.76,2,10571,53.13,0.14,3288,0.68,Low,15.07
Kolkata,West Bengal,22.657599,88.388544,2024-08-23,136.61,98.41,117.47,6.25,45.45,80.71,2.11,36.91,1,324,90.72,2.34,227,0.72,Medium,37.48
Indore,Madhya Pradesh,22.795473,75.836848,2023-11-10,127.11,74.52,84.77,4.48,51.32,165.64,0.38,50.47,3,121,60.69,1.34,37,0.21,Medium,43.6
Thiruvananthapuram,Kerala,8.567265,76.889062,2023-11-05,65.91,52.63,62.38,4.45,32.29,115.14,2.89,43.98,5,7489,56.51,1.09,2110,10.84,Low,27.97
Vasai,Maharashtra,19.508184,72.754963,2023-08-02,40.36,28.32,40.98,11.93,15.63,5.38,8.64,95.49,5,153,43.51,0.63,67,0.18,Low,24.7
Madurai,Tamil Nadu,9.929744,78.039819,2025-03-21,23.71,8.37,10.36,4.21,39.66,54.16,4.67,54.34,2,2210,81.14,0.24,504,0.49,Low,14.93
Guwahati,Assam,26.244364,91.82275,2024-12-04,50.18,18.89,25.69,3.95,25.92,31.02,0.62,21.07,6,1487,39.82,1.01,300,0.4,Low,26.18
Kochi,Kerala,9.88136,76.19701,2024-06-06,17.21,8.78,12.91,3.98,16.13,151.98,0.48,75.38,1,1189,47.94,0.14,178,0.12,Low,11.11
Coimbatore,Tamil Nadu,10.938645,76.912997,2023-01-19,93.01,72.56,87.75,4.04,38.56,37.46,2.6,61.16,2,1949,89.52,1.07,367,0.72,Low,31.6
Lucknow,Uttar Pradesh,26.778484,80.934804,2023-06-27,152.72,112.28,160.72,6.3,38.13,121.62,3.92,52.71,2,7070,44.1,1.83,2717,11.48,Medium,40.94
Bareilly,Uttar Pradesh,28.304689,75.428603,2025-09-03,113.52,84.99,126.64,7.01,48.45,40.82,4.56,54.98,3,23,71.33,1.6,8,0.04,Medium,42.61
Dhanbad,Jharkhand,23.84448,86.404989,2024-03-09,117.1,88.69,127.09,8.46,30.21,60.1,1.44,47.8,0,7053,78.49,2.05,1535,12.5,Medium,47.81
Kota,Rajasthan,25.172982,75.942596,2024-10-05,110.2,65.32,85.76,16.96,41.54,30.08,0.84,63.13,4,716,51.26,2.94,273,2.4,High,71.62
Solapur,Maharashtra,17.729847,75.841534,2024-06-24,89.5,32.36,44.64,5.74,36.97,96.18,2.62,73.8,3,3634,90.91,0.51,1094,2.16,Low,30.18
Indore,Madhya Pradesh,22.731153,75.785057,2025-09-18,81.76,47.58,60.21,2.83,57.09,18.8,3.94,66.67,7,343,56.59,1.18,102,0.38,Low,29.23
Patna,Bihar,25.507249,85.046589,2024-06-09,99.19,73.53,91.54,2.79,35.12,152.64,5.43,72.19,0,10,60.82,0.95,2,0.0,Low,13.85
Hyderabad,Telangana,17.421232,78.394256,2024-12-31,151.79,78.67,101.72,2.54,49.4,112.64,1.54,29.04,4,355,77.52,0.83,230,0.67,Medium,51.0
Allahabad,Uttar Pradesh,25.423594,81.787654,2024-10-19,138.21,49.94,55.82,3.46,53.61,133.02,1.01,51.52,5,267,62.66,2.16,34,0.31,Medium,38.14
Faridabad,Haryana,28.413007,77.248462,2023-06-17,120.08,76.34,103.8,14.58,55.4,35.2,0.8,62.57,4,1666,42.92,3.57,560,9.71,High,59.1
Agra,Uttar Pradesh,27.175449,78.031156,2024-05-22,85.54,67.84,84.79,4.49,25.88,74.22,3.54,65.61,3,51,66.19,0.8,10,0.03,Low,23.47
Chandigarh,Chandigarh,30.652731,76.69604,2024-10-11,49.29,31.89,43.2,3.19,32.81,17.71,8.14,71.75,4,158,69.45,0.69,23,0.07,Low,7.71
Hyderabad,Telangana,17.457501,78.441064,2024-09-15,70.54,40.02,47.87,2.68,37.72,138.55,9.75,49.08,4,10,43.1,0.38,1,0.0,Low,13.59
Gwalior,Madhya Pradesh,26.216905,78.217528,2025-03-14,102.5,81.87,93.43,1.19,51.22,117.63,0.74,38.09,1,1747,88.81,0.78,374,1.25,Low,34.9
Indore,Madhya Pradesh,22.710673,75.953897,2024-06-28,50.48,16.73,24.38,2.23,18.29,53.66,0.2,54.68,2,3630,66.65,0.4,224,0.15,Low,22.49
Lucknow,Uttar Pradesh,26.842938,80.94196,2023-03-11,42.54,32.41,43.8,0.21,48.81,82.67,3.17,75.35,2,1588,57.05,0.8,131,0.31,Low,14.32
Delhi,Delhi,28.785936,77.111248,2025-03-19,29.85,23.34,27.14,2.97,33.33,60.17,0.74,75.74,4,15543,70.07,0.97,4990,8.14,Low,12.69
Thiruvananthapuram,Kerala,8.512493,76.982576,2023-04-11,149.56,76.46,104.25,2.15,44.7,66.8,0.83,63.01,5,50000,64.57,2.0,27647,70.93,Medium,44.03
Madurai,Tamil Nadu,10.012368,78.112934,2025-01-17,74.49,32.86,42.0,2.02,42.42,90.12,3.04,89.29,5,6582,54.28,0.82,2258,5.89,Low,25.15
Chandigarh,Chandigarh,30.705798,76.716902,2024-05-25,69.13,45.05,66.59,2.89,12.3,91.39,0.32,57.27,2,1295,64.42,0.1,378,0.11,Low,30.89
Vijayawada,Andhra Pradesh,16.445429,80.724471,2023-09-22,51.7,23.3,25.8,0.98,22.66,148.28,1.4,75.09,6,3389,79.38,0.14,394,0.07,Low,20.22
Raipur,Chhattisgarh,21.224392,81.617264,2023-03-04,77.24,42.51,62.01,15.47,24.86,87.54,0.6,68.09,1,860,67.08,1.74,390,1.23,Medium,54.91
Surat,Gujarat,21.212252,72.860173,2025-02-27,137.33,107.95,134.92,3.54,34.46,32.81,2.82,69.25,3,4656,39.61,0.81,556,1.65,Low,31.82
Kalyan,Maharashtra,19.332073,73.145701,2023-08-21,93.13,39.39,46.27,2.91,35.55,149.16,2.26,71.2,5,1419,77.52,0.44,561,0.49,Low,15.92
Coimbatore,Tamil Nadu,11.087147,77.040724,2023-05-12,72.93,27.48,38.1,4.2,31.48,23.44,1.76,81.74,6,2912,82.96,0.22,385,0.3,Low,28.24
Raipur,Chhattisgarh,21.159751,81.530077,2023-06-25,119.74,49.19,58.9,3.59,52.88,42.11,1.39,91.67,2,243,45.29,2.45,151,1.22,Medium,42.81
Jaipur,Rajasthan,26.975073,75.793789,2023-03-04,56.65,22.69,33.04,5.7,23.81,90.43,5.25,69.74,1,1554,72.95,0.75,85,0.16,Low,23.62
Srinagar,Jammu and Kashmir,33.996402,74.847751,2024-01-24,43.81,30.79,40.86,9.27,6.2,81.08,1.88,91.85,1,3771,95.22,0.49,249,0.57,Low,23.11
Visakhapatnam,Andhra Pradesh,17.619933,83.146798,2023-03-12,92.78,56.31,77.05,3.1,37.55,182.09,0.64,60.7,4,443,63.58,0.42,79,0.04,Low,28.84
Kochi,Kerala,9.924888,76.195081,2023-01-10,55.15,41.33,57.37,2.35,31.53,186.91,0.44,69.6,1,6278,73.59,0.77,865,2.23,Low,20.64
Vadodara,Gujarat,22.254836,73.213511,2023-08-11,145.84,69.85,77.07,9.07,41.68,27.18,0.89,83.54,4,6855,66.45,2.25,2464,19.13,Medium,52.44
Amritsar,Punjab,31.54384,74.957859,2024-09-28,145.35,60.65,79.93,2.55,66.41,301.05,4.99,67.63,1,855,93.77,0.4,75,0.05,Low,30.08
Hubli,Karnataka,15.351401,75.113767,2023-07-01,101.1,54.57,68.88,6.1,39.81,86.06,2.76,33.4,2,18549,74.43,1.84,9419,35.57,Medium,39.27
Aurangabad,Maharashtra,19.931385,75.368193,2025-05-22,24.09,15.88,17.66,0.78,31.54,100.35,1.68,87.24,1,2620,69.39,1.07,298,0.64,Low,13.85
Indore,Madhya Pradesh,22.728375,75.868234,2024-12-01,69.69,48.02,66.34,2.02,42.76,64.24,0.27,46.62,2,847,62.22,0.63,114,0.31,Low,34.73
Kalyan,Maharashtra,19.148613,73.197343,2025-07-04,71.54,32.56,48.09,1.27,49.18,109.41,2.58,32.2,2,537,46.92,0.49,39,0.07,Low,26.3
Bhopal,Madhya Pradesh,23.229763,77.34091,2024-12-15,54.43,27.74,38.95,5.56,17.01,155.76,1.18,73.07,0,8642,69.42,1.12,1918,5.16,Low,25.03
Pune,Maharashtra,18.437991,73.80102,2023-10-12,85.29,31.61,34.96,6.39,46.26,68.64,0.14,76.85,1,3212,76.43,1.04,498,2.14,Low,33.73
Raipur,Chhattisgarh,21.228897,81.546441,2023-09-13,66.29,43.54,49.27,6.18,28.2,77.15,2.18,36.39,8,9061,25.52,1.02,641,1.31,Low,29.14
Hubli,Karnataka,15.419777,75.104324,2025-06-13,14.88,5.17,6.55,3.03,15.22,90.17,0.92,88.8,3,99,86.0,1.15,33,0.08,Low,21.8
Hyderabad,Telangana,17.326209,78.40622,2025-02-09,116.79,72.17,100.24,4.28,52.08,113.92,0.3,76.19,2,237,90.2,2.07,82,0.32,Medium,43.06
Surat,Gujarat,21.234211,72.856597,2023-10-20,53.47,25.06,31.74,4.94,30.16,112.54,0.31,44.44,4,3078,83.55,1.02,796,3.23,Low,28.5
Varanasi,Uttar Pradesh,25.406509,83.004365,2025-04-08,62.98,19.46,22.95,2.8,39.65,48.39,0.9,80.56,0,617,83.08,1.01,230,0.87,Low,27.4
Amritsar,Punjab,31.683576,74.889307,2025-01-15,57.39,34.86,41.67,4.46,43.78,150.82,0.8,87.33,2,1177,91.38,1.27,702,1.97,Medium,36.11
Bhopal,Madhya Pradesh,23.281126,77.472571,2025-08-28,154.49,83.28,95.7,13.75,36.15,204.92,0.55,83.66,6,2108,84.59,3.58,2343,9.12,High,62.29
Hyderabad,Telangana,17.354224,78.440098,2024-04-02,120.53,93.2,119.93,4.78,54.27,21.29,2.03,32.38,1,684,35.2,0.85,272,0.52,Medium,46.37
Gwalior,Madhya Pradesh,26.144287,78.158744,2023-08-28,173.32,85.85,121.43,6.56,59.31,66.94,1.15,60.34,3,4582,67.05,1.3,1525,3.15,Medium,51.28
Meerut,Uttar Pradesh,28.983256,77.620641,2023-12-11,107.61,44.12,64.11,1.93,31.24,353.29,3.17,41.95,3,15,84.64,0.69,1,0.0,Low,22.17
Chennai,Tamil Nadu,13.006851,80.241145,2023-10-29,25.18,10.63,14.3,1.87,40.39,147.26,1.27,87.94,4,4738,94.15,0.66,1078,1.14,Low,18.48
Jaipur,Rajasthan,26.966119,75.849311,2024-12-27,167.24,124.43,162.55,4.97,42.06,74.28,0.5,85.48,2,14051,87.66,3.69,17073,74.47,High,58.59
Aurangabad,Maharashtra,19.828781,75.302339,2024-04-30,69.12,30.08,42.08,0.01,30.6,160.25,1.54,46.72,5,3802,77.63,0.52,239,0.3,Low,19.88
Guwahati,Assam,26.230306,91.674407,2025-02-06,97.96,71.24,100.01,4.65,42.19,95.46,1.74,11.07,1,28,66.44,2.02,19,0.06,Medium,35.19
Hubli,Karnataka,15.443151,75.038979,2024-01-10,64.24,30.84,37.19,3.46,31.84,186.14,1.48,54.85,3,1173,55.86,0.75,489,0.5,Low,16.89
Kota,Rajasthan,25.256317,75.795961,2024-03-22,102.33,39.77,54.45,5.45,22.1,60.12,1.3,66.62,2,35,94.43,1.34,14,0.05,Medium,36.53
Kochi,Kerala,9.871687,76.344999,2025-08-01,80.72,36.22,49.79,6.44,28.08,34.67,4.48,56.37,2,6186,66.64,0.64,679,1.04,Low,24.84
Aurangabad,Maharashtra,19.964152,75.44226,2023-07-05,289.53,130.97,154.99,4.78,64.87,99.93,4.75,32.72,2,13811,79.27,2.75,4776,41.93,High,59.65
Lucknow,Uttar Pradesh,26.783582,80.99408,2023-07-01,156.86,57.18,66.66,4.86,60.54,63.45,10.0,58.27,1,16909,56.68,1.13,12688,21.06,Medium,50.34
Kalyan,Maharashtra,19.260585,73.125027,2025-05-28,86.41,67.75,75.22,4.87,50.04,146.39,0.73,55.79,0,1159,68.74,1.18,617,2.39,Medium,35.33
Visakhapatnam,Andhra Pradesh,17.597109,83.139719,2025-05-29,139.88,100.04,119.1,7.1,44.28,34.01,1.51,52.44,2,10445,73.2,2.22,2127,12.05,Medium,50.37
Allahabad,Uttar Pradesh,25.467573,81.934073,2023-10-29,81.22,64.37,74.05,4.76,11.41,24.46,1.76,66.23,2,3367,56.8,1.93,1887,9.49,Medium,35.69
Solapur,Maharashtra,17.718196,75.911505,2024-02-24,104.11,32.28,47.52,2.86,44.39,99.12,1.04,82.25,1,8758,75.11,1.41,2059,13.15,Medium,42.73
Nashik,Maharashtra,20.015171,73.709272,2023-07-24,100.1,77.34,99.13,3.2,37.6,61.55,1.89,73.82,4,462,81.82,1.07,70,0.17,Low,33.63
Agra,Uttar Pradesh,27.183975,77.922514,2023-11-12,292.29,219.01,292.35,13.42,72.07,23.41,0.87,47.57,1,272,57.54,6.01,186,1.94,Critical,89.76
Vasai,Maharashtra,19.53276,72.871073,2024-05-06,150.99,61.18,71.57,10.31,49.59,79.41,4.42,80.14,3,623,93.86,2.28,242,0.78,High,56.47
Howrah,West Bengal,22.534881,88.180276,2024-07-09,101.78,48.77,66.65,2.79,46.2,172.45,0.41,60.92,4,1355,53.38,1.34,363,0.62,Medium,39.89
Nashik,Maharashtra,19.93325,73.717446,2023-03-31,59.32,40.45,47.6,5.93,23.2,27.67,1.42,56.17,5,1042,82.56,0.54,175,0.29,Low,32.81
Kochi,Kerala,9.993676,76.365106,2023-05-18,90.07,46.87,58.89,6.97,18.86,34.97,0.08,36.14,3,5234,88.16,1.47,1548,5.61,Medium,40.34
Meerut,Uttar Pradesh,28.976247,77.739089,2023-08-05,125.46,76.61,110.77,4.03,47.71,112.7,0.24,56.77,1,1080,85.58,0.97,781,1.8,Medium,45.77
Dhanbad,Jharkhand,23.718154,86.517612,2024-01-13,83.86,43.33,55.47,4.48,46.76,89.77,3.75,57.65,0,9109,63.25,0.84,2268,9.31,Low,33.84
Guwahati,Assam,26.182067,91.73856,2024-04-11,24.85,13.85,20.12,2.38,45.89,69.67,0.32,80.63,2,170,88.85,0.96,34,0.05,Low,17.1
Kota,Rajasthan,25.271006,75.794602,2024-08-03,26.55,12.25,16.16,0.16,25.43,15.91,7.3,67.71,1,17392,86.87,1.17,4192,18.24,Low,7.82
Lucknow,Uttar Pradesh,26.903075,80.895779,2023-03-26,55.86,29.53,38.5,4.7,27.67,133.21,0.57,44.42,4,10207,90.26,0.54,2322,5.51,Low,26.22
Patna,Bihar,25.619449,85.043422,2024-07-18,193.24,149.75,178.2,3.96,50.27,73.97,0.98,80.35,3,2503,51.58,3.71,1324,13.28,High,56.1
Lucknow,Uttar Pradesh,26.858902,80.936832,2024-03-05,148.73,95.14,114.37,5.15,24.68,42.35,5.73,97.22,4,340,57.15,0.99,49,0.19,Low,31.94
Varanasi,Uttar Pradesh,25.249529,83.057463,2025-05-02,44.93,15.95,23.23,1.42,25.15,59.62,2.13,49.52,7,97,87.03,0.56,21,0.04,Low,6.75
Nagpur,Maharashtra,21.05064,79.15868,2024-11-19,24.11,8.73,11.03,2.52,26.78,33.17,3.63,65.79,5,3314,84.78,0.12,317,0.17,Low,11.27
Agra,Uttar Pradesh,27.19213,78.063269,2025-09-03,141.71,60.18,85.53,6.68,47.59,93.27,1.45,51.97,6,50000,43.8,0.9,16256,33.22,Medium,47.54
Dhanbad,Jharkhand,23.735358,86.525055,2025-01-09,152.51,69.16,87.34,1.92,57.11,92.7,4.38,56.55,5,9181,68.15,1.1,2493,6.72,Medium,37.87
Howrah,West Bengal,22.690679,88.166547,2023-10-15,88.83,34.64,48.01,2.93,34.38,65.75,2.49,74.5,2,8513,94.52,0.43,2474,4.19,Low,18.31
Dhanbad,Jharkhand,23.889461,86.37073,2023-12-31,163.58,53.88,60.03,2.41,66.08,278.79,1.22,86.32,5,555,78.94,0.96,244,0.41,Medium,51.17
Aurangabad,Maharashtra,19.863798,75.329358,2023-11-08,44.83,20.61,23.83,3.42,10.04,319.24,0.15,85.84,3,549,87.21,0.9,169,0.54,Low,13.03
Mumbai,Maharashtra,19.05485,72.942964,2025-07-26,86.5,58.03,81.88,3.24,32.68,86.2,4.13,62.24,0,2803,91.72,0.56,891,1.21,Low,17.83
Dhanbad,Jharkhand,23.820246,86.467128,2024-05-25,32.01,18.88,22.76,10.45,27.01,54.17,0.01,64.24,2,7765,82.07,2.31,3789,20.87,Medium,35.81
Kalyan,Maharashtra,19.246066,73.131873,2025-04-09,44.47,28.45,36.18,1.44,32.81,91.05,0.6,68.52,3,889,82.47,0.23,186,0.18,Low,20.82
Raipur,Chhattisgarh,21.258386,81.620592,2023-01-11,106.55,73.66,100.68,2.93,43.37,62.61,1.18,37.88,5,368,67.43,2.19,209,2.12,Medium,36.19
Bhopal,Madhya Pradesh,23.246069,77.49904,2023-01-23,61.71,25.14,37.18,2.53,30.02,81.13,1.97,60.95,2,18,30.51,0.69,2,0.0,Low,22.05
Lucknow,Uttar Pradesh,26.906654,80.934224,2023-01-10,49.52,17.32,21.68,7.08,31.36,88.55,1.86,73.83,3,68,82.54,0.22,4,0.0,Low,26.55
Jabalpur,Madhya Pradesh,23.278348,80.072236,2025-03-03,50.15,23.92,29.72,1.18,45.31,41.74,0.12,43.26,4,6695,83.61,1.76,2948,23.28,Medium,36.01
Raipur,Chhattisgarh,21.194655,81.624315,2024-04-14,103.82,52.06,75.42,4.42,29.93,4.16,1.41,35.33,2,226,92.03,1.01,37,0.09,Medium,47.53
Allahabad,Uttar Pradesh,25.440341,81.767755,2023-02-02,141.88,60.85,80.17,2.87,52.6,97.48,0.55,60.9,6,4269,88.25,1.02,2071,8.78,Medium,46.54
Indore,Madhya Pradesh,22.678064,75.901961,2023-08-25,43.25,25.13,35.04,3.93,26.73,15.35,2.03,56.86,3,155,78.0,1.16,24,0.13,Low,13.69
Hubli,Karnataka,15.326142,75.041985,2024-10-03,88.89,57.22,64.59,5.82,34.28,112.84,0.39,42.13,4,503,83.27,1.1,176,0.7,Low,28.81
Nashik,Maharashtra,20.021125,73.806214,2024-03-05,123.98,66.03,91.17,7.13,42.28,30.72,0.02,74.71,7,4857,94.08,3.15,4996,55.69,High,55.48
Varanasi,Uttar Pradesh,25.400492,83.051118,2023-06-16,119.23,67.42,99.83,6.41,38.46,56.95,2.53,11.54,3,544,56.91,0.84,121,0.34,Low,34.07
Chandigarh,Chandigarh,30.667569,76.741423,2023-09-19,18.24,11.65,17.42,2.67,27.23,24.95,1.71,60.39,3,30442,94.46,0.34,3024,4.64,Low,19.31
Guwahati,Assam,26.060618,91.657397,2024-07-25,30.04,12.01,16.27,3.44,26.58,62.67,2.09,78.68,3,395,83.35,1.13,120,0.35,Low,15.2
Jaipur,Rajasthan,26.825881,75.87184,2023-01-16,175.99,135.51,150.31,2.85,52.04,41.93,2.67,74.4,3,291,52.06,2.36,169,1.2,Medium,49.61
Chandigarh,Chandigarh,30.768621,76.836629,2025-08-26,94.17,57.92,70.08,4.32,36.27,46.97,0.18,41.1,2,829,73.34,0.6,73,0.1,Low,33.39
Hyderabad,Telangana,17.423989,78.438035,2025-07-01,139.98,88.23,99.11,5.02,50.25,90.02,2.56,66.92,0,27,90.47,1.92,12,0.02,Medium,43.26
Aurangabad,Maharashtra,19.833426,75.269275,2025-02-18,30.2,10.03,14.1,6.52,42.45,51.56,0.13,40.75,0,14987,79.85,0.35,5216,2.15,Low,26.05
Hubli,Karnataka,15.280702,75.186103,2024-08-19,108.12,57.99,71.5,4.63,43.73,72.81,1.51,94.18,4,8731,65.42,1.6,2539,14.42,Medium,48.83
Nashik,Maharashtra,20.050736,73.88084,2025-07-29,51.86,34.26,40.65,2.41,17.31,44.31,1.59,29.84,3,77,89.12,1.17,19,0.04,Low,22.18
Kalyan,Maharashtra,19.163521,73.115586,2023-05-04,107.43,67.19,98.37,2.08,19.34,247.96,1.28,68.06,5,8577,70.47,0.62,455,0.34,Low,28.15
Indore,Madhya Pradesh,22.785818,75.790588,2023-11-21,32.87,20.48,27.94,3.14,35.22,182.62,2.44,67.77,3,997,61.31,0.37,269,0.27,Low,4.32
Visakhapatnam,Andhra Pradesh,17.643453,83.211164,2025-07-14,156.91,56.72,66.43,13.46,65.23,36.81,0.67,70.77,6,996,84.33,6.89,1566,15.17,Critical,75.05
Varanasi,Uttar Pradesh,25.278682,82.886839,2023-08-25,103.19,74.05,100.23,3.71,49.0,55.98,1.99,61.98,1,12348,59.23,1.04,5747,12.73,Medium,40.95
Ranchi,Jharkhand,23.322612,85.383606,2023-12-05,60.69,20.24,26.61,2.08,20.21,41.39,2.64,72.14,2,596,89.83,0.46,131,0.1,Low,26.33
Pune,Maharashtra,18.540074,73.786422,2023-02-20,83.78,64.93,74.53,9.51,58.54,33.73,5.21,19.71,4,394,90.16,1.24,133,0.78,Medium,37.78
Kalyan,Maharashtra,19.143796,73.05821,2024-11-23,52.97,22.56,30.86,1.93,33.88,106.85,3.36,43.51,3,112,94.36,0.97,22,0.03,Low,13.84
Pune,Maharashtra,18.592777,73.860848,2024-02-08,51.82,35.01,50.74,3.15,32.24,84.36,1.17,81.02,2,204,80.96,0.67,84,0.15,Low,21.44
Hyderabad,Telangana,17.364593,78.532769,2025-06-24,69.9,25.17,27.75,4.41,39.31,23.15,3.35,69.33,3,223,48.29,0.24,21,0.01,Low,27.18
Jodhpur,Rajasthan,26.263685,72.971729,2024-07-10,23.8,18.01,20.75,3.81,8.25,19.13,3.83,45.34,1,50000,75.2,0.67,3754,7.77,Low,17.67
Hyderabad,Telangana,17.435307,78.522548,2023-09-28,71.58,47.32,63.18,10.42,32.54,44.78,0.79,50.69,7,42,87.0,1.26,9,0.05,Medium,44.72
Hubli,Karnataka,15.413062,75.041414,2025-01-25,92.95,68.06,93.81,3.9,48.72,35.36,1.49,26.72,6,1461,54.6,0.23,243,0.07,Low,30.48
Solapur,Maharashtra,17.634638,75.904269,2023-11-02,61.27,24.81,36.08,1.05,37.56,60.6,1.2,49.74,1,169,70.32,0.78,28,0.03,Low,19.2
Jaipur,Rajasthan,26.955213,75.721307,2023-10-21,66.87,21.1,24.94,2.5,34.75,69.05,3.17,77.4,3,289,80.82,1.14,115,0.2,Low,23.16
Ranchi,Jharkhand,23.413337,85.289069,2025-06-30,77.82,41.26,59.76,6.1,35.28,319.45,1.76,79.62,2,85,69.42,0.4,17,0.01,Low,21.99
Chandigarh,Chandigarh,30.729889,76.807495,2023-02-24,87.41,38.16,42.59,3.82,35.51,99.06,1.64,77.39,1,10344,74.63,0.9,3314,13.28,Low,26.59
Chandigarh,Chandigarh,30.752519,76.772356,2023-08-11,21.84,13.45,19.23,8.63,11.02,105.3,3.2,57.87,1,3221,80.48,1.01,823,1.58,Low,18.52
Delhi,Delhi,28.694962,77.180779,2024-08-31,75.89,48.17,54.26,3.56,41.99,177.46,0.29,84.3,5,58,56.85,0.26,8,0.01,Low,33.26
Faridabad,Haryana,28.346493,77.412445,2024-10-03,41.78,26.45,29.93,1.82,31.43,77.53,0.12,60.31,2,12488,87.33,0.69,3750,9.56,Low,12.94
Kochi,Kerala,9.872589,76.258169,2023-09-16,59.23,36.11,50.22,4.97,43.1,118.86,1.97,67.23,4,558,80.8,1.05,66,0.26,Low,29.88
Hubli,Karnataka,15.426887,75.083121,2023-11-15,170.05,84.11,97.11,3.45,42.09,13.83,3.83,83.31,2,78,90.39,1.38,37,0.12,Medium,48.28
Varanasi,Uttar Pradesh,25.278156,83.041632,2025-01-18,37.68,14.12,20.83,0.17,25.75,15.56,1.96,50.98,2,92,56.91,0.2,5,0.0,Low,13.59
Lucknow,Uttar Pradesh,26.794877,80.931421,2025-09-16,43.83,23.36,26.35,4.69,30.57,94.13,1.99,49.04,5,529,87.84,0.87,47,0.11,Low,17.79
Jabalpur,Madhya Pradesh,23.106936,79.894835,2024-01-10,110.4,87.13,113.97,3.72,25.73,52.47,0.17,53.83,2,110,73.82,1.03,21,0.09,Low,34.06
Aurangabad,Maharashtra,19.891781,75.254524,2023-03-14,57.84,39.16,58.07,4.0,20.9,209.71,0.16,32.23,2,20028,77.67,0.4,3175,4.73,Low,29.43
Guwahati,Assam,26.066068,91.750077,2024-07-01,40.03,30.42,44.89,3.85,20.33,175.83,1.5,20.47,1,128,83.46,0.6,23,0.07,Low,8.64
Amritsar,Punjab,31.637849,74.797445,2023-08-16,37.67,15.63,22.15,7.23,18.18,63.23,3.11,71.85,5,1417,91.96,1.17,282,1.0,Low,21.2
Rajkot,Gujarat,22.378177,70.745594,2025-05-07,31.79,21.52,25.07,1.6,22.9,38.76,0.8,44.51,2,50000,79.02,1.1,2996,12.95,Low,18.73
Gwalior,Madhya Pradesh,26.298123,78.206159,2025-02-09,59.41,26.69,33.93,8.54,40.11,81.44,3.67,83.73,2,35,83.48,1.37,12,0.07,Medium,40.98
Varanasi,Uttar Pradesh,25.232996,82.891414,2023-02-20,46.07,21.96,26.03,4.86,27.7,137.52,0.2,44.39,3,179,89.11,1.09,51,0.19,Low,22.83
Kanpur,Uttar Pradesh,26.493686,80.425419,2024-08-31,41.34,31.2,36.55,5.0,21.22,107.95,0.32,57.55,3,87,80.32,0.22,16,0.0,Low,19.38
Kanpur,Uttar Pradesh,26.416571,80.268829,2023-04-16,13.23,10.34,13.27,2.88,25.39,73.03,3.1,69.65,3,123,45.14,0.52,52,0.07,Low,11.14
Srinagar,Jammu and Kashmir,34.015,74.755197,2024-08-14,46.45,16.36,22.75,3.65,32.86,14.19,0.31,77.42,4,576,72.55,0.15,152,0.03,Low,19.35
Kochi,Kerala,9.977522,76.191136,2023-09-18,65.13,35.37,51.84,4.46,22.79,138.17,2.16,62.57,0,799,83.79,0.54,297,0.4,Low,24.28
Ranchi,Jharkhand,23.343163,85.306067,2024-12-04,73.07,46.07,61.21,3.7,61.98,118.65,1.43,53.39,2,2051,75.49,0.25,150,0.13,Low,27.47
Vadodara,Gujarat,22.339215,73.275541,2024-04-27,39.75,23.7,31.58,2.52,30.41,70.56,0.24,87.0,2,564,60.7,0.43,198,0.38,Low,19.73
Ahmedabad,Gujarat,23.054766,72.637718,2025-06-04,78.95,45.27,61.67,3.32,61.39,73.42,2.58,20.44,3,34,93.06,0.22,3,0.0,Low,29.71
Gwalior,Madhya Pradesh,26.26352,78.277547,2025-05-27,79.5,62.34,69.09,5.0,24.62,161.23,0.13,62.3,2,308,77.91,1.1,82,0.28,Low,25.69
Amritsar,Punjab,31.614693,74.900373,2023-01-06,65.33,31.89,46.39,2.95,32.11,128.78,1.11,56.56,2,586,66.11,0.35,96,0.15,Low,19.64
Delhi,Delhi,28.734002,77.033751,2023-07-03,154.02,65.57,77.88,4.91,50.51,113.8,0.77,95.52,8,102,49.9,2.4,121,1.21,High,56.6
Vadodara,Gujarat,22.374252,73.26709,2025-02-09,50.93,34.96,39.14,4.26,28.82,108.21,0.78,74.41,2,958,96.17,0.66,273,0.33,Low,29.44
Dhanbad,Jharkhand,23.743901,86.387573,2023-07-16,172.61,89.34,133.06,6.73,35.41,75.3,2.31,16.39,3,3534,29.25,1.47,1293,9.31,Medium,47.26
Madurai,Tamil Nadu,9.94727,78.149348,2025-06-12,94.66,71.81,98.92,3.08,38.02,68.52,3.19,34.61,2,1126,47.12,0.39,181,0.25,Low,17.3
Nagpur,Maharashtra,21.15155,79.165015,2024-10-12,84.2,35.42,46.79,3.79,52.12,315.29,0.06,35.17,2,355,75.8,1.06,94,0.41,Low,27.8
Aurangabad,Maharashtra,19.909143,75.315311,2024-05-30,45.98,17.24,23.61,8.25,30.76,90.05,2.82,66.33,0,2715,59.66,1.15,1081,2.56,Low,21.75
Lucknow,Uttar Pradesh,26.828471,81.029856,2024-09-01,173.78,121.45,177.8,6.4,58.96,117.07,0.88,32.51,4,6817,72.66,2.48,7534,73.06,High,57.72
Hyderabad,Telangana,17.309462,78.572126,2024-01-13,78.02,48.62,55.13,3.38,53.26,30.27,1.45,84.76,3,152,79.56,0.19,28,0.01,Low,32.21
Mumbai,Maharashtra,19.148054,72.783537,2023-06-18,71.45,38.65,50.53,4.03,34.36,37.07,2.19,57.2,5,2944,43.96,1.11,293,0.82,Low,28.62
Ranchi,Jharkhand,23.362906,85.331369,2023-05-03,130.78,68.5,88.45,11.67,41.91,22.78,3.78,57.0,8,1846,70.28,3.42,796,13.04,High,60.91
Delhi,Delhi,28.615094,77.154765,2024-05-14,68.06,24.59,35.11,4.01,40.73,27.71,0.11,70.17,2,2238,72.09,2.37,588,6.34,Medium,44.2
Madurai,Tamil Nadu,9.86357,78.089684,2023-12-29,33.13,17.77,23.12,1.18,35.32,87.08,0.12,75.86,2,50000,72.79,0.15,16892,7.44,Low,15.49
Varanasi,Uttar Pradesh,25.361925,83.002086,2023-04-07,89.69,66.73,88.99,8.75,30.32,149.43,0.58,21.12,5,2085,49.32,1.85,537,4.35,Medium,37.41
Amritsar,Punjab,31.727552,74.899281,2024-07-12,108.39,34.19,50.61,3.57,36.76,78.95,0.66,74.17,4,391,93.55,2.49,275,1.65,Medium,39.15
Chennai,Tamil Nadu,13.035253,80.29737,2023-10-11,67.12,52.8,65.09,5.9,46.94,141.4,1.31,53.81,3,446,67.84,1.37,260,0.67,Medium,35.72
Guwahati,Assam,26.23412,91.806467,2024-12-31,38.55,27.63,39.62,5.51,44.91,9.68,0.83,76.54,2,502,49.27,1.1,105,0.2,Low,29.06
Nagpur,Maharashtra,21.084683,78.991665,2025-03-14,142.96,73.91,104.91,10.86,45.98,57.75,0.54,61.57,3,162,31.77,3.1,100,1.18,High,64.31
Thiruvananthapuram,Kerala,8.570794,77.03469,2024-01-03,118.31,49.02,57.49,5.9,29.51,99.58,0.54,68.06,3,305,40.47,1.87,95,0.45,Medium,41.55
Kanpur,Uttar Pradesh,26.373976,80.274186,2024-11-17,42.72,24.95,27.66,1.2,51.7,55.37,3.89,14.0,3,142,50.14,1.02,43,0.14,Low,16.34
Mumbai,Maharashtra,19.143842,72.942101,2024-02-02,49.69,36.84,46.79,3.06,8.51,252.62,2.26,28.59,2,30,86.43,1.13,6,0.03,Low,0.89
Pune,Maharashtra,18.610663,73.944503,2024-08-24,112.23,78.55,116.41,3.84,29.28,48.27,0.72,69.83,2,1324,93.41,1.13,520,2.64,Medium,42.0
Meerut,Uttar Pradesh,28.913641,77.778568,2023-07-01,16.33,10.57,14.06,3.03,33.89,38.18,4.32,66.58,5,2613,73.52,0.63,472,1.39,Low,13.9
Srinagar,Jammu and Kashmir,34.081843,74.810509,2023-06-30,45.62,35.49,51.13,0.81,11.59,187.7,1.97,57.33,1,6009,46.64,0.67,1311,1.96,Low,9.34
Indore,Madhya Pradesh,22.779891,75.915472,2023-12-26,213.46,147.62,188.35,3.05,59.16,104.26,1.61,25.22,1,333,81.05,2.87,291,1.68,High,56.61
Hubli,Karnataka,15.305787,75.106994,2023-08-29,78.23,56.48,78.57,3.46,12.27,132.14,1.25,77.62,3,189,90.43,0.26,45,0.03,Low,24.51
Visakhapatnam,Andhra Pradesh,17.696729,83.191139,2024-12-24,39.75,12.64,15.23,4.61,27.03,38.22,1.2,40.77,3,43,75.09,0.45,1,0.0,Low,20.81
Kalyan,Maharashtra,19.168577,73.037118,2025-09-26,54.02,34.0,46.69,11.03,13.11,84.49,6.68,73.84,5,4388,95.31,0.16,858,0.64,Low,34.38
Lucknow,Uttar Pradesh,26.783747,80.865342,2025-05-05,180.46,79.87,110.38,7.53,59.24,27.98,0.08,60.77,6,29049,37.36,2.64,18403,76.74,High,70.25
Bareilly,Uttar Pradesh,28.369023,75.335002,2024-11-05,107.17,84.18,115.9,7.11,38.71,129.51,1.14,50.48,4,423,50.3,1.67,57,0.46,Medium,45.83
Jaipur,Rajasthan,26.901159,75.850585,2023-11-23,58.14,32.35,45.16,4.53,23.73,117.15,1.4,49.36,6,1981,64.37,0.72,305,0.8,Low,22.02
Delhi,Delhi,28.704496,77.17165,2024-11-05,25.21,19.87,26.49,5.74,27.27,29.03,3.58,82.64,6,3219,91.66,0.52,829,1.71,Low,20.9
Hubli,Karnataka,15.396085,75.148625,2025-09-11,36.41,19.97,26.03,2.56,13.66,146.44,0.2,93.44,4,50000,89.4,0.97,22857,101.54,Low,14.99
Agra,Uttar Pradesh,27.121676,78.011878,2024-02-20,57.53,34.16,45.5,4.64,26.52,97.74,0.94,66.83,2,10023,36.97,0.22,1936,1.89,Low,29.99
Guwahati,Assam,26.221233,91.754777,2024-04-06,74.18,53.59,78.54,6.29,34.2,57.24,0.92,56.08,3,50000,82.3,0.41,9419,17.23,Low,29.36
Amritsar,Punjab,31.665692,74.914801,2023-05-18,47.11,26.55,33.39,3.35,28.06,263.93,3.19,83.93,4,3467,44.49,0.35,409,0.28,Low,4.35
Kota,Rajasthan,25.281461,75.848553,2023-10-10,179.23,84.26,105.61,17.79,58.51,202.38,3.42,29.98,1,43,42.57,2.72,50,0.43,High,66.19
Srinagar,Jammu and Kashmir,34.169917,74.739047,2025-02-14,144.35,93.48,119.85,5.95,58.94,108.22,1.89,85.65,1,1283,75.05,2.13,164,1.33,Medium,43.54
Ranchi,Jharkhand,23.343379,85.307086,2023-02-01,158.02,108.73,141.27,6.16,26.42,28.33,1.41,38.99,2,496,95.02,3.6,159,1.8,High,57.79
Vasai,Maharashtra,19.407418,72.747384,2025-07-10,46.7,17.44,22.72,14.47,43.05,80.45,1.19,79.45,3,1511,97.69,0.48,305,0.62,Low,32.38
Meerut,Uttar Pradesh,28.972307,77.763103,2023-12-09,77.61,31.76,46.89,5.28,21.25,58.93,0.97,74.87,1,1743,82.54,1.01,715,1.3,Medium,35.32
Kanpur,Uttar Pradesh,26.422198,80.416347,2025-08-08,48.27,27.01,38.15,3.06,24.3,136.08,2.64,57.7,4,47,88.71,0.86,2,0.0,Low,6.18
Patna,Bihar,25.534995,85.156785,2025-02-19,100.47,69.81,93.76,3.4,36.64,57.59,1.13,49.21,5,517,74.06,1.01,223,0.84,Medium,35.15
Patna,Bihar,25.628145,85.193019,2023-09-01,109.82,52.36,67.22,9.46,61.86,128.37,0.53,83.1,7,83,47.49,3.25,95,1.38,High,56.98
Chennai,Tamil Nadu,13.06511,80.263421,2025-08-15,133.75,106.02,151.27,7.93,44.44,42.64,3.45,62.76,0,2057,83.41,2.34,1159,11.69,Medium,51.85
Amritsar,Punjab,31.59762,74.934877,2024-08-09,76.32,49.99,70.17,0.73,52.47,121.53,5.75,43.6,1,96,51.27,0.25,32,0.03,Low,15.2
Vasai,Maharashtra,19.383452,72.769589,2023-05-13,15.3,9.69,12.36,5.59,22.04,20.42,0.03,57.53,4,34129,84.71,0.64,11313,10.58,Low,22.88
Vadodara,Gujarat,22.268366,73.198492,2023-08-23,93.92,54.82,74.6,5.05,29.97,313.99,2.72,41.56,4,736,56.48,0.92,68,0.07,Low,21.91
Rajkot,Gujarat,22.223445,70.755933,2023-08-12,154.38,116.88,161.63,6.41,58.89,97.85,1.98,36.86,6,1739,80.59,1.1,1131,1.68,Medium,50.84
Guwahati,Assam,26.097419,91.642976,2023-09-08,60.14,30.39,40.28,4.76,14.56,106.51,1.11,62.78,4,12,84.5,0.94,1,0.0,Low,22.86
Kota,Rajasthan,25.126389,75.766766,2025-04-09,75.19,30.72,38.54,5.52,37.37,31.09,0.02,43.13,1,724,83.7,2.09,221,1.65,Medium,36.21
Howrah,West Bengal,22.684446,88.294979,2025-03-30,121.31,85.36,112.0,5.88,57.82,103.89,3.04,26.47,3,419,76.86,2.1,66,0.48,Medium,39.86
Rajkot,Gujarat,22.337549,70.724466,2023-08-17,159.27,92.77,128.06,5.85,45.96,65.63,3.41,53.31,4,3942,75.25,3.19,3843,56.58,High,56.54
Jaipur,Rajasthan,26.933044,75.879257,2023-09-29,74.62,44.52,62.51,4.65,32.61,53.25,1.76,34.01,4,6500,58.81,1.08,744,3.17,Low,34.25
Kalyan,Maharashtra,19.226471,73.183982,2025-01-16,97.84,32.73,43.8,1.58,35.55,59.91,0.11,35.32,4,1886,54.64,0.99,653,1.93,Low,24.66
Raipur,Chhattisgarh,21.20041,81.582529,2025-08-06,192.3,80.13,110.25,11.53,74.95,139.13,1.61,70.04,3,199,71.98,3.41,237,2.84,High,71.09
Varanasi,Uttar Pradesh,25.288324,82.956248,2023-03-29,32.97,20.29,23.93,3.23,37.99,20.76,0.31,53.46,2,2271,97.9,1.13,348,0.49,Low,19.53
Lucknow,Uttar Pradesh,26.777738,80.97931,2024-07-30,50.15,30.39,39.37,2.31,47.2,161.74,1.01,27.46,3,2304,94.76,1.17,433,1.53,Low,21.74
Dhanbad,Jharkhand,23.710179,86.46445,2024-04-22,162.28,71.54,95.71,5.07,68.87,68.0,1.99,70.41,3,393,65.55,2.61,382,1.07,High,59.27
Indore,Madhya Pradesh,22.634908,75.841431,2025-05-09,13.04,6.97,10.3,1.53,22.36,60.33,4.85,55.7,4,1163,75.15,0.32,63,0.09,Low,3.82
Vijayawada,Andhra Pradesh,16.593218,80.725373,2023-09-10,92.09,73.26,105.7,4.05,31.97,111.37,2.69,33.92,6,180,78.93,0.14,37,0.02,Low,20.65
Varanasi,Uttar Pradesh,25.27551,82.973323,2025-04-13,64.13,44.98,57.43,9.28,22.62,26.72,2.27,59.31,2,13079,66.96,2.35,1755,11.94,Medium,37.51
Hyderabad,Telangana,17.374847,78.540348,2024-02-25,60.4,26.8,36.08,4.78,41.45,116.4,0.39,65.42,5,853,65.88,0.81,223,0.34,Low,33.8
Visakhapatnam,Andhra Pradesh,17.669329,83.153778,2024-02-25,9.67,2.9,4.06,9.81,28.43,66.5,7.27,82.5,3,44334,53.1,0.98,3151,13.26,Low,22.75
Amritsar,Punjab,31.623461,74.828169,2023-09-27,62.49,28.04,41.63,2.86,27.11,235.55,0.8,32.82,2,2438,75.8,0.85,321,1.18,Low,17.12
Howrah,West Bengal,22.636093,88.329088,2024-05-26,28.75,22.48,32.29,9.64,20.67,105.25,1.89,82.07,4,50000,73.09,0.2,7718,3.12,Low,20.61
Kanpur,Uttar Pradesh,26.413718,80.296745,2025-03-03,52.04,26.96,29.96,4.55,10.6,96.73,0.63,50.82,2,5454,52.13,1.91,1333,6.82,Medium,37.33
Gwalior,Madhya Pradesh,26.217319,78.147329,2023-11-21,27.36,13.18,16.63,2.14,18.19,55.86,2.01,65.9,2,2617,81.3,0.43,454,0.6,Low,8.83
Meerut,Uttar Pradesh,28.969621,77.729784,2024-02-29,57.41,18.21,23.55,6.54,43.7,73.54,5.24,33.74,3,81,34.59,0.78,6,0.01,Low,27.97
Allahabad,Uttar Pradesh,25.493066,81.922238,2024-11-03,114.22,86.91,122.8,1.77,16.76,116.0,1.19,82.51,5,226,80.33,0.38,22,0.04,Low,27.23
Hubli,Karnataka,15.302167,75.066132,2024-01-22,67.57,40.74,58.81,7.85,40.04,147.71,0.67,20.69,4,4294,62.05,1.94,1395,4.38,Medium,44.28
Coimbatore,Tamil Nadu,11.097776,76.94775,2023-03-13,142.65,54.14,73.51,4.41,51.61,131.07,2.53,75.12,5,11693,63.32,0.76,2788,6.26,Low,34.66
Lucknow,Uttar Pradesh,26.781251,81.023193,2024-02-05,54.37,35.11,51.59,6.5,37.27,83.51,0.23,58.09,2,872,77.91,1.02,138,0.19,Low,29.74
Madurai,Tamil Nadu,9.955375,78.212572,2023-07-05,35.46,19.84,26.77,1.8,48.99,101.03,0.78,54.53,4,8704,91.61,0.64,3236,8.11,Low,14.83
Kota,Rajasthan,25.214855,75.852589,2025-07-15,74.04,36.69,46.4,4.28,49.06,185.99,1.86,77.91,1,19468,87.49,0.16,5054,2.86,Low,32.54
Raipur,Chhattisgarh,21.274756,81.62412,2024-05-08,87.47,33.94,50.23,5.1,45.66,101.39,1.44,39.51,4,5994,75.76,0.21,1867,0.64,Low,33.26
Guwahati,Assam,26.111306,91.828574,2023-12-27,59.63,25.34,33.97,2.25,26.96,63.98,1.18,66.22,0,3665,65.75,0.92,794,0.79,Low,28.92
Kota,Rajasthan,25.241481,75.84789,2023-12-22,15.67,11.22,13.54,1.2,16.09,168.27,3.86,42.99,2,8838,38.97,0.91,550,1.37,Low,5.13
Hyderabad,Telangana,17.339415,78.563747,2024-11-29,13.74,8.41,11.38,2.02,22.78,64.73,2.37,72.53,3,25822,87.46,1.04,6467,20.11,Low,7.27
Delhi,Delhi,28.761467,77.03251,2025-03-10,148.82,47.13,69.6,2.9,41.6,94.38,1.64,68.36,3,594,78.14,0.92,284,0.38,Medium,40.92
Faridabad,Haryana,28.344877,77.377508,2023-02-16,63.57,28.43,35.98,5.58,25.14,37.21,1.81,53.11,2,24,48.28,0.93,3,0.01,Low,29.18
Meerut,Uttar Pradesh,28.96735,77.665287,2025-08-15,95.54,70.99,83.86,2.6,32.39,100.02,2.24,73.19,4,11782,56.81,0.96,3734,8.11,Low,14.04
Kolkata,West Bengal,22.481084,88.433236,2024-03-19,69.94,25.82,35.7,2.97,15.13,110.79,1.34,82.29,0,3569,82.8,0.52,321,0.64,Low,17.47
Guwahati,Assam,26.059708,91.651172,2025-08-02,25.72,15.12,17.95,4.68,15.73,131.41,1.29,78.61,4,8860,72.59,1.15,1712,5.4,Low,18.0
Howrah,West Bengal,22.626972,88.253885,2024-04-22,121.5,51.47,67.95,5.89,49.41,125.46,2.19,54.31,4,32,88.97,1.91,5,0.01,Medium,41.1
Indore,Madhya Pradesh,22.790132,75.864614,2025-04-18,93.29,49.32,61.4,2.65,28.6,115.8,2.28,29.27,2,3523,73.82,0.7,747,1.34,Low,21.55
Mumbai,Maharashtra,19.15023,72.905526,2025-05-19,150.36,110.41,143.76,3.37,62.45,172.96,0.19,69.49,2,3620,79.11,0.86,2357,5.03,Medium,53.92
Varanasi,Uttar Pradesh,25.293261,83.01544,2023-06-27,78.35,34.88,48.89,4.51,31.66,137.71,0.59,94.79,3,83,78.67,1.19,7,0.03,Low,33.95
Aurangabad,Maharashtra,19.964142,75.246946,2024-11-11,37.08,19.19,24.86,1.38,24.36,56.53,0.1,66.15,1,18,81.24,1.1,1,0.01,Low,19.05
Dhanbad,Jharkhand,23.69731,86.367792,2023-12-19,78.31,43.13,56.54,2.51,21.91,127.09,2.08,82.37,7,289,84.54,0.4,42,0.08,Low,15.16
Varanasi,Uttar Pradesh,25.390333,83.019948,2023-07-15,81.54,27.43,34.18,2.64,33.31,124.39,2.53,88.93,4,1440,71.55,0.75,619,1.38,Low,13.04
Bareilly,Uttar Pradesh,28.295238,75.491991,2024-11-20,64.52,48.51,61.15,7.86,35.62,101.57,1.83,67.72,3,9321,51.31,0.24,1531,0.78,Low,28.41
Lucknow,Uttar Pradesh,26.932528,80.965821,2024-02-04,70.44,45.39,60.73,8.13,33.18,53.13,0.17,60.13,1,273,82.12,0.94,140,0.26,Medium,36.78
Bhopal,Madhya Pradesh,23.276635,77.450366,2025-06-05,67.66,25.96,37.39,4.68,36.57,225.95,1.62,62.04,5,323,74.56,0.27,42,0.02,Low,18.8
Bangalore,Karnataka,12.917944,77.678642,2024-10-13,58.12,34.27,49.83,2.51,7.84,80.94,1.67,75.28,1,265,78.83,0.42,115,0.11,Low,28.17
Indore,Madhya Pradesh,22.683666,75.878278,2024-01-02,199.69,120.96,137.43,5.87,80.45,166.14,1.7,44.72,2,8250,73.41,3.49,7633,96.29,High,62.96
Ahmedabad,Gujarat,22.96073,72.549123,2024-03-07,69.19,34.33,46.97,3.43,24.76,37.93,0.29,68.08,2,5778,93.65,1.11,211,1.05,Low,27.23
Amritsar,Punjab,31.589441,74.866227,2024-11-02,88.78,66.97,86.02,6.56,38.03,66.96,1.17,77.75,3,211,74.91,0.91,15,0.04,Low,28.19
Jodhpur,Rajasthan,26.147748,73.076243,2023-01-07,61.82,25.05,30.36,3.33,11.23,303.1,1.12,74.85,3,518,34.6,0.34,108,0.09,Low,19.17
Raipur,Chhattisgarh,21.205292,81.545772,2024-01-25,112.93,67.11,100.36,10.77,39.89,174.95,3.15,71.66,3,88,45.82,1.01,62,0.28,Medium,49.74
Varanasi,Uttar Pradesh,25.361654,82.952391,2025-07-07,196.9,146.52,213.24,15.62,62.48,240.44,1.65,53.12,1,233,80.16,2.63,164,1.09,High,70.17
Raipur,Chhattisgarh,21.152414,81.592423,2023-03-28,70.79,54.2,69.18,9.78,21.56,120.63,0.73,70.35,3,4424,57.17,1.82,969,2.82,Medium,35.96
Nashik,Maharashtra,19.970761,73.719649,2023-06-26,41.05,13.82,17.62,3.22,26.25,38.54,4.9,68.78,1,3544,42.23,0.23,971,0.78,Low,13.47
Hubli,Karnataka,15.379995,75.174584,2024-05-07,40.98,24.43,32.35,1.57,21.27,189.71,2.87,62.92,4,23764,88.13,0.72,4887,11.04,Low,8.52
Kolkata,West Bengal,22.563282,88.298922,2023-07-05,111.63,57.31,77.9,0.87,27.06,59.77,1.51,75.66,1,50000,87.45,1.04,16407,80.68,Low,34.01
Varanasi,Uttar Pradesh,25.228799,82.936487,2025-01-05,33.29,19.0,25.44,6.67,35.6,236.38,3.94,81.19,2,212,78.67,0.64,70,0.19,Low,7.47
Dhanbad,Jharkhand,23.89312,86.482677,2024-01-29,102.04,70.53,101.78,14.27,44.41,118.57,10.0,66.73,8,11423,80.32,2.29,6273,54.04,Medium,42.24
Dhanbad,Jharkhand,23.809666,86.348797,2023-08-12,74.74,31.61,44.02,3.3,25.57,29.02,2.75,62.22,3,108,63.42,0.29,9,0.01,Low,21.95
Chandigarh,Chandigarh,30.801696,76.868709,2025-08-09,62.71,34.79,41.6,2.37,23.11,102.52,3.13,58.23,2,4942,73.86,0.75,797,1.94,Low,21.6
Jaipur,Rajasthan,26.817508,75.833018,2024-02-09,64.9,28.2,33.11,4.39,36.64,170.89,0.55,84.15,3,376,58.98,0.66,30,0.05,Low,32.7
Bareilly,Uttar Pradesh,28.417078,75.449139,2025-03-27,58.03,32.86,41.49,2.69,45.87,98.03,4.23,36.18,2,14898,91.01,0.16,2224,0.66,Low,25.19
Raipur,Chhattisgarh,21.307006,81.633316,2024-10-11,52.03,24.02,31.73,11.93,29.68,40.58,0.48,30.65,2,16987,72.24,1.24,5589,30.25,Medium,48.65
Raipur,Chhattisgarh,21.20556,81.533689,2025-02-28,181.14,128.21,187.45,2.21,64.95,21.23,4.46,91.14,4,572,70.13,2.24,82,0.81,Medium,54.92
Lucknow,Uttar Pradesh,26.828037,80.875965,2024-07-27,35.45,23.91,35.61,1.24,16.41,39.39,3.72,45.77,2,3046,85.73,0.79,505,1.2,Low,14.0
Chennai,Tamil Nadu,13.042461,80.234352,2025-04-12,33.45,25.92,30.43,3.54,20.01,70.0,0.34,46.72,3,155,77.57,1.15,23,0.04,Low,20.44
Kota,Rajasthan,25.274945,75.835306,2023-01-09,89.75,68.99,78.31,13.4,7.78,43.34,6.24,38.21,2,127,61.4,0.74,18,0.06,Low,33.36
Varanasi,Uttar Pradesh,25.325904,83.071329,2025-08-12,68.48,21.3,26.05,5.82,40.16,197.74,6.63,69.63,4,1307,76.1,0.14,360,0.07,Low,28.99
Kalyan,Maharashtra,19.155373,73.077304,2023-02-05,75.74,47.63,69.01,6.23,44.94,64.76,2.0,70.25,2,2998,72.55,0.8,399,0.62,Low,27.81
Faridabad,Haryana,28.364288,77.271737,2025-03-05,45.94,35.14,47.47,1.93,40.89,126.55,0.72,84.88,5,5613,67.37,0.62,766,0.83,Low,14.48
Varanasi,Uttar Pradesh,25.394266,82.889333,2024-02-04,151.51,115.81,127.84,4.52,38.47,293.32,2.75,59.18,1,1313,89.56,0.9,335,0.43,Medium,40.49
Madurai,Tamil Nadu,9.922045,78.049974,2024-01-25,110.43,59.58,69.05,3.25,56.3,16.14,0.54,76.56,3,2984,56.86,2.08,2225,19.95,Medium,44.34
Vasai,Maharashtra,19.482912,72.762305,2024-11-05,255.3,117.33,150.0,5.63,70.77,106.69,0.04,86.34,5,435,80.3,3.74,325,3.43,High,68.14
Vasai,Maharashtra,19.480611,72.785605,2025-03-06,50.6,18.36,26.62,1.65,17.39,49.61,3.31,65.29,4,181,64.99,0.18,22,0.01,Low,21.02
Hyderabad,Telangana,17.469498,78.509462,2024-04-07,44.98,19.11,23.79,2.63,31.98,98.26,0.94,47.83,3,236,71.55,0.85,32,0.12,Low,14.03
Varanasi,Uttar Pradesh,25.336297,83.067527,2023-06-22,86.62,38.94,57.73,10.89,56.7,29.08,6.66,30.92,2,2155,57.81,1.61,929,1.78,Medium,42.94
Allahabad,Uttar Pradesh,25.349741,81.819049,2023-10-04,67.36,28.27,35.8,10.0,45.3,185.37,4.53,78.15,1,10818,95.49,1.06,2749,14.36,Medium,38.42
Kalyan,Maharashtra,19.248374,73.101406,2023-03-11,65.94,33.89,46.77,1.22,52.58,269.67,2.46,53.17,5,1152,80.85,0.82,239,0.2,Low,16.79
Allahabad,Uttar Pradesh,25.486069,81.882391,2023-09-19,76.04,54.08,79.85,2.54,34.19,97.74,10.0,57.35,3,205,85.77,0.42,20,0.02,Low,15.03
Hyderabad,Telangana,17.322592,78.570563,2023-05-26,85.44,25.91,32.46,4.4,52.02,136.9,0.42,69.24,2,37,96.05,1.97,15,0.08,Medium,36.71
Amritsar,Punjab,31.681024,74.936361,2023-08-12,64.44,41.55,52.96,0.84,21.41,28.78,3.71,36.68,4,1732,60.1,0.78,393,0.79,Low,25.16
Nashik,Maharashtra,19.904321,73.842053,2025-09-15,127.55,68.24,84.07,1.93,38.17,67.38,0.5,24.29,7,280,84.8,1.97,155,0.43,Medium,37.25
Bareilly,Uttar Pradesh,28.358144,75.374893,2024-02-16,114.59,82.73,103.05,10.1,32.9,136.4,1.2,39.18,1,5420,76.57,1.84,2973,9.17,Medium,50.14
Guwahati,Assam,26.128759,91.692025,2025-07-05,76.57,56.5,66.46,7.85,24.89,99.95,0.45,13.55,1,3018,82.86,2.1,2569,6.2,Medium,35.48
Solapur,Maharashtra,17.640824,75.925426,2023-11-08,47.21,29.08,33.88,1.55,37.2,132.56,0.24,73.26,2,1001,77.73,0.7,100,0.15,Low,9.15
Ranchi,Jharkhand,23.319594,85.322902,2025-06-06,67.0,30.46,43.46,8.53,43.71,137.25,0.84,41.96,3,799,68.58,0.8,213,0.59,Medium,44.57
Chennai,Tamil Nadu,13.037629,80.192912,2024-04-24,146.72,51.2,64.45,2.47,54.09,186.87,1.57,77.15,7,524,69.78,1.17,131,0.66,Medium,37.41
Hubli,Karnataka,15.445549,75.171405,2025-03-31,164.32,50.0,72.13,3.92,65.98,18.07,0.39,49.88,3,1622,86.55,3.32,800,9.28,High,61.89
Surat,Gujarat,21.222182,72.755517,2025-08-17,120.63,96.34,144.21,9.27,67.97,187.72,0.81,94.95,2,150,69.78,2.12,143,1.3,High,60.22
Vijayawada,Andhra Pradesh,16.464208,80.644821,2023-05-25,62.93,25.41,36.4,3.44,43.05,67.24,0.77,75.93,2,621,41.21,0.32,132,0.14,Low,34.79
Bangalore,Karnataka,12.908608,77.623174,2023-07-20,82.54,60.38,73.73,8.2,33.74,69.03,4.66,36.49,1,6452,80.13,1.08,1569,2.43,Low,26.48
Agra,Uttar Pradesh,27.117496,78.020193,2023-07-22,15.62,9.3,12.43,3.83,24.22,112.66,0.17,17.81,1,335,73.76,0.12,30,0.01,Low,11.12
Nagpur,Maharashtra,21.2142,79.02066,2024-04-28,44.15,13.88,17.83,2.07,35.17,249.64,0.07,53.16,4,414,81.61,0.82,44,0.15,Low,6.38
Faridabad,Haryana,28.467259,77.390349,2023-05-31,91.95,63.14,71.05,5.27,28.32,92.42,0.79,68.06,3,233,63.81,0.87,43,0.1,Low,32.48
Kochi,Kerala,10.018631,76.330456,2023-01-17,173.26,63.66,88.02,5.4,61.24,55.54,1.31,53.95,3,427,66.03,3.19,421,4.07,High,57.85
Dhanbad,Jharkhand,23.76724,86.497575,2023-07-22,39.58,21.41,27.75,1.07,22.72,71.33,0.86,30.49,5,50000,76.18,0.53,6000,9.44,Low,15.43
Surat,Gujarat,21.188607,72.83839,2023-01-19,41.63,29.99,35.1,2.24,16.14,159.17,6.05,56.94,3,3108,37.66,0.22,621,0.54,Low,8.94
Solapur,Maharashtra,17.623713,75.998693,2024-11-19,74.81,54.54,78.44,2.36,33.6,37.48,1.8,57.8,2,4037,85.62,0.87,1404,2.8,Low,26.55
Agra,Uttar Pradesh,27.202213,78.024884,2025-03-02,132.11,99.84,112.03,3.12,54.1,13.45,4.83,28.6,3,5,57.41,0.13,0,0.0,Low,34.46
Raipur,Chhattisgarh,21.350997,81.659604,2024-05-23,82.19,62.04,90.55,0.0,20.07,27.23,2.99,43.27,3,353,70.34,1.11,83,0.26,Low,20.69
Bareilly,Uttar Pradesh,28.300883,75.492881,2023-12-20,28.78,12.5,17.64,1.61,30.08,108.68,2.19,41.84,2,11,78.35,0.67,2,0.0,Low,9.41
Kolkata,West Bengal,22.583043,88.37415,2025-02-02,142.53,88.47,102.59,0.99,57.8,52.55,1.83,54.16,1,182,41.36,2.18,46,0.2,Medium,40.75
Kolkata,West Bengal,22.582012,88.371193,2024-05-13,94.42,56.54,71.02,0.0,31.89,205.24,0.01,50.51,0,7953,73.16,0.26,572,0.36,Low,16.19
Bareilly,Uttar Pradesh,28.356818,75.345207,2024-06-18,89.96,67.36,99.97,4.6,19.99,168.92,3.31,54.08,1,27425,76.1,0.71,4859,15.82,Low,27.7
Meerut,Uttar Pradesh,29.073554,77.68148,2023-10-06,43.65,34.6,50.88,6.4,45.21,349.78,0.62,96.03,3,454,70.44,0.16,44,0.01,Low,23.23
Surat,Gujarat,21.085524,72.772179,2024-06-13,151.73,59.82,76.58,4.6,44.99,146.72,3.13,35.53,3,449,80.26,2.14,279,2.09,Medium,44.67
Pune,Maharashtra,18.578427,73.940116,2023-09-14,255.15,153.7,192.44,8.31,50.93,8.45,0.55,71.56,6,799,87.29,3.88,663,9.98,High,72.54
Raipur,Chhattisgarh,21.286558,81.703648,2023-08-10,99.37,47.16,52.95,6.48,35.22,98.35,0.85,29.57,6,32,97.93,1.07,6,0.01,Low,31.79
Kolkata,West Bengal,22.65965,88.37993,2025-02-04,77.17,45.45,51.51,6.35,39.87,103.09,0.34,75.04,3,7678,74.12,1.08,1622,5.1,Low,27.23
Hubli,Karnataka,15.352377,75.060315,2023-12-24,52.22,19.73,22.39,7.07,26.66,337.98,2.92,86.97,2,46911,87.51,0.63,19211,58.72,Low,30.32
Patna,Bihar,25.581932,85.111071,2024-04-27,148.83,100.17,142.79,4.19,40.55,91.83,3.46,63.74,5,155,96.67,1.74,56,0.39,Medium,46.81
Vijayawada,Andhra Pradesh,16.487954,80.58468,2024-05-04,91.32,31.66,47.06,0.75,37.25,10.89,1.92,73.43,1,36145,85.33,1.07,2800,13.16,Low,23.05
Guwahati,Assam,26.084477,91.79181,2025-02-05,108.72,63.23,82.81,4.84,44.79,83.98,1.11,83.2,0,5670,54.21,1.88,2207,5.53,Medium,41.25
Solapur,Maharashtra,17.727689,75.913024,2023-01-25,106.97,42.17,59.52,12.59,47.61,260.12,5.6,79.25,2,843,78.58,1.63,207,1.62,Medium,43.22
Nashik,Maharashtra,19.941864,73.809514,2025-08-19,111.42,44.25,50.66,3.41,18.93,92.67,3.21,73.48,3,175,79.22,0.16,42,0.03,Low,30.53
Vijayawada,Andhra Pradesh,16.566013,80.617642,2023-04-05,24.43,12.32,15.1,1.46,20.21,35.42,3.89,54.07,0,226,72.17,0.78,24,0.07,Low,15.11
Coimbatore,Tamil Nadu,11.009649,77.016882,2025-01-09,106.7,33.16,48.19,5.94,22.67,319.36,1.91,39.9,4,1382,49.25,0.74,190,0.44,Low,33.34
Bhopal,Madhya Pradesh,23.211738,77.504135,2023-08-21,29.98,16.28,22.03,3.65,27.38,57.45,0.39,61.57,0,255,92.92,1.13,50,0.24,Low,15.01
Patna,Bihar,25.642633,85.094366,2023-06-12,120.07,46.13,61.6,8.71,51.29,93.86,1.97,50.12,4,471,86.17,2.29,195,0.47,Medium,46.85
Madurai,Tamil Nadu,9.990722,78.159593,2024-03-21,57.13,21.23,24.65,0.95,43.7,48.93,2.36,62.17,1,2178,87.79,0.19,111,0.07,Low,30.08
Amritsar,Punjab,31.564459,74.952723,2024-09-01,22.33,14.87,20.85,3.44,23.97,128.08,1.7,69.99,3,76,47.19,1.13,20,0.07,Low,9.25
Kanpur,Uttar Pradesh,26.369803,80.252949,2025-07-09,82.23,25.97,32.54,9.45,49.19,46.97,0.82,75.46,0,662,69.66,0.84,124,0.47,Medium,45.25
Kalyan,Maharashtra,19.288985,73.075626,2024-06-25,98.93,65.66,93.19,10.25,35.41,111.43,0.25,75.19,2,106,76.97,1.77,66,0.51,Medium,42.93
Vasai,Maharashtra,19.448592,72.895376,2023-07-25,70.1,24.92,31.01,7.49,26.3,42.88,0.89,35.54,5,238,64.91,2.11,153,1.2,Medium,38.68
Guwahati,Assam,26.156368,91.673728,2023-05-21,11.7,7.6,9.98,5.03,14.38,197.3,0.96,48.05,8,3277,60.71,0.89,862,1.83,Low,23.85
Madurai,Tamil Nadu,9.978873,78.070344,2025-06-16,24.59,18.74,27.78,1.5,28.51,28.21,0.64,61.08,2,17905,77.96,1.1,5004,17.45,Low,17.86
Meerut,Uttar Pradesh,28.888658,77.637223,2023-10-25,83.62,35.23,46.87,12.31,29.82,176.39,0.9,72.46,2,47,84.52,1.75,9,0.03,Medium,46.64
Rajkot,Gujarat,22.204552,70.775306,2024-11-07,87.76,27.96,35.5,4.29,38.18,38.87,0.35,57.18,1,188,25.4,0.62,52,0.05,Low,33.64
Surat,Gujarat,21.223122,72.732553,2024-03-07,61.8,42.85,47.39,0.8,41.9,44.79,0.88,48.1,1,50000,77.76,1.95,27136,248.6,Medium,38.38
Nagpur,Maharashtra,21.081418,79.099013,2024-05-07,175.9,60.95,79.75,6.97,59.74,70.65,1.36,79.98,1,293,55.77,2.92,211,2.25,High,55.31
Varanasi,Uttar Pradesh,25.220526,83.063412,2024-07-06,114.72,42.21,49.3,3.75,39.95,64.43,2.23,88.98,1,20923,72.1,0.39,6431,7.04,Low,31.01
Nagpur,Maharashtra,21.210953,79.084874,2023-07-29,114.09,71.35,90.66,7.23,35.27,45.11,0.45,85.82,2,188,48.21,0.81,66,0.19,Medium,48.58
Solapur,Maharashtra,17.740074,75.875443,2023-01-31,40.54,31.91,37.86,2.0,34.11,135.19,0.46,81.41,4,131,77.27,0.42,9,0.01,Low,10.24
Meerut,Uttar Pradesh,28.990609,77.650395,2023-02-04,76.86,42.86,57.91,4.44,31.67,52.66,2.49,50.68,3,662,69.4,0.59,129,0.35,Low,25.89
Kalyan,Maharashtra,19.155683,73.152391,2024-07-18,86.92,28.71,39.61,8.44,32.47,84.03,2.16,39.56,4,4018,62.52,1.0,467,1.24,Low,29.26
Chennai,Tamil Nadu,13.096768,80.342107,2023-05-25,33.03,20.5,30.67,2.81,27.69,68.85,1.37,92.9,5,2106,90.75,0.58,333,0.88,Low,9.13
Jaipur,Rajasthan,27.007108,75.756126,2025-03-05,218.23,109.45,163.37,5.11,67.62,31.42,10.0,32.07,1,705,77.76,2.89,569,1.83,High,69.47
Raipur,Chhattisgarh,21.233758,81.646998,2025-08-03,68.84,34.84,46.98,7.93,40.72,146.48,3.94,63.68,7,3013,85.58,0.81,477,1.41,Medium,37.09
Bangalore,Karnataka,13.059378,77.545977,2023-09-18,36.97,12.69,18.58,1.55,26.51,144.86,8.32,55.11,4,5851,75.3,0.78,563,1.26,Low,2.07
Kolkata,West Bengal,22.58161,88.397752,2023-08-15,178.62,101.19,120.85,6.5,56.58,208.2,5.26,56.92,4,1540,76.51,1.98,226,0.97,Medium,37.5
Guwahati,Assam,26.174151,91.693872,2023-11-25,64.39,48.12,69.71,1.11,33.37,8.06,0.42,34.39,2,1650,88.02,0.66,69,0.08,Low,25.24
Thiruvananthapuram,Kerala,8.560803,76.862379,2024-05-18,40.01,18.99,24.19,4.36,16.37,239.06,1.53,54.81,2,1567,78.07,0.16,647,0.17,Low,16.27
Bhopal,Madhya Pradesh,23.208737,77.386505,2024-02-10,101.17,52.23,66.69,5.43,55.89,53.41,0.37,83.1,4,50000,92.2,1.99,35143,72.19,Medium,49.22
Hyderabad,Telangana,17.366352,78.55113,2025-06-17,11.0,4.48,6.55,2.75,40.97,266.23,0.22,47.56,3,179,69.74,0.22,44,0.03,Low,15.04
Madurai,Tamil Nadu,9.835826,78.112329,2024-07-31,51.87,29.79,34.91,5.32,24.52,199.42,2.23,76.16,1,917,91.82,0.58,205,0.5,Low,24.54
Rajkot,Gujarat,22.282541,70.797578,2024-10-20,75.51,30.6,42.51,3.18,26.01,48.23,0.21,51.77,2,1424,89.14,0.71,152,0.47,Low,28.23
Kolkata,West Bengal,22.607979,88.331918,2024-03-30,73.64,22.14,28.48,4.51,28.01,57.33,0.22,49.85,3,50000,58.99,0.35,8018,6.16,Low,31.1
Gwalior,Madhya Pradesh,26.17873,78.200127,2024-09-14,45.91,22.58,27.57,0.78,34.78,28.9,1.1,48.4,3,2854,51.08,1.18,873,3.73,Low,17.97
Patna,Bihar,25.657523,85.102233,2024-12-26,65.91,30.45,36.67,0.71,29.93,100.89,1.85,53.41,1,1160,70.23,1.14,166,0.56,Low,25.76
Kochi,Kerala,9.893182,76.32895,2023-10-02,83.26,33.06,43.07,1.88,17.77,331.67,2.32,82.92,2,73,70.97,1.04,18,0.02,Low,10.22
Vijayawada,Andhra Pradesh,16.536161,80.585031,2024-12-24,85.16,35.57,41.65,5.75,19.36,49.44,1.94,44.28,5,12004,73.99,0.87,725,1.77,Low,29.23
Jaipur,Rajasthan,27.002365,75.832591,2023-12-25,99.69,79.42,98.98,11.82,42.43,114.67,0.42,59.27,5,100,89.38,1.09,66,0.31,Medium,42.28
Hyderabad,Telangana,17.469326,78.506799,2024-09-14,132.79,88.64,111.69,3.73,41.07,82.7,6.36,55.32,4,1232,81.59,0.32,376,0.45,Low,30.48
Kolkata,West Bengal,22.498321,88.408604,2024-03-01,179.9,93.26,134.36,3.84,71.47,116.36,0.19,80.98,5,95,76.35,0.96,24,0.04,Medium,50.63
Jodhpur,Rajasthan,26.317292,73.034066,2023-05-05,50.17,24.88,36.43,1.96,29.29,142.54,2.07,39.32,3,282,74.84,1.08,91,0.45,Low,19.37
Raipur,Chhattisgarh,21.164314,81.542084,2025-03-26,40.03,26.3,28.97,6.45,28.64,227.08,3.21,62.83,1,17304,79.65,0.58,3253,5.23,Low,7.97
Raipur,Chhattisgarh,21.199487,81.61941,2023-02-28,146.68,100.43,118.27,6.86,71.15,44.93,0.85,84.45,3,849,91.92,1.27,486,1.79,Medium,51.14
Vasai,Maharashtra,19.536574,72.839308,2024-06-05,133.33,106.22,146.92,6.78,46.77,116.06,2.05,27.69,1,1033,84.9,2.4,245,2.21,Medium,42.73
Aurangabad,Maharashtra,19.877638,75.372704,2024-01-12,77.39,53.16,74.27,6.86,46.67,51.38,4.7,34.33,0,1349,54.09,0.78,206,0.79,Low,32.27
Varanasi,Uttar Pradesh,25.218024,82.960244,2023-05-12,87.7,65.69,83.85,4.11,26.09,50.78,3.05,26.15,3,4516,79.64,0.61,536,1.23,Low,31.96
Bhopal,Madhya Pradesh,23.185448,77.342229,2024-07-05,94.87,30.86,34.88,7.23,35.7,11.71,2.28,35.9,5,670,85.17,0.92,71,0.23,Medium,38.04
Kochi,Kerala,10.008131,76.273302,2024-03-22,64.41,50.76,59.7,6.7,47.3,140.18,8.94,57.09,2,50000,64.3,0.18,7312,2.99,Low,26.37
Guwahati,Assam,26.096593,91.648918,2023-09-24,83.35,52.9,66.35,5.04,50.53,145.82,3.43,80.15,3,5306,75.1,0.14,1394,0.49,Low,26.07
Vadodara,Gujarat,22.211082,73.274069,2024-12-06,121.62,42.43,58.5,2.87,44.74,187.89,1.43,60.2,5,3887,69.14,0.73,768,1.97,Low,33.24
Hyderabad,Telangana,17.388145,78.524488,2023-12-05,146.6,75.54,90.16,4.41,47.72,79.45,5.21,74.96,2,2684,72.93,0.11,854,0.16,Low,33.6
Howrah,West Bengal,22.679221,88.174893,2025-09-09,83.66,49.84,61.64,11.44,34.91,101.22,1.61,60.74,2,1323,70.47,2.15,704,4.37,Medium,39.04
Vadodara,Gujarat,22.37008,73.23374,2023-08-07,43.1,27.77,38.75,2.58,27.89,181.33,0.47,62.05,2,1184,73.75,1.06,250,1.23,Low,9.5
Coimbatore,Tamil Nadu,11.110295,76.934326,2023-06-03,123.71,89.77,122.53,6.73,42.25,16.75,0.37,67.91,6,1054,83.64,1.83,564,2.65,Medium,53.43
Hyderabad,Telangana,17.427279,78.570922,2023-02-13,65.97,49.33,66.67,2.89,33.63,21.3,0.4,82.75,2,612,55.97,0.76,47,0.11,Low,29.06
Surat,Gujarat,21.113552,72.929473,2024-08-25,95.13,45.93,63.07,6.32,44.91,4.56,1.24,92.05,5,3725,49.43,2.4,1856,17.87,Medium,39.93
Aurangabad,Maharashtra,19.934599,75.274695,2024-05-28,141.58,80.99,102.22,2.79,44.36,273.13,2.47,45.69,3,2437,64.13,0.54,487,0.63,Low,26.52
Coimbatore,Tamil Nadu,11.00339,76.893126,2023-04-17,67.64,34.09,49.55,8.55,31.82,78.33,0.25,79.45,4,11235,73.32,1.05,3552,14.95,Medium,37.79
Jabalpur,Madhya Pradesh,23.17471,79.909346,2023-07-04,135.03,55.45,82.19,9.82,53.82,109.14,1.81,68.15,3,193,87.75,1.01,100,0.36,Medium,45.87
Hyderabad,Telangana,17.323868,78.516405,2025-03-20,112.79,76.09,108.97,3.14,39.08,32.67,0.25,75.78,1,1491,67.83,1.42,974,1.54,Medium,37.14
Jabalpur,Madhya Pradesh,23.156486,79.913445,2025-05-09,47.95,28.05,37.89,2.58,21.93,96.03,0.84,74.51,1,8483,51.44,1.1,373,1.47,Low,15.09
Thiruvananthapuram,Kerala,8.607104,76.939053,2023-02-12,23.93,13.14,15.8,1.24,41.63,100.11,1.63,32.35,2,91,78.65,0.73,12,0.02,Low,14.61
Agra,Uttar Pradesh,27.265014,78.099417,2025-05-08,131.7,94.87,119.39,8.4,32.81,43.75,0.83,40.85,5,82,90.69,2.97,68,0.91,High,55.73
Hubli,Karnataka,15.303309,75.108493,2023-07-25,153.31,92.43,127.22,3.58,18.4,153.41,1.43,45.0,0,153,82.28,1.96,103,0.83,Medium,41.41
Jabalpur,Madhya Pradesh,23.124882,80.049871,2025-02-11,17.62,11.52,17.03,4.1,26.42,113.09,2.52,45.95,6,50000,96.03,0.36,7938,14.1,Low,15.75
Amritsar,Punjab,31.699032,74.782428,2024-06-10,139.2,76.3,100.6,7.04,52.75,45.51,1.64,84.46,3,394,74.13,1.3,258,0.82,Medium,50.93
Aurangabad,Maharashtra,19.827781,75.321817,2024-09-08,69.23,44.34,66.06,5.96,33.86,183.27,4.07,35.16,5,1035,82.42,1.07,37,0.14,Low,23.19
Aurangabad,Maharashtra,19.813245,75.43895,2025-01-14,171.78,92.57,109.39,6.23,51.66,178.03,0.43,77.04,3,20,54.53,2.28,10,0.11,High,56.11
Mumbai,Maharashtra,18.997253,72.930158,2024-08-16,108.95,67.07,85.76,2.88,51.61,83.94,1.6,83.66,0,10152,85.52,0.38,1577,2.47,Low,34.01
Agra,Uttar Pradesh,27.217551,77.937343,2024-07-21,103.76,50.23,69.78,2.32,38.94,57.03,3.76,34.53,2,17297,61.61,0.41,2337,1.01,Low,30.25
Raipur,Chhattisgarh,21.204243,81.64353,2023-11-18,163.19,53.53,75.59,8.7,40.72,110.31,0.86,34.83,3,100,94.26,2.13,36,0.22,High,63.81
Pune,Maharashtra,18.528125,73.763917,2024-02-23,39.2,15.36,22.96,8.55,28.36,101.29,1.06,75.88,3,44043,79.24,0.27,19771,15.3,Low,19.86
Allahabad,Uttar Pradesh,25.405751,81.80135,2024-02-05,82.62,52.06,68.98,7.99,38.9,56.39,0.43,18.83,3,1118,82.29,1.84,662,4.33,Medium,38.17
Bhopal,Madhya Pradesh,23.298584,77.409752,2024-01-21,87.46,69.91,96.56,2.15,38.85,49.48,3.73,48.54,5,146,30.77,1.1,29,0.1,Low,27.08
Chennai,Tamil Nadu,12.982908,80.334853,2025-07-09,87.29,65.69,89.56,2.48,34.82,233.46,2.74,71.38,2,17,74.42,0.78,5,0.0,Low,11.97
Lucknow,Uttar Pradesh,26.894416,81.044635,2025-09-07,164.4,124.7,184.08,6.63,45.58,35.34,0.6,83.76,0,1909,81.99,2.35,720,6.52,High,58.75
Ranchi,Jharkhand,23.43804,85.224095,2024-02-12,145.99,59.4,67.43,0.35,52.2,55.64,7.37,58.07,4,1221,72.83,1.09,378,1.9,Low,34.82
Vasai,Maharashtra,19.524251,72.899593,2024-04-16,50.11,33.83,44.4,1.17,22.74,44.0,0.84,51.93,1,26427,78.89,0.38,3884,1.51,Low,27.13
Meerut,Uttar Pradesh,29.006807,77.760454,2023-08-18,41.34,25.7,37.72,2.11,29.86,75.62,1.23,86.54,2,12444,60.4,0.49,1412,1.99,Low,16.49
Ranchi,Jharkhand,23.408981,85.380291,2024-04-14,147.4,98.52,139.35,3.51,61.89,68.28,0.78,71.31,1,50000,71.26,1.39,11040,64.34,Medium,43.42
Thiruvananthapuram,Kerala,8.615502,76.962962,2024-06-26,41.86,28.15,32.47,3.69,17.06,124.13,0.63,97.87,2,1229,82.76,0.3,151,0.18,Low,15.24
Dhanbad,Jharkhand,23.816233,86.449037,2023-05-31,81.52,27.4,37.21,6.93,24.07,29.89,5.94,61.38,1,1238,88.43,1.19,83,0.26,Low,24.69
Aurangabad,Maharashtra,19.870498,75.314206,2025-01-29,236.31,178.48,257.27,4.73,66.91,25.45,1.06,36.77,1,10695,91.96,2.71,9777,116.79,High,71.19
Gwalior,Madhya Pradesh,26.28032,78.085226,2024-08-10,36.92,20.96,24.47,7.3,34.23,176.02,0.99,36.37,5,530,45.96,0.39,170,0.08,Low,28.76
Hubli,Karnataka,15.3339,75.058237,2025-05-06,217.56,137.49,157.47,6.45,69.22,138.53,0.19,50.53,4,277,57.95,3.98,141,0.92,High,65.58
Hyderabad,Telangana,17.427022,78.54716,2025-03-13,119.64,95.12,121.92,5.0,22.12,90.83,1.69,29.18,1,3484,83.85,1.73,1830,15.41,Medium,35.98
Howrah,West Bengal,22.67975,88.201848,2024-07-28,125.68,42.02,53.18,2.65,54.67,85.42,0.18,76.19,0,9790,59.64,1.85,7620,51.55,Medium,46.86
Vadodara,Gujarat,22.25054,73.243977,2023-09-26,127.2,80.28,114.34,8.47,25.5,87.59,3.95,69.7,5,969,81.29,2.36,171,1.23,Medium,38.57
Howrah,West Bengal,22.640428,88.179552,2023-03-07,73.62,33.31,42.44,2.56,49.17,56.52,0.33,40.73,2,14,51.72,1.06,1,0.0,Low,33.97
Delhi,Delhi,28.68215,77.030716,2025-05-25,185.32,143.29,167.08,16.24,76.62,135.21,2.51,45.58,7,985,83.66,2.75,673,8.28,High,72.85
Mumbai,Maharashtra,19.109629,72.877316,2025-02-16,56.7,38.93,53.61,2.06,29.01,155.04,0.11,42.01,3,225,61.25,0.82,35,0.09,Low,19.59
Coimbatore,Tamil Nadu,10.936138,76.98167,2025-02-02,181.2,81.18,103.38,3.17,43.14,69.55,4.16,93.81,4,118,76.04,1.95,50,0.12,Medium,44.02
Chandigarh,Chandigarh,30.721602,76.697333,2023-05-19,27.91,18.52,25.97,7.49,36.74,50.44,0.38,38.31,2,2000,74.34,1.07,333,1.76,Low,26.32
Visakhapatnam,Andhra Pradesh,17.635126,83.264165,2023-05-27,75.7,26.49,37.49,3.66,39.02,44.9,1.83,86.38,4,530,80.34,0.48,40,0.06,Low,24.93
Ahmedabad,Gujarat,23.037266,72.519613,2023-10-04,81.82,30.45,37.92,9.21,40.62,26.33,2.78,56.54,3,1234,84.01,1.14,577,1.32,Medium,37.95
Jabalpur,Madhya Pradesh,23.214319,80.002368,2024-02-27,102.81,58.0,72.58,9.19,35.51,125.7,3.4,52.84,3,278,65.23,1.26,148,0.49,Medium,35.52
Guwahati,Assam,26.087409,91.712376,2025-09-12,66.61,52.41,73.38,3.63,51.52,307.38,2.09,88.58,1,9823,62.41,0.81,3251,9.42,Low,23.11
Patna,Bihar,25.591196,85.04272,2023-03-20,67.85,50.9,64.2,6.38,36.05,145.73,1.4,21.68,2,2088,59.2,0.85,833,2.08,Low,27.6
Gwalior,Madhya Pradesh,26.275219,78.182735,2025-02-04,104.8,32.65,48.15,6.15,42.3,162.21,2.35,51.78,2,8311,81.98,1.57,5632,22.91,Medium,35.31
Chennai,Tamil Nadu,13.106444,80.350594,2025-09-21,128.8,51.09,56.27,9.4,39.15,122.0,3.22,18.77,3,741,31.17,1.97,317,1.69,Medium,40.66
Vijayawada,Andhra Pradesh,16.504026,80.689284,2024-03-04,30.13,12.91,16.96,13.88,30.46,117.92,0.99,67.54,1,1796,69.32,0.42,285,0.26,Low,28.03
Bangalore,Karnataka,12.959546,77.584782,2023-06-26,67.34,37.36,53.45,3.53,40.94,55.71,0.48,57.52,4,2818,91.05,0.59,661,1.9,Low,27.42
Rajkot,Gujarat,22.25955,70.81145,2024-06-09,156.13,54.12,73.35,2.13,42.78,169.66,9.41,68.63,5,21,78.58,1.03,7,0.02,Medium,42.5
Gwalior,Madhya Pradesh,26.304101,78.185967,2025-05-28,146.07,72.97,99.49,0.73,47.84,65.44,3.09,31.44,0,46727,58.46,0.56,6146,6.67,Low,33.74
Jaipur,Rajasthan,26.839529,75.816276,2025-08-20,27.63,21.47,26.25,0.96,27.23,177.99,0.32,79.15,1,138,81.73,0.49,27,0.03,Low,12.5
Surat,Gujarat,21.195694,72.879855,2025-03-08,75.64,45.73,67.43,4.66,38.58,68.94,2.17,68.78,2,318,24.57,0.13,42,0.02,Low,27.66
Indore,Madhya Pradesh,22.697065,75.77948,2023-08-20,81.78,48.56,64.55,2.27,57.0,89.19,0.75,80.71,3,3667,88.67,1.14,538,2.98,Low,31.07
Patna,Bihar,25.516298,85.228806,2023-12-11,149.21,92.09,127.5,3.61,36.63,101.93,3.52,54.62,4,1551,77.44,0.41,269,0.15,Low,25.95
Chennai,Tamil Nadu,13.159991,80.228408,2024-04-07,101.49,78.09,93.24,1.22,31.08,68.21,1.14,82.75,3,1835,56.14,0.86,539,1.0,Low,32.2
Kolkata,West Bengal,22.483962,88.366133,2025-09-18,38.41,24.04,30.47,2.01,25.48,153.07,0.07,73.54,4,289,84.95,0.4,31,0.03,Low,13.96
Bhopal,Madhya Pradesh,23.348896,77.330268,2025-07-23,19.86,8.43,11.56,3.14,36.6,77.83,1.42,71.99,1,1377,71.11,1.02,261,0.88,Low,17.81
Gwalior,Madhya Pradesh,26.304653,78.217339,2024-05-02,132.68,78.7,100.32,4.55,48.25,66.17,0.25,32.5,4,222,80.37,1.75,140,0.34,Medium,51.99
Jaipur,Rajasthan,26.958117,75.693285,2024-02-11,83.1,46.56,62.42,0.74,35.36,58.06,1.82,78.03,3,1571,77.35,0.77,332,0.79,Low,25.29
Guwahati,Assam,26.243059,91.835693,2025-03-12,92.86,35.57,47.33,6.1,25.65,9.43,0.41,28.43,2,4061,55.22,2.07,1492,11.9,Medium,39.92
Guwahati,Assam,26.168716,91.832364,2024-05-28,62.41,45.69,62.2,2.38,30.87,66.52,0.51,57.98,3,2544,82.41,0.87,229,0.58,Low,28.77
Kota,Rajasthan,25.199426,75.866704,2024-05-28,119.64,46.01,62.09,6.66,65.24,151.04,0.27,59.18,2,1945,46.54,2.43,883,2.62,Medium,46.29
Hubli,Karnataka,15.343711,75.208728,2023-10-28,159.1,49.89,67.57,4.67,53.44,178.52,2.23,84.27,2,4702,70.2,1.19,1850,10.27,Medium,44.31
Coimbatore,Tamil Nadu,11.006382,77.042834,2023-04-17,60.97,39.27,58.29,2.54,29.22,71.67,3.51,84.02,4,31535,75.95,0.9,5663,6.13,Low,16.96
Solapur,Maharashtra,17.725149,75.933345,2024-01-22,162.83,73.5,94.67,4.45,51.92,59.09,3.84,97.05,3,12221,64.86,1.18,6775,29.26,Medium,54.34
Ranchi,Jharkhand,23.371473,85.240859,2023-10-09,153.26,103.08,145.33,0.05,39.5,122.51,0.61,71.2,6,1062,67.95,0.84,868,1.91,Medium,41.93
Bhopal,Madhya Pradesh,23.253664,77.373753,2023-04-09,81.6,46.78,52.27,4.32,45.81,97.99,0.12,77.69,0,784,87.27,2.27,198,1.58,Medium,42.99
Aurangabad,Maharashtra,19.791501,75.384727,2023-01-07,174.93,52.79,68.77,2.55,56.78,58.56,5.23,84.1,4,33927,72.19,1.33,13942,59.83,Medium,45.67
Guwahati,Assam,26.065387,91.720681,2024-09-14,167.43,80.84,119.51,8.03,39.22,119.63,2.11,38.44,2,361,58.72,2.45,138,1.13,Medium,50.08
Pune,Maharashtra,18.568468,73.917379,2024-10-12,148.17,92.38,127.26,4.65,64.63,82.55,4.82,51.8,1,312,79.15,2.38,163,1.38,Medium,39.46
Nagpur,Maharashtra,21.214855,78.992184,2024-11-03,50.91,33.57,39.27,6.1,30.36,38.8,0.45,83.41,0,3463,52.98,0.41,423,0.47,Low,31.34
Visakhapatnam,Andhra Pradesh,17.655468,83.220935,2024-07-04,33.33,18.82,24.73,1.56,34.29,119.46,0.42,87.65,1,921,46.79,0.86,92,0.36,Low,12.24
Kanpur,Uttar Pradesh,26.513374,80.366029,2024-05-07,31.77,13.6,15.17,2.47,23.15,84.98,1.96,44.78,0,11380,84.96,0.2,1330,0.69,Low,9.46
Madurai,Tamil Nadu,10.016797,78.120242,2024-03-13,98.61,77.31,104.55,9.01,45.68,62.02,3.79,91.85,2,11428,68.68,0.25,1830,2.0,Low,34.06
Lucknow,Uttar Pradesh,26.81681,80.964042,2023-10-18,53.37,23.81,28.28,6.43,24.23,41.64,0.97,56.58,4,5935,72.63,0.32,695,0.57,Low,33.91
Kolkata,West Bengal,22.623799,88.397185,2025-06-30,175.9,110.22,136.75,6.9,59.0,130.09,0.2,63.16,1,31,75.93,1.42,17,0.08,Medium,50.05
Chennai,Tamil Nadu,13.044424,80.273532,2024-12-31,64.19,41.76,57.49,6.8,35.77,91.61,2.48,35.46,3,63,64.47,0.75,16,0.02,Low,23.41
Hubli,Karnataka,15.3864,75.068092,2023-02-01,262.16,113.44,124.79,4.95,80.25,61.9,2.57,33.93,3,166,28.22,3.66,50,0.85,High,68.04
Allahabad,Uttar Pradesh,25.372402,81.814543,2025-03-08,44.23,16.33,19.18,1.38,24.06,29.12,0.75,71.21,1,1532,40.44,1.11,396,0.57,Low,18.58
Guwahati,Assam,26.048318,91.638366,2024-06-20,89.22,58.93,87.17,6.72,34.48,109.12,1.62,19.5,0,849,77.78,0.3,97,0.14,Low,23.12
Chandigarh,Chandigarh,30.711828,76.830896,2025-05-31,15.57,6.69,9.12,2.31,25.48,99.16,3.27,76.75,1,151,76.94,0.3,32,0.02,Low,15.15
Ranchi,Jharkhand,23.309995,85.333706,2023-08-01,88.85,36.52,44.06,9.64,40.87,112.65,1.05,78.91,2,131,85.92,0.82,97,0.24,Medium,35.22
Ranchi,Jharkhand,23.252243,85.286525,2023-07-02,114.38,51.0,67.56,12.28,38.67,92.53,2.04,81.97,1,573,66.74,2.09,406,4.1,Medium,47.11
Jaipur,Rajasthan,26.97819,75.763512,2025-01-31,48.47,16.63,21.23,2.25,39.5,68.15,3.11,56.58,2,643,79.06,0.86,229,0.67,Low,11.1
Kalyan,Maharashtra,19.320318,73.181224,2025-02-05,77.48,27.59,38.21,3.64,34.43,292.31,0.24,60.86,1,42807,70.46,1.03,17284,30.13,Low,16.79
Hyderabad,Telangana,17.320186,78.402203,2024-07-01,19.63,6.75,9.8,3.66,22.0,298.9,2.1,56.93,3,20,84.54,0.64,3,0.0,Low,7.15
Surat,Gujarat,21.155898,72.840451,2025-02-18,45.31,18.71,23.0,1.69,0.0,142.25,0.88,38.51,6,1239,60.07,0.45,123,0.17,Low,9.09
Delhi,Delhi,28.776749,77.068397,2024-02-21,11.36,5.93,8.77,2.7,11.75,119.78,4.05,66.64,2,6057,98.91,0.27,1329,1.56,Low,0.5
Nagpur,Maharashtra,21.244973,79.180689,2024-12-18,147.67,59.79,68.88,3.05,46.91,42.56,0.87,26.99,1,2813,60.98,1.27,1327,4.86,Medium,43.39
Vijayawada,Andhra Pradesh,16.452182,80.637395,2025-05-06,93.05,31.19,45.34,3.28,22.62,44.15,1.11,73.3,2,188,47.73,0.31,20,0.02,Low,23.28
Nashik,Maharashtra,19.99706,73.883213,2023-03-08,231.01,97.62,116.24,4.42,67.36,240.05,1.08,71.9,4,432,86.69,2.36,142,1.43,High,65.29
Coimbatore,Tamil Nadu,11.066947,76.867222,2024-01-15,23.36,11.6,13.3,4.16,21.74,148.33,1.69,34.02,1,186,72.51,0.22,34,0.01,Low,14.68
Srinagar,Jammu and Kashmir,34.145591,74.857221,2024-03-22,226.86,148.38,175.7,4.5,83.57,68.06,1.08,77.37,3,1018,72.39,2.75,1283,9.81,High,70.7
Gwalior,Madhya Pradesh,26.262762,78.106399,2024-08-09,35.8,17.89,21.34,1.59,4.38,79.26,2.91,83.37,3,244,78.24,0.66,80,0.14,Low,7.55
Vijayawada,Andhra Pradesh,16.472682,80.637398,2024-04-04,73.98,50.62,56.9,7.45,29.01,42.59,4.15,48.08,2,108,71.05,0.72,8,0.01,Low,30.36
Nashik,Maharashtra,20.084231,73.75016,2025-02-13,109.58,78.1,89.1,3.36,30.72,79.17,5.52,52.46,2,7260,74.96,0.48,1155,1.97,Low,31.86
Kochi,Kerala,9.926715,76.22045,2023-11-18,78.13,43.96,62.7,6.61,31.31,66.85,2.11,95.19,5,315,90.52,0.87,19,0.07,Low,31.07
Dhanbad,Jharkhand,23.873181,86.374572,2023-11-04,14.55,7.58,8.62,1.93,30.18,29.63,1.43,54.46,1,5008,89.79,0.75,1612,2.8,Low,12.06
Kanpur,Uttar Pradesh,26.420734,80.393027,2025-04-04,50.5,28.13,32.56,0.85,29.97,81.61,0.1,45.61,3,50000,45.84,0.17,8602,3.71,Low,22.4
Faridabad,Haryana,28.420589,77.226029,2023-05-06,13.6,8.87,13.31,4.9,37.42,71.39,1.36,78.92,7,49,72.48,0.53,3,0.0,Low,18.93
Howrah,West Bengal,22.591597,88.266544,2024-01-05,46.68,31.62,37.47,2.85,40.12,202.76,0.98,41.86,5,18794,84.54,0.9,2289,9.57,Low,14.21
Madurai,Tamil Nadu,9.948829,78.164435,2023-06-20,83.3,60.84,67.94,3.51,44.62,22.06,1.44,84.38,5,962,88.7,0.85,126,0.31,Low,28.77
Guwahati,Assam,26.054061,91.722288,2024-11-01,220.01,67.46,78.86,3.73,57.48,116.66,2.34,41.0,4,52,85.34,3.05,31,0.41,High,56.95
Guwahati,Assam,26.14725,91.679403,2023-11-04,28.38,22.31,32.65,3.67,34.86,66.29,0.87,21.45,2,680,47.07,0.66,137,0.29,Low,21.32
Raipur,Chhattisgarh,21.2534,81.649713,2024-05-12,71.39,32.67,40.61,3.71,43.31,52.0,4.19,34.85,2,209,86.12,0.26,48,0.05,Low,20.1
Kanpur,Uttar Pradesh,26.359878,80.367236,2025-09-17,161.31,69.31,97.47,2.7,62.6,114.6,0.81,62.04,1,361,48.04,1.0,95,0.24,Medium,53.94
Nagpur,Maharashtra,21.173973,79.133008,2023-10-03,62.14,43.65,58.68,4.91,36.05,62.78,1.5,71.82,0,17219,70.72,0.37,4564,2.43,Low,26.9
Amritsar,Punjab,31.634681,74.812272,2023-09-14,152.88,71.34,96.37,0.88,51.8,55.05,0.79,84.89,1,47938,69.27,1.76,10992,38.89,Medium,51.74
Dhanbad,Jharkhand,23.736406,86.497372,2024-07-02,81.31,29.59,42.29,3.73,30.7,115.35,0.12,46.33,4,14345,37.27,0.28,2604,0.92,Low,24.04
Nagpur,Maharashtra,21.124442,79.185396,2025-01-11,81.87,25.83,31.1,7.53,33.25,44.02,1.79,46.56,3,363,86.29,1.51,175,1.13,Medium,35.65
Visakhapatnam,Andhra Pradesh,17.710686,83.290305,2024-10-12,56.12,42.28,59.62,2.83,48.01,38.56,0.32,99.44,4,110,87.87,1.8,47,0.3,Medium,37.01
Kalyan,Maharashtra,19.230879,73.112919,2023-10-12,53.61,23.77,35.26,1.76,12.79,164.7,0.48,89.77,6,29,86.8,0.8,5,0.02,Low,24.67
Hyderabad,Telangana,17.356369,78.468761,2023-07-13,78.34,34.01,38.74,4.72,30.19,72.44,2.81,34.67,3,85,90.56,0.53,13,0.02,Low,24.64
Vasai,Maharashtra,19.407602,72.844601,2024-02-09,53.53,34.85,38.99,4.42,18.8,58.07,1.14,54.49,1,794,66.93,0.96,131,0.43,Low,25.1
Bangalore,Karnataka,13.020245,77.524177,2024-01-07,97.3,52.37,67.1,5.07,43.95,72.57,0.61,49.16,6,1394,60.49,1.85,391,2.27,Medium,35.54
Kalyan,Maharashtra,19.239179,73.08917,2024-07-20,149.52,92.79,133.38,7.53,48.56,110.6,1.63,59.92,3,0,81.75,2.14,0,0.0,Medium,44.43
Hyderabad,Telangana,17.291335,78.417952,2025-05-14,89.55,29.85,37.26,8.91,31.33,88.3,0.91,37.66,4,141,97.72,2.2,72,0.21,Medium,42.89
Varanasi,Uttar Pradesh,25.263205,82.990233,2025-07-24,104.6,67.09,77.75,6.56,48.03,24.56,1.64,83.9,5,50000,74.46,1.65,14988,33.46,Medium,44.53
Kota,Rajasthan,25.231434,75.807107,2025-02-20,45.44,23.5,33.16,4.44,33.87,92.57,1.73,60.23,3,93,48.6,0.73,6,0.01,Low,23.54
Bareilly,Uttar Pradesh,28.349172,75.385051,2024-12-27,87.99,34.31,48.1,8.09,25.07,23.81,1.28,88.27,3,2223,61.93,2.08,1761,5.11,Medium,43.72
Guwahati,Assam,26.154771,91.685822,2023-03-25,125.6,57.01,80.06,2.15,44.76,70.28,0.79,67.89,2,219,56.9,2.0,57,0.33,Medium,38.8
Chandigarh,Chandigarh,30.753493,76.817683,2025-07-15,58.37,31.8,37.79,2.51,37.94,170.65,4.17,55.01,1,9666,75.33,0.19,1153,0.65,Low,15.28
Jaipur,Rajasthan,26.88646,75.696444,2025-01-11,94.76,51.92,72.09,6.2,31.39,42.5,1.48,79.66,2,44,94.49,0.73,7,0.02,Low,28.27
Varanasi,Uttar Pradesh,25.341451,82.943392,2023-07-03,127.35,64.5,76.91,5.78,46.45,122.85,2.12,78.57,2,495,59.98,0.99,71,0.25,Medium,40.27
Madurai,Tamil Nadu,9.972671,78.158333,2024-03-08,105.81,50.2,59.02,2.57,53.0,28.99,1.98,58.86,3,366,85.49,1.22,211,0.37,Medium,43.18
Aurangabad,Maharashtra,19.915299,75.259136,2025-07-07,43.61,16.69,24.95,3.05,55.07,21.75,0.03,66.4,2,9752,86.08,1.02,1159,2.4,Low,22.23
Kota,Rajasthan,25.28914,75.855696,2023-08-30,105.41,83.45,109.97,7.51,25.34,71.38,1.58,76.02,2,1010,48.83,1.88,505,1.14,Medium,42.06
Allahabad,Uttar Pradesh,25.465095,81.901235,2025-08-15,104.68,65.04,85.03,2.16,46.2,96.44,1.17,68.42,4,411,23.88,1.03,249,1.19,Medium,41.27
Coimbatore,Tamil Nadu,11.087577,76.862798,2023-07-17,135.27,100.92,127.87,3.73,31.11,91.62,8.08,52.49,2,41,84.02,0.17,14,0.0,Low,23.65
Agra,Uttar Pradesh,27.148035,77.970054,2025-05-24,73.36,36.78,50.11,4.39,17.53,93.96,3.21,39.44,0,2081,75.53,0.59,651,1.04,Low,25.03
Chandigarh,Chandigarh,30.81663,76.699114,2023-10-14,104.46,48.34,66.14,4.99,53.54,89.01,5.35,73.65,2,416,78.08,1.9,157,1.1,Medium,39.13
Vasai,Maharashtra,19.433567,72.763717,2023-02-20,158.5,77.17,102.71,4.99,59.9,64.59,0.45,54.3,2,544,72.62,2.8,620,1.97,High,58.49
Amritsar,Punjab,31.720175,74.869416,2025-03-05,31.38,13.74,16.51,1.54,22.89,294.24,1.49,82.16,2,11578,61.03,0.78,3977,14.13,Low,9.85
Kota,Rajasthan,25.211486,75.921381,2024-07-11,223.55,77.43,92.2,10.08,63.4,290.31,1.44,43.55,2,1142,66.11,3.6,1195,9.85,High,71.36
Jaipur,Rajasthan,26.913428,75.884395,2024-01-20,100.69,48.98,61.51,8.87,53.79,200.66,2.72,76.09,6,10,62.86,1.63,2,0.01,Medium,37.87
Dhanbad,Jharkhand,23.79805,86.406449,2025-05-21,135.67,97.89,108.77,0.56,43.04,47.27,0.47,21.52,3,41454,91.78,1.79,10276,59.97,Medium,40.43
Vadodara,Gujarat,22.371341,73.164464,2023-11-12,47.58,32.34,47.94,2.0,13.02,202.91,2.93,57.61,3,819,47.57,0.63,231,0.24,Low,4.04
Chandigarh,Chandigarh,30.636284,76.749002,2023-12-09,47.92,23.05,27.94,5.06,30.42,17.56,3.13,46.82,3,27920,67.12,0.38,7805,14.1,Low,16.98
Allahabad,Uttar Pradesh,25.392519,81.935555,2025-04-05,60.77,41.67,50.66,2.34,26.54,48.8,6.18,16.87,4,8886,81.88,0.31,1594,2.42,Low,16.57
Amritsar,Punjab,31.585224,74.826001,2023-08-25,96.96,62.84,94.18,6.4,42.1,153.06,3.17,65.2,1,353,67.09,1.13,23,0.09,Low,28.25
Hubli,Karnataka,15.294547,75.163274,2024-01-12,42.67,15.59,23.05,1.21,37.62,37.58,2.23,58.8,1,780,48.21,0.21,84,0.05,Low,16.05
Amritsar,Punjab,31.73012,74.888099,2025-09-22,203.56,66.64,86.19,4.51,77.43,27.37,0.17,39.93,4,10699,92.96,3.71,17823,144.82,Critical,78.79
Agra,Uttar Pradesh,27.083463,78.018303,2023-06-11,56.39,41.38,49.05,10.28,43.59,167.8,1.81,15.52,1,807,85.43,1.61,266,0.71,Medium,45.7
Visakhapatnam,Andhra Pradesh,17.60971,83.221508,2023-07-07,192.9,81.41,95.18,7.58,63.33,201.36,0.68,54.5,2,426,58.62,2.53,389,1.32,High,62.31
Mumbai,Maharashtra,19.133281,72.798556,2024-04-06,105.92,42.75,51.46,5.12,58.83,30.91,0.9,77.45,3,1054,72.58,1.71,536,3.62,Medium,49.82
Ranchi,Jharkhand,23.424191,85.338441,2023-12-28,48.22,21.23,28.22,2.49,36.5,85.12,0.59,57.51,1,68,86.7,0.21,20,0.01,Low,21.37
Varanasi,Uttar Pradesh,25.416498,82.987959,2025-08-19,86.81,47.71,53.99,2.15,42.09,216.5,0.06,31.06,2,38882,77.16,0.24,16533,19.41,Low,27.41
Hubli,Karnataka,15.353805,75.215583,2024-08-04,47.07,37.47,45.82,4.41,18.14,167.1,1.59,98.67,2,423,86.31,0.26,129,0.05,Low,16.5
Hyderabad,Telangana,17.299587,78.505518,2024-01-30,178.56,130.02,150.82,3.09,60.02,193.9,4.54,14.2,5,407,77.95,2.01,218,0.46,Medium,41.37
Dhanbad,Jharkhand,23.742365,86.380825,2024-08-25,113.47,71.33,83.98,8.2,36.24,137.03,1.88,71.66,2,730,76.19,1.39,386,0.91,Medium,40.14
Aurangabad,Maharashtra,19.891438,75.371783,2025-09-10,179.01,94.4,105.75,4.91,50.35,101.6,0.77,91.03,2,2903,77.82,2.43,1153,11.89,Medium,54.11
Coimbatore,Tamil Nadu,10.995799,77.043374,2023-08-06,53.11,26.41,33.51,1.29,27.58,127.34,5.24,84.23,5,44296,45.5,0.67,8835,20.11,Low,10.89
Coimbatore,Tamil Nadu,11.002069,77.029543,2023-05-09,135.85,74.79,104.31,6.46,68.13,119.85,0.43,77.98,2,1583,83.67,0.97,266,0.3,Medium,53.38
Bangalore,Karnataka,13.036389,77.564138,2025-09-16,213.52,68.46,98.27,9.06,64.67,91.43,1.71,57.04,2,279,58.62,5.17,391,4.34,Critical,75.53
Lucknow,Uttar Pradesh,26.784063,80.96387,2024-08-11,212.24,93.44,116.44,6.13,75.98,95.97,0.42,40.93,7,163,34.28,6.56,110,1.74,Critical,75.3
Rajkot,Gujarat,22.213387,70.824189,2025-01-29,84.49,52.43,73.73,6.5,33.06,287.33,0.99,88.19,5,24201,78.62,0.7,4927,9.1,Low,22.34
Patna,Bihar,25.636141,85.069563,2023-11-18,55.32,35.3,46.23,5.28,19.76,195.72,1.69,74.41,2,1260,65.53,0.37,149,0.08,Low,28.57
Kota,Rajasthan,25.302392,75.925305,2024-07-31,76.32,53.81,75.89,1.5,46.92,33.65,4.24,48.6,2,6899,33.53,0.3,598,0.26,Low,27.99
Delhi,Delhi,28.626165,77.170347,2025-02-26,50.55,18.81,24.86,4.62,31.27,249.55,1.92,86.44,2,16,90.89,0.36,3,0.0,Low,20.83
Dhanbad,Jharkhand,23.835024,86.400407,2025-05-29,74.71,51.38,57.59,8.37,39.52,111.11,1.91,71.65,5,9712,84.71,0.95,2150,2.35,Low,32.08
Mumbai,Maharashtra,19.089467,72.903211,2025-04-09,76.21,48.0,67.5,4.38,24.82,162.57,1.83,94.89,2,1874,66.11,0.95,488,1.8,Low,23.01
Vasai,Maharashtra,19.487481,72.779138,2023-02-26,83.55,34.01,39.89,14.17,16.25,20.2,1.28,49.21,2,697,95.05,2.28,447,3.81,Medium,46.18
Guwahati,Assam,26.08775,91.71519,2024-10-28,92.45,32.63,46.91,3.69,44.07,143.34,1.1,56.99,6,30115,67.65,0.92,1584,3.98,Low,28.87
Varanasi,Uttar Pradesh,25.322234,82.973628,2024-02-26,56.6,29.12,34.92,3.22,26.9,3.65,0.16,72.28,3,1426,95.39,0.39,421,0.29,Low,33.58
Lucknow,Uttar Pradesh,26.830092,80.990856,2024-09-16,193.58,134.33,157.98,3.45,72.79,185.22,3.06,31.21,0,801,42.22,1.21,274,1.24,Medium,45.28
Meerut,Uttar Pradesh,29.053801,77.61179,2025-02-07,55.77,18.66,23.61,1.22,33.17,61.28,2.48,82.17,4,570,52.84,0.5,99,0.2,Low,19.2
Allahabad,Uttar Pradesh,25.474554,81.8286,2024-12-05,74.96,27.5,33.98,6.63,32.73,93.94,10.0,67.48,3,230,69.89,0.39,72,0.07,Low,24.94
Vadodara,Gujarat,22.370535,73.260864,2024-11-21,115.4,87.72,129.82,2.66,37.12,31.33,3.45,52.63,9,963,47.69,1.07,163,0.64,Low,31.19
Jodhpur,Rajasthan,26.223202,73.04854,2024-10-11,52.52,18.57,21.27,7.32,28.74,161.82,0.96,63.3,3,5467,52.22,2.1,4211,12.22,Medium,36.16
Guwahati,Assam,26.214012,91.644274,2023-01-07,90.67,68.56,96.02,11.05,42.35,62.01,0.6,71.6,7,2515,70.23,1.17,1456,4.26,Medium,51.81
Pune,Maharashtra,18.421994,73.886628,2023-04-21,53.25,38.76,51.35,8.81,41.59,62.67,0.59,92.77,5,27,63.53,1.23,20,0.11,Medium,40.77
Jabalpur,Madhya Pradesh,23.081963,79.956943,2025-03-13,79.48,50.3,71.82,4.24,44.78,83.11,0.11,84.46,4,6839,51.93,1.73,3398,13.37,Medium,38.06
Amritsar,Punjab,31.57791,74.920112,2025-02-28,63.05,21.59,28.81,5.94,23.95,107.63,1.09,92.73,6,3583,75.72,0.37,436,0.39,Low,30.53
Kanpur,Uttar Pradesh,26.516335,80.349249,2023-11-17,103.82,42.29,62.77,2.97,41.69,40.65,0.89,83.71,2,1748,74.04,1.4,305,1.69,Medium,44.44
Nashik,Maharashtra,19.912387,73.877762,2023-11-14,88.78,43.49,58.54,6.86,40.56,67.69,0.48,60.8,3,7731,90.2,1.96,4319,24.42,Medium,42.96
Chennai,Tamil Nadu,13.084841,80.271465,2025-02-05,71.19,55.0,67.36,2.34,37.53,131.01,2.38,34.53,6,4928,83.77,0.44,1676,1.84,Low,20.22
Guwahati,Assam,26.241463,91.808498,2024-07-11,51.49,22.97,26.75,10.47,26.87,5.56,0.17,70.28,1,1144,66.67,0.97,146,0.59,Medium,52.83
Jaipur,Rajasthan,26.915197,75.730844,2024-02-25,115.87,49.23,69.26,8.65,44.92,136.92,0.4,57.52,1,92,80.55,2.2,53,0.2,Medium,47.69
Rajkot,Gujarat,22.250177,70.831554,2025-01-29,23.08,14.45,17.35,2.55,21.99,25.6,0.41,50.91,2,29,69.31,0.47,2,0.0,Low,24.55
Vadodara,Gujarat,22.387877,73.183595,2025-04-25,24.93,16.71,21.53,2.96,23.36,16.05,0.95,33.45,5,281,83.77,1.13,73,0.25,Low,18.14
Dhanbad,Jharkhand,23.886764,86.486586,2024-10-11,113.7,87.57,120.78,3.31,29.1,121.39,2.41,49.18,2,485,84.72,0.37,78,0.08,Low,27.84
Vijayawada,Andhra Pradesh,16.538727,80.565376,2023-11-23,112.38,84.37,121.32,9.19,40.86,91.0,2.33,78.78,5,10111,77.47,0.89,6348,10.86,Medium,48.33
Allahabad,Uttar Pradesh,25.426878,81.765235,2024-03-20,60.37,40.52,57.3,3.85,34.31,19.22,0.3,60.34,1,1070,71.22,1.06,138,0.39,Low,28.76
Howrah,West Bengal,22.684157,88.199456,2023-12-03,91.28,62.2,76.15,0.35,50.33,45.18,1.77,33.61,7,2974,66.46,0.7,271,0.44,Low,28.22
Gwalior,Madhya Pradesh,26.227274,78.22946,2025-06-09,42.47,28.87,34.06,5.28,15.01,21.98,2.42,44.75,1,2591,65.77,1.05,738,1.24,Low,24.1
Varanasi,Uttar Pradesh,25.343766,83.048376,2023-09-21,55.17,40.18,48.22,1.74,26.66,116.38,0.1,57.42,3,2266,78.62,0.53,247,0.51,Low,20.3
Delhi,Delhi,28.780325,77.060007,2025-06-12,79.7,41.41,50.47,13.72,31.02,57.87,0.76,24.9,2,1,92.33,1.54,0,0.0,Medium,44.8
Srinagar,Jammu and Kashmir,34.059717,74.880772,2023-07-10,98.02,53.57,63.59,2.64,35.17,105.91,3.41,92.49,2,5661,53.39,0.85,1806,5.67,Low,22.16
Solapur,Maharashtra,17.627498,75.927238,2025-04-07,155.17,113.32,129.63,8.41,61.39,15.0,0.17,81.42,1,1167,88.35,2.27,1266,11.68,High,67.02
Mumbai,Maharashtra,19.009064,72.857274,2023-08-06,111.15,38.64,45.44,6.94,45.92,60.6,2.54,64.69,1,348,90.1,1.71,198,0.44,Medium,45.76
Kota,Rajasthan,25.120362,75.803473,2025-09-04,37.01,19.01,24.94,2.45,17.0,49.8,0.25,23.61,12,2927,71.51,0.61,1235,1.85,Low,17.53
Vadodara,Gujarat,22.257882,73.122628,2025-02-14,37.83,21.46,30.81,1.53,21.16,69.38,2.0,88.29,1,78,58.76,0.53,6,0.01,Low,15.82
Surat,Gujarat,21.21473,72.804822,2024-01-19,110.63,84.17,120.73,4.89,33.06,219.24,0.23,45.05,4,7149,55.66,2.16,3214,18.21,Medium,38.44
Patna,Bihar,25.648635,85.099194,2023-05-03,173.0,59.8,80.26,1.91,70.77,63.27,3.44,47.0,2,244,87.29,1.11,104,0.26,Medium,54.42
Bareilly,Uttar Pradesh,28.292556,75.397889,2023-07-16,52.69,40.73,51.46,8.0,7.53,84.67,2.28,48.77,1,140,38.61,1.03,49,0.14,Medium,35.49
Rajkot,Gujarat,22.270597,70.859833,2025-04-20,127.91,49.33,60.81,1.26,38.8,45.82,0.22,62.6,4,10172,76.51,1.1,4363,16.1,Medium,35.17
Amritsar,Punjab,31.541205,74.919289,2023-03-30,78.22,44.61,49.48,3.54,21.35,127.39,0.92,58.4,1,84,51.75,0.4,12,0.02,Low,23.75
Pune,Maharashtra,18.511733,73.884442,2023-12-08,33.36,14.46,16.45,5.88,29.35,58.74,3.68,77.89,2,143,59.88,0.56,27,0.04,Low,16.72
Kanpur,Uttar Pradesh,26.475589,80.366653,2023-01-17,121.91,60.12,70.66,0.0,55.67,91.69,1.56,25.01,7,4529,80.44,1.14,2106,8.86,Medium,39.86
Guwahati,Assam,26.063063,91.705897,2024-04-08,29.23,15.63,23.03,0.0,27.41,58.32,5.6,47.38,0,1332,69.43,0.69,169,0.52,Low,11.93
Delhi,Delhi,28.765982,77.179872,2025-04-14,136.31,48.3,67.25,4.28,52.87,95.08,0.72,44.75,3,32643,97.72,1.48,14341,87.84,Medium,48.16
Madurai,Tamil Nadu,9.894528,78.089044,2025-01-30,112.27,54.28,64.6,4.27,39.96,119.51,0.72,55.5,2,1133,90.0,1.07,674,3.07,Medium,42.79
Bareilly,Uttar Pradesh,28.454329,75.435721,2024-05-31,53.99,22.96,29.68,3.08,37.53,34.41,3.47,28.96,4,26832,60.7,0.23,5358,3.75,Low,20.37
Kanpur,Uttar Pradesh,26.430505,80.349143,2023-05-12,117.86,50.12,62.85,5.61,32.77,141.95,2.24,40.35,3,1128,85.1,1.03,400,2.0,Low,33.76
Mumbai,Maharashtra,18.98964,72.910287,2025-06-27,27.72,17.5,20.26,5.07,36.39,122.03,0.02,30.4,3,198,75.46,1.17,45,0.25,Low,17.66
Bareilly,Uttar Pradesh,28.301103,75.394495,2023-07-23,85.74,68.06,87.02,7.18,61.17,185.53,2.21,46.36,6,3719,86.52,2.29,1781,18.8,Medium,40.52
Faridabad,Haryana,28.445178,77.339426,2023-10-05,109.86,59.02,67.34,14.03,25.06,71.14,7.12,97.13,2,661,53.94,1.75,170,1.42,Medium,40.37
Jodhpur,Rajasthan,26.321101,72.936019,2025-03-03,64.15,21.76,30.6,2.47,24.67,6.86,0.64,60.57,4,20600,74.47,0.33,2850,3.1,Low,29.81
Faridabad,Haryana,28.322891,77.293769,2023-07-17,136.18,52.23,73.54,1.64,53.13,175.51,3.61,85.0,6,245,81.21,1.86,99,0.57,Medium,35.04
Jaipur,Rajasthan,26.913241,75.732908,2025-06-28,92.63,48.49,53.65,13.86,50.89,87.99,3.31,15.14,3,19,66.53,2.48,5,0.04,Medium,48.35
Vadodara,Gujarat,22.211392,73.221199,2024-03-18,173.96,104.74,125.14,4.0,51.74,48.3,0.74,22.75,3,36,54.13,2.51,17,0.12,High,61.72
Varanasi,Uttar Pradesh,25.296266,83.024837,2024-12-30,107.6,54.2,75.37,7.13,35.19,57.25,2.74,69.92,5,272,35.38,1.21,194,0.82,Medium,45.04
Howrah,West Bengal,22.579005,88.234896,2024-12-24,89.08,33.13,42.87,10.15,32.34,116.34,7.66,53.85,2,552,74.8,2.49,270,1.1,Medium,36.07
Srinagar,Jammu and Kashmir,34.016013,74.72217,2023-09-24,166.03,71.02,94.56,7.37,40.6,51.63,0.17,82.62,3,396,76.75,3.87,107,0.62,High,67.2
Kanpur,Uttar Pradesh,26.477896,80.407118,2025-06-21,67.21,26.79,38.87,7.91,38.26,60.17,1.18,90.12,3,2842,85.49,0.74,879,0.8,Low,32.37
Thiruvananthapuram,Kerala,8.470367,76.937136,2025-08-10,21.39,10.32,12.72,1.2,32.05,46.24,1.09,83.24,4,1354,73.47,0.21,160,0.16,Low,13.16
Ranchi,Jharkhand,23.269797,85.257299,2025-06-30,50.01,39.54,54.02,5.43,33.25,13.84,3.15,38.52,2,404,71.17,0.22,69,0.07,Low,30.12
Lucknow,Uttar Pradesh,26.799618,80.919312,2024-07-22,34.03,24.12,34.9,2.16,27.5,47.37,2.24,58.78,2,1819,65.03,0.3,354,0.19,Low,16.48
Madurai,Tamil Nadu,10.02203,78.142051,2023-01-11,22.69,16.7,24.15,0.06,41.55,8.12,6.34,62.78,7,1917,91.28,0.13,210,0.04,Low,11.03
Nashik,Maharashtra,19.989969,73.724234,2023-05-24,59.59,25.55,36.88,3.97,42.07,36.56,4.5,72.49,2,3587,70.78,0.84,406,1.21,Low,27.67
Nagpur,Maharashtra,21.208726,78.98878,2024-01-10,112.5,51.88,72.05,4.02,38.09,70.89,2.26,22.74,0,371,73.81,1.68,78,0.64,Medium,38.46
Nagpur,Maharashtra,21.076819,79.176612,2024-03-23,47.18,29.54,41.53,9.27,25.82,79.88,3.38,69.83,3,415,71.68,0.19,34,0.01,Low,18.15
Ahmedabad,Gujarat,22.997569,72.662947,2023-04-01,96.82,57.03,76.04,6.51,53.33,95.26,1.21,46.8,1,258,78.42,1.51,100,0.25,Medium,36.1
Pune,Maharashtra,18.571835,73.764353,2025-04-12,52.07,23.4,32.96,2.09,25.93,141.57,1.68,92.46,4,2999,86.02,0.91,757,2.27,Low,18.06
Bangalore,Karnataka,12.920655,77.638953,2025-05-10,65.74,23.66,34.13,4.63,28.36,76.9,0.6,45.12,2,134,48.77,2.08,109,0.94,Medium,37.83
Nashik,Maharashtra,19.911132,73.786688,2024-02-08,59.46,31.38,42.55,5.35,32.87,81.34,0.95,20.94,1,694,80.36,1.64,346,2.72,Medium,37.19
Guwahati,Assam,26.115597,91.815991,2025-05-27,198.35,74.26,81.98,18.28,67.15,3.56,0.93,55.33,0,4202,75.97,7.9,4348,170.37,Critical,82.38
Bareilly,Uttar Pradesh,28.337206,75.347027,2023-09-26,103.16,73.54,84.52,5.34,42.55,32.33,2.87,82.08,3,267,53.47,0.95,187,0.52,Medium,41.93
Kochi,Kerala,9.914938,76.360775,2023-12-05,89.93,51.52,71.26,4.87,51.52,66.55,0.62,76.26,3,279,78.48,0.97,86,0.37,Medium,35.02
Amritsar,Punjab,31.645648,74.869814,2025-02-26,90.91,36.35,50.13,5.34,41.22,102.59,0.97,81.91,3,365,90.26,0.77,119,0.12,Low,33.99
Bhopal,Madhya Pradesh,23.321403,77.48705,2024-01-21,92.64,31.92,39.07,3.06,34.14,110.99,0.02,39.22,0,3724,87.27,1.15,850,1.88,Low,28.67
Meerut,Uttar Pradesh,28.968474,77.671201,2023-10-06,229.17,159.15,201.85,4.53,64.74,31.64,1.69,49.4,0,1592,69.36,7.64,2220,53.58,Critical,76.76
Jabalpur,Madhya Pradesh,23.240189,80.05267,2024-04-06,131.33,67.78,100.11,3.34,33.36,187.39,2.19,30.85,9,32,75.39,0.58,5,0.01,Low,26.72
Srinagar,Jammu and Kashmir,34.176416,74.783142,2023-11-19,188.87,116.28,129.87,4.5,55.03,101.03,2.66,40.01,4,556,91.88,2.07,237,0.69,Medium,47.91
Kota,Rajasthan,25.257842,75.773261,2025-02-07,51.66,24.09,28.28,8.13,33.98,79.67,1.98,74.68,3,140,81.95,2.49,98,1.22,Medium,40.82
Kochi,Kerala,9.999565,76.176566,2025-09-07,26.86,21.42,24.97,0.0,20.9,69.55,0.87,74.29,3,101,65.91,1.0,7,0.02,Low,14.77
Agra,Uttar Pradesh,27.191233,77.999375,2023-07-11,120.26,93.06,135.09,5.4,40.74,199.88,1.19,71.18,4,749,65.23,2.17,376,1.73,Medium,37.29
Ranchi,Jharkhand,23.404804,85.350283,2025-04-01,79.51,58.03,85.92,2.59,43.73,86.18,8.83,95.43,3,4256,26.05,0.8,1313,3.21,Low,26.0
Faridabad,Haryana,28.399493,77.381793,2023-07-10,40.58,17.27,22.75,4.99,20.79,122.68,0.53,75.86,6,13950,87.91,0.85,5055,20.78,Low,16.13
Thiruvananthapuram,Kerala,8.587621,76.995275,2024-12-21,129.57,82.59,108.2,0.49,21.27,58.26,1.4,29.98,1,923,65.57,1.07,377,2.0,Medium,38.27
Lucknow,Uttar Pradesh,26.789204,81.027863,2025-08-07,66.41,43.1,57.77,14.74,40.1,80.89,1.23,51.59,1,10144,71.8,0.92,2728,7.74,Medium,43.08
Kochi,Kerala,10.023556,76.304852,2024-01-30,183.53,81.26,108.24,2.95,52.48,20.03,0.57,46.23,1,266,89.43,1.6,161,1.04,Medium,52.25
Chennai,Tamil Nadu,13.079577,80.274637,2025-02-01,121.06,85.37,109.23,2.74,48.89,34.01,1.62,36.59,7,164,70.56,1.59,157,0.79,Medium,43.31
Patna,Bihar,25.513035,85.115945,2024-02-10,93.38,62.18,84.41,6.51,38.75,103.24,4.83,65.42,4,12004,57.36,1.17,1240,2.99,Low,18.35
Faridabad,Haryana,28.460176,77.219425,2023-04-08,28.57,17.64,25.0,1.4,35.29,9.09,0.32,56.38,1,15109,69.46,0.7,6029,12.93,Low,21.97
Bangalore,Karnataka,13.007011,77.572668,2024-02-24,23.94,17.89,25.18,3.54,16.88,68.32,2.34,59.18,4,778,77.43,0.92,40,0.11,Low,11.86
Jabalpur,Madhya Pradesh,23.19529,79.917137,2025-02-12,54.91,29.46,37.61,7.63,46.57,49.11,0.87,40.4,3,1344,69.32,1.42,859,1.85,Medium,43.47
Howrah,West Bengal,22.644602,88.272239,2024-08-08,42.56,15.28,17.47,4.48,36.49,107.58,3.3,80.27,1,1096,48.04,0.29,527,0.59,Low,11.56
Thiruvananthapuram,Kerala,8.4721,76.849236,2025-09-18,143.08,55.09,70.65,3.74,58.39,168.27,1.04,32.29,4,443,55.97,0.47,69,0.13,Low,31.63
Hyderabad,Telangana,17.382396,78.561332,2025-04-25,56.49,22.94,29.46,4.1,7.07,92.11,6.5,73.8,3,93,84.67,0.46,9,0.0,Low,23.81
Vijayawada,Andhra Pradesh,16.41333,80.724893,2023-10-15,58.32,30.85,45.19,4.17,28.92,121.06,3.01,65.16,2,67,70.05,0.32,19,0.01,Low,21.14
Solapur,Maharashtra,17.629373,76.001062,2023-11-22,126.5,82.93,106.4,14.83,57.86,19.74,0.26,41.39,4,4244,52.86,3.5,3744,34.53,High,62.03
Chandigarh,Chandigarh,30.636986,76.708385,2024-05-31,64.16,29.88,33.08,5.16,48.96,240.91,2.7,48.47,2,1103,66.86,0.87,460,1.03,Low,20.46
Vasai,Maharashtra,19.368708,72.788652,2023-04-20,72.33,22.03,27.42,1.88,37.29,26.39,2.23,91.62,1,4155,99.1,0.29,1348,1.33,Low,23.98
Allahabad,Uttar Pradesh,25.526471,81.803647,2023-10-18,114.44,89.51,113.93,4.34,52.21,20.87,0.39,94.65,2,435,65.25,3.15,385,1.54,High,55.42
Visakhapatnam,Andhra Pradesh,17.742037,83.192022,2024-08-31,86.78,63.53,74.46,3.99,19.78,48.16,2.09,54.82,2,132,72.3,0.79,18,0.04,Low,21.1
Howrah,West Bengal,22.661983,88.236247,2025-08-09,69.71,48.9,63.3,2.88,38.02,27.69,1.28,33.64,3,23255,80.99,0.3,4089,3.29,Low,27.05
Gwalior,Madhya Pradesh,26.273898,78.173733,2023-04-07,89.07,43.15,54.79,2.89,48.53,101.04,1.0,86.01,3,148,78.22,0.63,31,0.04,Low,21.42
Bangalore,Karnataka,12.884125,77.646216,2023-04-01,56.99,26.8,32.85,3.27,34.1,164.84,4.06,46.14,4,57,58.17,1.06,19,0.1,Low,17.91
Nagpur,Maharashtra,21.221318,79.03642,2024-11-11,53.0,35.79,52.87,11.11,30.91,179.72,3.68,77.12,3,158,58.66,0.16,51,0.03,Low,34.62
Surat,Gujarat,21.139954,72.825194,2023-04-29,105.97,51.53,68.63,4.89,52.01,299.76,0.39,67.74,3,414,79.11,1.67,214,1.13,Medium,44.05
Nagpur,Maharashtra,21.073474,79.155124,2023-06-20,61.92,23.63,34.47,7.04,22.23,28.67,1.5,47.69,1,410,72.5,2.05,259,2.43,Medium,37.54
Chandigarh,Chandigarh,30.702775,76.794614,2024-01-15,55.47,43.65,49.32,3.88,14.51,13.93,0.84,66.07,3,219,92.47,0.73,27,0.08,Low,26.35
Amritsar,Punjab,31.653573,74.900283,2025-05-02,175.11,83.79,111.62,0.0,58.66,51.07,1.36,34.77,1,3196,84.75,2.11,703,6.8,Medium,53.63
Gwalior,Madhya Pradesh,26.306117,78.268407,2023-04-26,88.71,65.36,75.49,5.42,47.43,398.94,5.46,54.97,1,280,88.5,0.63,85,0.1,Low,21.3
Kanpur,Uttar Pradesh,26.373026,80.423947,2023-10-24,90.99,51.65,72.53,4.33,32.4,63.45,0.1,49.61,2,183,74.56,0.87,65,0.28,Medium,37.64
Dhanbad,Jharkhand,23.723064,86.52409,2024-10-12,154.13,90.65,133.89,2.68,53.95,146.44,1.27,40.49,4,4154,35.79,0.98,820,3.56,Medium,41.99
Allahabad,Uttar Pradesh,25.490019,81.852739,2024-03-22,132.07,41.74,49.35,20.0,57.8,103.47,0.73,52.88,3,3621,27.14,3.15,3385,40.48,High,61.96
Rajkot,Gujarat,22.363274,70.716662,2025-06-13,50.72,17.82,23.39,3.94,37.26,22.15,0.85,53.59,5,561,67.18,0.16,57,0.03,Low,31.94
Hubli,Karnataka,15.379628,75.072057,2025-07-28,108.55,70.01,102.7,8.58,40.13,66.71,2.81,68.5,3,319,65.54,1.52,181,0.79,Medium,48.57
Agra,Uttar Pradesh,27.248129,78.034792,2023-12-03,97.73,33.57,41.65,3.32,41.54,91.37,3.9,64.92,5,60,83.34,0.22,7,0.0,Low,26.89
Kalyan,Maharashtra,19.204105,73.123011,2025-07-03,29.75,9.81,13.53,8.51,30.6,27.39,4.83,44.31,2,11158,80.44,1.1,1936,9.81,Low,22.48
Ranchi,Jharkhand,23.256648,85.321886,2025-02-04,116.87,44.55,51.94,3.77,33.35,104.26,1.05,68.02,6,530,88.48,0.55,86,0.21,Low,28.21
Meerut,Uttar Pradesh,29.055562,77.701863,2023-11-14,63.21,34.62,50.99,3.12,15.49,107.85,2.23,56.78,1,8659,58.84,0.79,2142,2.27,Low,22.66
Jabalpur,Madhya Pradesh,23.255818,79.929064,2025-09-08,112.52,66.46,96.41,8.42,24.85,46.11,1.15,41.89,5,2992,69.54,1.32,1171,7.18,Medium,45.85
Solapur,Maharashtra,17.584744,75.835457,2023-06-11,197.23,80.9,97.69,5.06,50.24,227.1,0.82,56.43,7,1547,90.56,2.16,1153,6.32,High,55.26
Pune,Maharashtra,18.604916,73.956155,2025-03-03,19.04,13.85,16.3,4.75,17.19,50.98,2.16,52.82,4,30,85.48,0.23,7,0.0,Low,16.9
Agra,Uttar Pradesh,27.139092,78.064122,2024-01-23,98.57,62.39,68.99,10.58,31.49,81.88,0.03,39.21,2,2201,68.09,1.82,1453,10.54,Medium,48.93
Jodhpur,Rajasthan,26.146157,73.00821,2024-08-13,38.94,19.37,21.76,2.6,38.28,187.49,2.27,82.33,3,7730,87.5,0.68,524,1.54,Low,12.12
Bareilly,Uttar Pradesh,28.293058,75.310834,2024-05-04,50.59,16.17,21.35,3.29,14.32,203.93,1.9,76.06,6,562,78.6,0.32,64,0.03,Low,19.24
Mumbai,Maharashtra,19.017645,72.900155,2023-04-10,76.18,43.4,49.18,6.41,17.39,32.94,0.28,95.47,1,3496,71.4,1.26,1353,3.9,Medium,38.01
Bangalore,Karnataka,12.94331,77.613078,2024-07-04,78.53,50.33,65.5,4.31,52.65,91.92,5.62,37.31,1,4016,97.36,0.96,1174,4.01,Low,26.69
Agra,Uttar Pradesh,27.111607,78.071541,2023-01-31,37.69,14.49,21.26,3.63,31.49,63.33,0.46,33.31,1,550,35.11,1.02,94,0.36,Low,14.55
Howrah,West Bengal,22.676956,88.166059,2023-03-10,78.62,26.66,35.95,6.17,20.86,112.51,6.38,58.57,2,95,55.29,0.1,21,0.0,Low,19.07
Jaipur,Rajasthan,26.815874,75.775378,2025-01-03,70.06,38.24,44.19,5.04,48.9,141.49,2.4,80.11,3,56,69.8,0.49,7,0.01,Low,26.35
Guwahati,Assam,26.209333,91.65158,2024-04-07,30.11,19.02,22.1,8.84,25.2,66.8,0.88,60.26,4,6285,42.39,0.82,359,0.3,Low,30.3
Vadodara,Gujarat,22.296522,73.166561,2024-10-19,126.79,73.16,96.69,2.37,58.56,72.12,0.54,66.71,0,3875,87.46,1.2,2061,11.66,Medium,45.19
Pune,Maharashtra,18.452987,73.885716,2023-02-08,159.58,65.6,73.64,1.88,44.84,17.42,0.88,40.0,3,101,81.09,2.15,18,0.07,Medium,50.45
Kolkata,West Bengal,22.634673,88.430379,2024-02-09,127.59,81.67,110.32,2.08,62.25,174.78,3.76,35.54,3,775,55.37,1.3,128,0.62,Medium,40.35
Guwahati,Assam,26.066602,91.663916,2025-01-13,61.05,43.81,58.59,3.43,50.03,105.31,0.84,46.44,3,5964,63.02,0.26,2177,1.27,Low,28.65
Thiruvananthapuram,Kerala,8.587601,76.977113,2025-07-28,102.72,73.36,98.92,2.66,40.97,78.13,0.68,12.71,3,1030,83.74,2.01,360,0.79,Medium,37.89
Jodhpur,Rajasthan,26.206682,73.025121,2025-09-26,123.07,80.95,107.04,3.84,35.6,93.43,1.09,88.92,1,858,68.69,0.36,368,0.61,Low,32.92
Pune,Maharashtra,18.533484,73.878929,2023-04-02,98.54,74.33,107.89,6.02,29.11,86.98,0.76,76.59,3,50000,62.69,2.15,31044,321.34,Medium,35.61
Thiruvananthapuram,Kerala,8.425277,77.033151,2024-07-23,115.93,72.5,92.18,6.72,32.21,68.63,0.99,51.2,4,1390,50.03,2.06,263,1.93,Medium,46.6
Ranchi,Jharkhand,23.342813,85.302132,2025-07-09,67.88,36.12,52.93,1.53,39.86,313.92,0.66,59.72,3,17015,87.84,0.52,4514,3.13,Low,23.23
Rajkot,Gujarat,22.260216,70.738143,2023-03-02,79.8,56.79,73.83,1.83,30.62,251.85,1.23,41.05,3,902,80.89,0.85,159,0.37,Low,13.97
Visakhapatnam,Andhra Pradesh,17.595238,83.288542,2025-04-16,118.71,74.31,88.4,8.35,51.21,108.66,1.34,82.63,3,118,61.43,1.5,41,0.29,Medium,47.74
Vijayawada,Andhra Pradesh,16.410255,80.705338,2023-07-10,65.04,22.05,26.38,0.08,40.26,82.2,1.99,28.57,1,2785,70.27,0.53,387,0.63,Low,28.99
Hyderabad,Telangana,17.464843,78.520765,2023-11-24,98.15,32.0,36.53,4.64,39.86,74.08,3.75,86.93,3,615,89.51,0.43,174,0.34,Low,25.73
Chandigarh,Chandigarh,30.737649,76.680745,2023-06-28,69.38,22.0,26.62,2.46,21.77,102.58,0.02,62.37,4,3969,90.43,0.54,476,0.64,Low,27.56
Delhi,Delhi,28.670201,77.062728,2025-02-20,205.94,70.38,99.1,4.12,48.58,62.44,0.22,92.28,2,809,91.92,2.62,844,5.96,High,67.38
Aurangabad,Maharashtra,19.919065,75.359087,2024-01-02,27.44,8.95,12.81,7.75,30.95,101.81,0.86,89.98,4,6128,57.04,0.93,1126,1.5,Low,29.46
Faridabad,Haryana,28.436637,77.297265,2023-03-16,144.75,104.86,127.38,6.26,42.88,41.86,1.38,69.6,7,4672,80.05,1.07,1775,3.65,Medium,50.59
Dhanbad,Jharkhand,23.759446,86.378247,2025-08-20,93.26,46.04,59.04,6.48,30.83,83.27,0.65,43.97,3,1689,63.95,0.26,358,0.23,Low,30.42
Chandigarh,Chandigarh,30.70484,76.75146,2024-04-06,58.81,20.0,27.98,2.22,26.07,265.72,0.18,84.36,6,795,66.03,0.75,261,0.68,Low,19.08
Pune,Maharashtra,18.527778,73.945652,2025-07-19,48.52,36.85,46.23,3.72,44.39,116.08,4.28,50.42,3,3387,62.07,1.16,865,3.53,Low,5.69
Jaipur,Rajasthan,26.928799,75.793739,2023-10-25,47.01,32.6,38.93,2.56,10.85,272.91,1.47,28.5,3,461,66.69,0.4,114,0.06,Low,8.42
Bangalore,Karnataka,12.878286,77.59258,2023-03-07,53.38,18.62,26.8,3.12,21.93,42.1,5.03,83.04,2,788,42.93,0.28,217,0.1,Low,23.66
Hubli,Karnataka,15.403153,75.15861,2024-09-15,67.59,51.33,76.02,9.21,40.48,171.86,1.13,44.28,4,797,83.21,2.42,152,0.96,Medium,36.03
Kochi,Kerala,9.920286,76.290372,2025-06-27,46.86,32.38,36.22,3.7,44.95,10.14,1.55,82.45,1,10281,75.61,1.01,1331,6.08,Low,21.91
Bangalore,Karnataka,13.013996,77.509084,2025-03-24,67.25,28.92,39.39,1.7,39.37,59.18,0.32,80.01,4,18161,45.26,0.73,1649,2.75,Low,23.63
Kolkata,West Bengal,22.615935,88.297149,2025-08-24,83.31,60.27,76.8,8.07,57.14,63.33,0.03,67.49,1,634,37.14,2.27,213,0.85,Medium,40.38
Howrah,West Bengal,22.568302,88.358776,2025-03-01,80.52,25.19,28.28,1.71,23.08,130.13,0.22,59.93,4,2574,63.31,0.36,244,0.31,Low,28.14
Thiruvananthapuram,Kerala,8.437818,76.874317,2023-09-16,66.1,27.33,33.25,4.98,35.06,133.2,0.9,55.42,4,459,88.71,1.03,55,0.1,Low,25.34
Coimbatore,Tamil Nadu,11.082223,76.978419,2025-05-05,27.03,8.68,9.94,3.72,15.87,211.37,0.55,48.57,1,103,81.58,0.87,27,0.06,Low,7.86
Kolkata,West Bengal,22.580707,88.267178,2025-02-05,80.33,56.75,76.11,4.97,34.97,232.48,1.04,91.52,4,489,55.58,0.56,47,0.1,Low,25.67
Hyderabad,Telangana,17.42611,78.441666,2024-09-20,71.24,38.65,50.34,2.1,34.11,81.61,1.36,86.96,3,84,86.02,1.18,14,0.03,Low,19.76
Faridabad,Haryana,28.404942,77.389035,2023-01-23,50.72,37.45,48.27,2.26,29.42,18.9,1.05,70.62,1,15349,49.3,0.79,2558,9.27,Low,22.37
Varanasi,Uttar Pradesh,25.317539,82.945643,2025-04-01,75.16,50.83,73.16,4.38,38.8,99.23,1.19,71.66,2,77,82.87,1.09,11,0.04,Low,26.68
Gwalior,Madhya Pradesh,26.229156,78.147764,2024-08-24,17.0,8.13,11.33,2.25,41.2,142.34,3.18,34.64,5,301,72.87,0.8,49,0.13,Low,12.39
Agra,Uttar Pradesh,27.2614,78.020351,2024-07-01,94.14,67.97,84.23,1.76,33.71,90.74,0.47,75.74,2,457,41.77,0.37,110,0.16,Low,29.47
Faridabad,Haryana,28.341725,77.378049,2025-05-23,43.55,30.78,38.44,3.43,34.98,76.15,0.65,80.56,8,945,75.82,0.97,240,1.14,Low,16.31
Kochi,Kerala,9.906762,76.255232,2024-01-25,128.59,97.61,115.93,4.3,60.56,62.01,0.61,78.62,0,3045,65.47,2.47,3295,19.53,High,55.03
Kolkata,West Bengal,22.497535,88.301682,2024-07-20,98.47,41.62,57.19,5.66,28.69,193.4,0.49,49.33,2,1625,64.06,0.84,144,0.14,Low,27.01
Bareilly,Uttar Pradesh,28.417576,75.490999,2023-10-08,51.4,18.45,23.76,6.42,21.54,19.8,1.31,73.8,5,19752,70.61,0.67,1574,4.34,Low,28.87
Kanpur,Uttar Pradesh,26.538359,80.410573,2024-09-19,110.8,70.4,101.61,20.0,45.5,46.36,1.91,47.62,4,1511,77.82,3.64,1546,28.05,High,67.18
Indore,Madhya Pradesh,22.663325,75.918864,2024-12-11,104.44,54.86,73.15,2.26,37.72,108.29,0.38,69.75,5,3538,89.91,0.45,1070,0.86,Low,33.37
Gwalior,Madhya Pradesh,26.12562,78.168362,2024-05-05,70.2,21.67,26.46,1.62,52.84,13.27,2.36,47.07,3,932,55.27,0.13,78,0.01,Low,32.64
Indore,Madhya Pradesh,22.725072,75.880208,2024-11-19,178.85,130.28,186.52,2.2,43.91,121.31,2.02,20.17,2,3272,70.44,2.09,1861,12.39,Medium,45.44
Vadodara,Gujarat,22.338317,73.23273,2025-04-13,156.49,68.64,75.86,2.3,46.54,361.99,0.47,59.81,4,1011,67.89,2.01,261,2.49,Medium,43.74
Vijayawada,Andhra Pradesh,16.586687,80.638114,2024-10-31,32.92,9.9,12.85,8.88,8.86,229.54,1.57,93.4,5,1735,88.18,0.66,370,0.63,Low,23.19
Chennai,Tamil Nadu,13.182279,80.22868,2024-08-23,71.88,39.97,50.03,1.71,45.12,13.89,1.92,79.54,2,124,96.87,0.24,36,0.04,Low,33.9
Ahmedabad,Gujarat,23.10958,72.616197,2023-05-22,210.08,163.67,182.95,5.16,66.58,36.23,2.59,34.7,4,3000,62.04,3.95,960,14.49,High,72.56
Bareilly,Uttar Pradesh,28.293612,75.333433,2024-01-06,189.07,78.42,113.35,3.45,66.77,96.73,2.29,58.38,4,1222,65.54,1.09,354,0.68,Medium,46.74
Hyderabad,Telangana,17.340045,78.430404,2024-06-16,70.59,24.67,27.16,3.91,27.16,136.84,1.51,93.0,3,382,70.83,0.21,69,0.05,Low,16.15
Coimbatore,Tamil Nadu,11.067729,76.984848,2024-12-25,62.46,35.79,53.41,0.91,51.66,33.54,1.19,34.45,3,4572,87.9,0.22,924,0.82,Low,29.76
Hubli,Karnataka,15.345124,75.061244,2023-03-15,114.1,85.46,125.39,2.27,53.59,107.06,2.4,76.6,7,526,84.47,1.23,177,0.61,Medium,35.97
Nagpur,Maharashtra,21.223903,79.009139,2024-06-23,89.37,37.88,45.27,6.15,61.64,181.66,0.87,80.36,6,3691,56.52,2.2,2829,24.36,Medium,44.99
Jodhpur,Rajasthan,26.19655,73.025879,2023-01-28,61.75,41.91,54.97,8.58,40.47,60.6,8.24,40.81,1,50000,64.12,1.63,9473,53.97,Medium,37.13
Allahabad,Uttar Pradesh,25.512165,81.914187,2025-05-23,86.7,67.78,76.92,3.13,32.08,60.16,3.56,89.8,2,442,82.24,0.2,42,0.03,Low,20.44
Gwalior,Madhya Pradesh,26.221246,78.243905,2024-10-14,62.65,37.71,48.26,5.54,29.81,43.18,0.36,64.97,6,536,72.56,0.79,58,0.08,Low,31.37
Amritsar,Punjab,31.664228,74.856167,2025-06-23,92.31,44.91,51.91,0.33,37.76,77.86,7.6,62.07,2,78,66.94,1.02,13,0.07,Low,18.72
Surat,Gujarat,21.088433,72.786924,2024-11-14,71.07,43.76,55.18,10.77,43.82,38.57,2.36,58.72,6,1006,89.96,1.98,720,4.74,Medium,43.26
Vijayawada,Andhra Pradesh,16.41278,80.643091,2023-11-11,79.38,33.17,40.05,6.27,28.32,37.94,0.37,86.87,2,1473,49.77,1.4,662,1.6,Medium,39.49
Mumbai,Maharashtra,18.997741,72.915684,2025-04-05,93.14,56.67,83.59,5.39,47.34,181.43,2.83,50.84,0,1836,74.55,0.35,445,0.66,Low,29.91
Patna,Bihar,25.557981,85.058322,2025-04-24,145.1,66.26,92.66,3.85,47.4,33.4,2.4,33.6,1,100,86.08,1.45,48,0.15,Medium,37.21
Ranchi,Jharkhand,23.294174,85.213837,2024-08-28,126.13,38.52,53.14,6.63,55.15,82.27,4.48,42.0,4,2101,76.47,1.8,1270,2.51,Medium,42.83
Allahabad,Uttar Pradesh,25.504933,81.877682,2024-12-21,238.15,81.29,109.67,6.76,72.08,13.93,1.93,53.45,4,62,87.24,6.03,51,0.91,Critical,76.76
Delhi,Delhi,28.648969,77.132614,2024-08-04,20.51,14.94,21.11,2.69,12.47,81.57,2.36,60.51,0,33,75.0,0.22,4,0.0,Low,13.34
Srinagar,Jammu and Kashmir,34.044209,74.753375,2023-03-28,68.55,47.25,54.86,5.01,27.31,156.06,4.1,40.46,3,3557,66.79,0.86,293,0.67,Low,22.17
Gwalior,Madhya Pradesh,26.12934,78.136619,2024-07-22,40.73,14.18,19.41,6.57,35.02,29.89,3.05,55.77,2,2281,67.5,0.28,246,0.12,Low,22.47
Thiruvananthapuram,Kerala,8.523143,76.842986,2023-02-05,73.13,34.0,44.23,8.91,41.54,78.98,0.36,66.4,1,18692,84.58,1.63,3505,17.14,Medium,43.23
Srinagar,Jammu and Kashmir,34.077744,74.716516,2025-03-12,207.19,158.94,193.07,9.83,54.2,119.1,1.57,33.81,2,1257,64.32,2.38,1420,8.17,High,68.69
Patna,Bihar,25.667159,85.190025,2024-09-07,100.55,66.95,84.7,3.48,37.38,26.18,0.33,72.78,3,3121,71.95,2.36,1687,19.04,Medium,37.02
Varanasi,Uttar Pradesh,25.311555,83.045355,2025-03-07,146.65,59.89,75.69,3.36,54.89,237.54,2.59,50.82,3,41803,60.78,0.93,18232,33.65,Low,32.75
Hubli,Karnataka,15.412847,75.182178,2024-07-28,24.2,17.47,21.33,0.0,31.71,81.32,0.44,73.47,7,96,83.43,0.97,15,0.04,Low,21.26
Hubli,Karnataka,15.372019,75.10153,2024-11-24,37.21,23.63,29.06,0.0,23.26,32.86,0.75,53.06,4,862,69.75,1.16,226,0.83,Low,16.46
Patna,Bihar,25.637453,85.146479,2024-10-03,181.96,116.39,128.93,4.32,44.24,362.15,0.74,43.9,5,740,28.81,2.02,407,0.86,Medium,51.42
Nagpur,Maharashtra,21.108611,79.079493,2025-01-17,57.01,40.03,46.42,5.13,20.14,129.16,4.5,43.1,2,422,75.19,1.11,57,0.12,Low,18.88
Coimbatore,Tamil Nadu,10.975001,76.995632,2024-09-13,113.81,68.73,101.74,4.75,40.92,181.64,0.11,54.83,3,7057,91.86,2.05,3443,12.12,Medium,48.73
Jaipur,Rajasthan,26.815856,75.699146,2024-01-11,148.15,91.14,101.22,7.82,58.53,120.91,0.13,88.41,2,47,67.65,2.35,45,0.4,High,55.88
Lucknow,Uttar Pradesh,26.777616,80.847794,2025-08-24,160.37,95.77,113.59,4.5,47.59,46.2,4.33,57.12,3,428,77.57,2.23,348,1.56,Medium,50.8
Howrah,West Bengal,22.523051,88.236621,2023-06-11,42.41,26.93,38.38,1.96,35.06,193.5,2.45,78.98,4,82,90.3,0.8,7,0.02,Low,5.45
Kota,Rajasthan,25.241719,75.903247,2023-05-27,106.73,77.49,114.3,8.11,28.46,15.07,2.03,98.73,1,63,88.06,1.93,20,0.06,Medium,48.26
Varanasi,Uttar Pradesh,25.315904,82.985639,2023-06-10,70.7,50.53,62.05,1.17,35.03,118.3,0.37,76.09,8,198,25.79,0.39,45,0.03,Low,26.16
Solapur,Maharashtra,17.614465,75.989663,2024-11-16,154.85,105.01,156.65,3.55,40.09,26.48,0.1,84.11,3,464,45.75,3.44,153,1.46,High,55.34
Solapur,Maharashtra,17.670488,75.840296,2025-01-25,127.19,100.31,147.02,1.73,54.16,87.12,0.13,38.45,1,834,67.2,0.95,366,0.71,Medium,43.29
Kota,Rajasthan,25.217497,75.811395,2024-02-15,121.13,91.49,124.53,4.17,41.85,42.67,1.35,48.03,1,7485,51.29,2.28,5570,20.29,Medium,44.85
Guwahati,Assam,26.175009,91.675084,2023-08-31,51.7,22.81,27.77,6.06,21.66,105.63,2.07,66.17,1,104,70.41,0.22,30,0.01,Low,20.86
Surat,Gujarat,21.072906,72.840639,2024-09-25,111.79,66.91,99.41,2.14,27.83,290.93,0.16,93.7,3,3412,87.11,1.09,616,1.9,Low,30.3
Guwahati,Assam,26.239445,91.786023,2023-02-25,86.54,38.2,49.08,12.07,38.09,105.65,6.78,78.35,4,554,80.5,1.31,299,1.14,Medium,35.21
Agra,Uttar Pradesh,27.182909,78.034485,2024-06-10,52.53,23.09,31.44,5.52,24.66,221.45,5.59,84.51,2,5610,87.75,0.86,995,1.61,Low,20.13
Madurai,Tamil Nadu,9.940314,78.077197,2025-07-16,150.68,77.69,90.65,8.4,46.45,58.46,0.9,53.92,1,1845,56.1,2.63,1642,7.44,High,68.66
Pune,Maharashtra,18.533659,73.778446,2023-12-28,15.6,8.56,11.04,2.3,14.64,124.88,3.32,31.64,3,3860,89.44,0.44,637,0.98,Low,7.96
Kolkata,West Bengal,22.638832,88.29087,2023-07-30,47.96,24.15,32.53,3.82,8.92,75.67,2.34,78.92,4,32673,55.56,1.16,14738,84.33,Low,9.7
Indore,Madhya Pradesh,22.800269,75.761264,2023-01-22,48.3,34.81,45.19,2.78,14.95,88.74,0.17,35.82,7,55,83.09,0.49,13,0.01,Low,14.41
Meerut,Uttar Pradesh,29.043688,77.663121,2023-01-09,95.05,48.44,56.08,6.91,40.48,104.92,0.64,84.36,5,525,90.39,0.25,104,0.05,Low,32.92
Aurangabad,Maharashtra,19.902168,75.302525,2025-08-06,73.0,30.21,38.43,5.01,37.12,97.19,0.1,86.48,1,50000,73.24,0.78,15729,60.43,Low,29.68
Nagpur,Maharashtra,21.084304,79.149998,2023-11-14,65.31,21.32,24.2,3.88,23.27,72.71,1.06,68.06,1,45,88.94,0.62,16,0.01,Low,27.66
Kochi,Kerala,9.939672,76.247235,2023-09-17,141.24,60.24,66.78,4.29,48.87,56.75,3.77,51.36,5,2393,62.1,1.74,1756,8.58,Medium,43.55
Faridabad,Haryana,28.417205,77.379142,2024-05-07,95.6,63.15,91.91,5.01,24.27,68.93,0.44,55.15,3,971,67.85,0.44,299,0.5,Low,34.11
Varanasi,Uttar Pradesh,25.231646,83.059447,2023-02-16,97.65,32.01,43.81,7.08,48.58,64.7,0.93,59.36,6,180,80.76,2.12,85,0.3,Medium,41.01
Ranchi,Jharkhand,23.26702,85.35864,2023-01-08,77.46,54.57,69.94,3.64,30.76,112.35,0.77,43.87,3,5215,51.9,0.84,423,1.27,Low,20.44
Ahmedabad,Gujarat,23.096624,72.577598,2023-05-31,69.44,50.16,63.34,2.22,32.33,126.19,0.54,62.31,6,322,73.31,0.82,19,0.02,Low,22.73
Varanasi,Uttar Pradesh,25.349409,83.027884,2023-07-20,166.72,129.84,189.45,4.73,51.96,126.78,1.61,98.9,2,2604,83.86,2.29,714,2.99,Medium,48.13
Vadodara,Gujarat,22.357268,73.147665,2024-03-23,158.4,70.73,88.35,6.66,54.95,248.66,3.96,75.06,5,129,77.85,1.93,96,0.45,Medium,49.03
Lucknow,Uttar Pradesh,26.800585,81.024949,2024-10-26,60.02,32.84,37.17,2.99,39.69,42.07,7.34,90.21,4,782,71.79,0.79,109,0.19,Low,20.89
Ranchi,Jharkhand,23.390767,85.280856,2025-08-22,40.74,31.32,36.3,5.29,35.12,108.12,8.67,90.67,1,23179,77.63,1.0,5223,21.88,Low,10.82
Chennai,Tamil Nadu,13.060088,80.260051,2024-12-02,147.25,53.1,62.9,2.98,45.51,42.0,3.01,9.78,1,2008,86.07,1.35,977,2.89,Medium,35.04
Howrah,West Bengal,22.611584,88.342928,2023-11-19,78.19,23.87,35.58,4.31,36.87,87.17,5.57,44.27,8,264,92.99,0.97,11,0.04,Low,27.43
Bhopal,Madhya Pradesh,23.267655,77.342352,2024-09-26,50.29,38.74,53.28,2.61,14.65,46.84,0.08,90.23,5,10577,48.15,0.68,2102,2.52,Low,29.29
Mumbai,Maharashtra,19.097552,72.93156,2024-05-16,89.44,60.43,74.24,3.67,35.27,73.42,1.88,82.97,2,246,54.42,0.87,13,0.04,Low,24.26
Indore,Madhya Pradesh,22.722441,75.896787,2023-11-04,60.23,42.54,49.95,7.09,19.29,261.36,2.94,65.83,7,6847,89.79,0.47,2251,4.14,Low,24.92
Jabalpur,Madhya Pradesh,23.105064,79.957288,2025-03-20,126.35,84.45,104.03,4.83,47.69,177.26,1.59,30.46,1,32,73.7,1.57,15,0.07,Medium,44.22
Jaipur,Rajasthan,26.827313,75.879473,2023-12-31,120.7,36.89,46.6,4.41,51.44,191.58,1.3,94.86,2,4022,77.85,2.32,2863,8.55,Medium,45.77
Chandigarh,Chandigarh,30.71307,76.696852,2023-05-19,137.26,99.8,140.83,4.26,47.61,94.69,2.48,72.49,2,1962,76.93,1.43,1059,5.67,Medium,38.57
Kalyan,Maharashtra,19.318742,73.194483,2023-06-19,68.76,20.89,28.48,0.81,25.06,256.26,2.0,76.47,4,26635,76.74,0.95,3539,13.86,Low,16.97
Indore,Madhya Pradesh,22.718161,75.902778,2023-07-03,45.55,20.03,28.37,0.62,29.84,107.66,2.64,26.16,8,7332,81.28,0.34,1850,0.83,Low,6.62
Kanpur,Uttar Pradesh,26.438136,80.233957,2025-09-16,88.06,67.66,81.31,1.71,21.94,5.63,4.23,59.22,2,610,69.38,1.04,243,1.07,Low,23.66
Jaipur,Rajasthan,26.846423,75.783091,2025-02-16,117.88,74.29,99.7,1.2,36.58,28.16,0.64,97.0,3,184,82.4,0.88,160,0.58,Medium,42.15
Agra,Uttar Pradesh,27.147373,78.026379,2025-08-15,40.96,20.37,24.6,5.14,26.36,48.13,0.96,45.86,0,142,63.85,0.39,21,0.02,Low,21.55
Chennai,Tamil Nadu,13.061006,80.212255,2023-09-14,83.45,39.43,54.41,6.49,30.95,73.53,0.67,45.63,2,1972,41.73,0.42,742,0.68,Low,33.71
Mumbai,Maharashtra,19.032078,72.798038,2023-06-29,43.63,20.55,24.45,9.23,31.66,101.02,1.62,75.2,2,3679,93.76,0.93,799,3.15,Low,27.12
Aurangabad,Maharashtra,19.855186,75.441718,2025-03-20,32.83,17.77,21.51,4.73,35.11,142.87,5.1,62.03,2,7936,94.56,0.49,835,1.55,Low,13.06
Chandigarh,Chandigarh,30.69243,76.756484,2025-08-21,44.4,22.72,25.83,6.25,34.4,148.39,0.31,80.13,3,326,77.76,1.09,64,0.23,Low,22.3
Pune,Maharashtra,18.518407,73.888382,2024-06-28,60.29,33.75,46.04,4.69,41.97,47.74,2.84,65.8,1,1811,64.67,1.62,853,3.69,Medium,37.23
Lucknow,Uttar Pradesh,26.891153,80.907278,2024-10-02,133.4,73.45,89.35,15.26,61.57,156.3,0.82,48.99,1,3675,69.32,2.81,2231,21.97,High,71.2
Kota,Rajasthan,25.304204,75.89566,2025-08-16,126.53,62.24,92.43,3.65,50.6,58.04,0.14,70.82,4,5083,60.19,1.14,1924,4.21,Medium,38.3
Dhanbad,Jharkhand,23.819854,86.392388,2025-03-05,70.71,31.32,40.59,3.58,18.88,94.7,1.05,47.25,4,11156,85.54,0.74,2382,4.04,Low,22.91
Guwahati,Assam,26.104405,91.736555,2025-04-27,87.82,27.46,30.42,6.64,53.9,87.36,8.83,82.33,4,7929,56.81,0.63,2191,5.94,Low,32.71
Kalyan,Maharashtra,19.181465,73.12832,2025-04-27,17.99,7.08,9.26,13.13,31.9,73.68,1.37,66.96,0,3505,57.96,0.8,492,0.91,Low,31.72
Agra,Uttar Pradesh,27.163866,77.941773,2024-06-25,121.64,72.4,103.75,17.52,40.46,259.37,1.11,62.22,5,22375,86.49,2.4,6901,67.21,High,58.44
Guwahati,Assam,26.18842,91.762432,2024-04-12,46.57,27.95,38.58,7.99,43.13,87.85,0.55,30.42,5,10,46.4,0.8,1,0.0,Low,29.59
Varanasi,Uttar Pradesh,25.252454,82.984692,2024-02-16,89.96,51.34,68.93,3.36,39.56,80.02,0.08,33.3,6,1145,79.68,0.7,95,0.08,Low,31.58
Dhanbad,Jharkhand,23.798415,86.453884,2025-01-02,100.78,74.11,92.76,2.67,37.81,162.3,1.38,33.05,3,47,65.48,1.13,7,0.04,Low,28.5
Allahabad,Uttar Pradesh,25.453215,81.848341,2024-11-03,51.39,32.75,36.95,2.52,31.34,36.1,1.96,63.81,5,2734,89.87,0.92,227,0.43,Low,24.03
Ahmedabad,Gujarat,23.040914,72.57807,2023-03-27,65.49,23.4,29.06,8.17,43.42,81.69,3.0,92.87,2,356,62.39,1.08,86,0.2,Medium,39.73
Meerut,Uttar Pradesh,28.990476,77.805221,2023-09-27,30.03,13.27,17.35,5.48,25.88,78.06,0.74,39.01,2,295,92.93,1.03,96,0.19,Low,25.57
Ahmedabad,Gujarat,23.031364,72.558955,2024-10-17,89.87,63.2,77.49,1.76,48.48,145.73,0.79,35.39,0,293,79.06,0.2,45,0.03,Low,27.23
Mumbai,Maharashtra,19.004213,72.875711,2025-06-28,64.37,25.74,30.35,4.86,49.8,200.68,3.52,61.81,1,11077,65.14,0.7,1708,3.26,Low,28.27
Solapur,Maharashtra,17.600174,75.939264,2023-10-17,59.61,46.61,60.07,2.11,26.2,304.76,2.67,72.09,4,2199,40.85,0.67,722,1.1,Low,16.73
Kalyan,Maharashtra,19.240476,73.047287,2024-06-16,83.13,59.55,85.89,8.31,41.74,168.74,3.65,95.04,1,164,63.79,1.13,19,0.06,Low,34.67
Varanasi,Uttar Pradesh,25.237659,82.975594,2024-06-06,78.04,55.22,61.78,5.95,38.42,120.68,1.19,46.84,1,1622,68.29,0.77,98,0.23,Low,28.87
Surat,Gujarat,21.131806,72.734071,2023-10-22,158.23,62.1,89.13,9.14,51.69,79.88,0.83,70.04,3,1699,77.03,2.65,794,2.71,High,66.01
Vasai,Maharashtra,19.375529,72.791699,2023-10-17,52.61,20.32,26.75,0.2,38.23,35.3,0.58,51.02,2,173,57.86,0.27,43,0.02,Low,33.03
Guwahati,Assam,26.125878,91.700833,2024-08-05,170.38,105.3,138.04,8.81,64.81,39.74,1.81,47.93,3,5564,52.21,3.8,4607,60.04,High,65.99
Chennai,Tamil Nadu,13.144085,80.220618,2023-11-11,78.57,24.74,32.37,4.05,29.63,54.38,0.5,68.22,4,10129,77.18,0.13,1871,1.01,Low,29.74
Meerut,Uttar Pradesh,29.069312,77.696756,2024-04-13,115.03,59.72,74.03,9.76,47.08,16.78,4.5,30.66,6,202,59.59,2.14,70,0.6,Medium,44.81
Meerut,Uttar Pradesh,28.998646,77.63809,2023-07-13,122.82,45.0,59.89,10.08,56.42,54.6,4.59,68.32,2,246,75.73,2.24,54,0.42,Medium,52.19
Vadodara,Gujarat,22.244621,73.183839,2024-04-08,27.5,18.32,20.31,8.41,4.31,200.05,6.33,29.08,2,4429,82.3,0.74,502,0.4,Low,7.39
Guwahati,Assam,26.143488,91.815526,2023-06-26,23.81,17.07,19.63,3.54,36.3,39.4,7.98,71.86,5,1474,85.92,0.66,478,0.5,Low,5.12
Ahmedabad,Gujarat,22.989848,72.482348,2025-07-14,68.61,45.69,56.07,0.07,37.56,143.08,0.14,93.05,7,2016,96.15,0.14,467,0.26,Low,21.28
Gwalior,Madhya Pradesh,26.296722,78.224178,2025-07-04,35.54,26.03,33.82,7.61,24.74,42.28,1.35,26.72,2,5662,33.27,0.17,2317,1.94,Low,30.92
Coimbatore,Tamil Nadu,11.109723,76.964298,2023-09-12,84.05,59.1,87.09,0.0,35.0,105.08,4.17,30.08,3,523,93.5,0.81,84,0.12,Low,17.12
Kolkata,West Bengal,22.582722,88.331957,2024-07-11,76.27,29.2,35.73,3.56,39.53,147.77,0.0,30.01,0,1316,69.87,0.9,194,0.27,Low,20.09
Faridabad,Haryana,28.411792,77.38554,2023-06-15,90.3,52.84,77.12,5.54,50.12,142.87,2.24,82.3,3,228,68.21,1.07,41,0.11,Low,31.32
Visakhapatnam,Andhra Pradesh,17.74761,83.178924,2024-09-11,36.6,26.15,36.1,4.82,24.89,33.44,1.13,64.22,2,2950,89.19,0.55,817,1.32,Low,21.67
Guwahati,Assam,26.045735,91.797571,2023-06-16,69.21,52.26,75.21,10.08,21.98,53.87,0.3,34.94,3,1748,86.76,1.45,940,6.11,Medium,48.55
Kanpur,Uttar Pradesh,26.387932,80.234601,2024-05-01,205.52,150.72,205.69,2.08,63.67,307.26,1.1,85.7,5,5429,59.21,1.89,4392,39.79,Medium,54.18
Madurai,Tamil Nadu,9.856798,78.053828,2025-03-08,143.79,79.75,106.34,8.92,15.22,141.39,1.4,14.1,6,634,83.91,2.47,580,5.5,Medium,41.29
Chennai,Tamil Nadu,13.001731,80.211073,2023-03-28,19.16,10.33,13.24,1.81,7.43,108.44,1.9,43.9,3,1843,67.26,0.78,335,1.14,Low,14.97
Surat,Gujarat,21.12138,72.83861,2023-02-17,97.37,76.02,92.78,4.34,45.17,127.78,2.85,80.52,1,466,63.05,0.79,50,0.16,Low,30.2
Bhopal,Madhya Pradesh,23.332741,77.332145,2024-05-24,192.18,122.32,164.7,7.6,51.47,55.01,0.01,41.09,0,394,39.41,3.05,331,1.66,High,59.85
Nashik,Maharashtra,19.902897,73.740415,2023-09-22,182.04,133.68,177.11,3.54,55.58,135.92,1.13,77.75,5,2886,55.81,1.23,596,0.95,Medium,47.41
Kalyan,Maharashtra,19.330787,73.199711,2023-09-11,98.56,65.35,74.65,6.16,24.22,41.29,7.82,28.79,4,259,56.11,1.09,18,0.05,Low,28.4
Chennai,Tamil Nadu,13.1572,80.216907,2024-05-20,34.27,13.54,20.23,5.47,19.4,81.75,5.81,23.83,6,3302,25.28,0.38,215,0.36,Low,17.27
Allahabad,Uttar Pradesh,25.419071,81.824078,2023-06-09,89.41,38.43,48.63,5.63,42.1,139.77,3.09,69.04,4,284,71.93,0.99,50,0.22,Low,29.1
Ranchi,Jharkhand,23.334908,85.377089,2024-07-26,97.31,32.56,40.82,2.64,40.67,82.9,1.52,68.52,1,3756,52.22,0.84,847,1.43,Low,31.81
Kochi,Kerala,10.019348,76.349047,2025-09-22,56.83,37.09,54.31,2.03,24.49,33.33,1.09,65.64,1,1050,59.09,0.77,299,0.67,Low,25.04
Surat,Gujarat,21.070404,72.918149,2023-08-05,88.13,60.29,70.21,2.59,39.98,210.42,2.22,45.02,3,1317,70.12,0.77,399,0.68,Low,18.92
Kalyan,Maharashtra,19.212551,73.077754,2024-03-30,51.95,24.19,31.27,2.33,37.65,112.58,0.51,95.97,4,1492,71.96,0.84,435,1.76,Low,25.94
Chandigarh,Chandigarh,30.779821,76.679609,2023-11-20,50.36,17.57,20.45,0.75,33.52,89.14,0.64,65.26,3,22886,53.09,0.5,3898,3.23,Low,22.19
Nashik,Maharashtra,20.05194,73.755525,2023-10-31,107.85,72.24,88.02,1.21,45.18,24.47,2.76,77.92,3,609,91.35,0.9,350,0.85,Medium,37.64
Solapur,Maharashtra,17.602458,75.867124,2025-08-06,51.73,34.83,41.65,0.71,37.06,127.67,1.41,25.55,3,1677,67.64,0.35,210,0.25,Low,22.3
Dhanbad,Jharkhand,23.756835,86.500211,2023-09-24,158.2,72.87,96.56,11.13,43.91,167.43,0.49,32.74,5,1297,57.62,3.23,882,3.2,High,66.0
Meerut,Uttar Pradesh,28.913538,77.757615,2023-05-21,123.87,40.34,57.04,5.55,39.97,109.43,0.83,45.79,4,694,57.45,0.97,264,0.69,Medium,35.26
Hubli,Karnataka,15.435257,75.12017,2025-01-15,41.67,24.46,27.37,6.02,35.43,52.09,0.68,82.77,2,200,88.48,0.56,66,0.08,Low,22.36
Madurai,Tamil Nadu,9.880021,78.111086,2023-02-26,131.45,65.05,77.49,6.14,53.63,146.13,3.29,43.84,3,842,38.07,1.1,274,0.39,Medium,35.51
Bhopal,Madhya Pradesh,23.199532,77.326832,2023-10-12,80.72,33.6,47.39,7.67,27.33,36.21,0.42,77.72,1,4661,49.1,2.0,1811,13.13,Medium,41.22
Vijayawada,Andhra Pradesh,16.530095,80.559893,2023-11-02,93.61,51.38,60.56,9.33,34.64,47.11,0.17,51.99,4,13,59.45,1.52,6,0.04,Medium,44.11
Raipur,Chhattisgarh,21.240701,81.640171,2023-03-03,49.41,32.6,42.07,2.52,24.11,199.41,0.04,73.65,5,465,39.74,0.54,96,0.16,Low,16.89
Meerut,Uttar Pradesh,28.988429,77.727055,2023-07-07,55.5,30.6,35.88,3.99,47.84,74.66,0.21,60.18,3,3732,81.79,1.18,198,1.0,Low,29.33
Jabalpur,Madhya Pradesh,23.209752,79.902771,2023-03-17,138.34,51.24,67.08,3.99,54.71,107.31,0.35,22.36,5,1108,81.76,0.3,229,0.15,Low,34.3
Lucknow,Uttar Pradesh,26.917368,80.940452,2025-07-04,150.0,103.43,117.89,4.6,59.64,63.73,0.37,45.76,2,723,85.8,1.59,218,0.7,Medium,51.66
Pune,Maharashtra,18.484758,73.771322,2024-01-05,81.95,32.27,45.26,8.01,31.22,32.47,1.62,57.0,0,2442,85.38,2.39,395,1.73,Medium,42.34
Jaipur,Rajasthan,26.894269,75.775411,2023-01-17,111.12,39.58,57.06,3.37,35.86,65.26,1.49,53.89,4,138,75.11,0.29,8,0.01,Low,31.67
Patna,Bihar,25.641849,85.165003,2023-12-12,229.61,130.09,170.54,5.46,46.17,59.05,3.78,56.25,5,125,51.27,3.94,133,1.7,High,64.59
Agra,Uttar Pradesh,27.267838,77.93917,2025-03-07,108.58,52.35,69.3,7.07,53.85,58.71,2.47,71.72,7,630,72.28,1.17,128,0.21,Medium,50.82
Bareilly,Uttar Pradesh,28.287059,75.365754,2024-07-05,30.48,9.7,14.09,16.05,17.64,164.57,0.94,50.22,4,1535,91.01,0.7,290,0.21,Low,34.43
Lucknow,Uttar Pradesh,26.93135,80.896174,2024-01-11,163.35,55.52,71.67,6.86,48.81,144.42,1.48,67.47,4,344,85.05,2.38,57,0.36,Medium,50.73
Raipur,Chhattisgarh,21.308688,81.533078,2024-09-06,61.04,28.73,32.02,1.44,18.27,117.93,2.43,37.55,4,13291,82.64,0.9,2718,8.48,Low,14.87
Aurangabad,Maharashtra,19.961281,75.287863,2023-04-22,32.29,15.22,16.8,3.88,37.88,113.79,1.74,66.46,1,444,76.78,0.64,99,0.23,Low,13.82
Srinagar,Jammu and Kashmir,34.148874,74.7498,2023-12-30,28.65,22.4,29.86,1.98,16.6,124.63,2.37,66.9,3,3387,77.01,0.36,171,0.3,Low,11.34
Chandigarh,Chandigarh,30.66161,76.703929,2023-03-29,119.4,85.96,112.97,4.29,44.96,157.62,2.14,27.3,5,1655,99.04,2.09,413,1.54,Medium,39.46
Kolkata,West Bengal,22.584022,88.275311,2025-09-06,36.34,27.29,31.44,2.2,31.52,72.19,2.4,86.33,4,918,61.7,0.64,355,0.24,Low,10.84
Jabalpur,Madhya Pradesh,23.267248,79.912076,2024-12-08,90.53,49.51,55.7,8.21,38.42,160.38,3.79,81.53,3,2469,70.58,0.79,593,2.24,Low,34.51
Guwahati,Assam,26.137884,91.660676,2023-06-28,247.37,92.43,135.41,6.9,80.73,51.59,5.88,83.35,4,6571,90.5,3.21,3422,53.46,High,66.98
Pune,Maharashtra,18.55787,73.773009,2025-05-22,123.62,75.91,87.93,6.38,47.33,159.44,1.39,59.43,3,7169,91.34,1.22,4206,7.22,Medium,41.46
Jabalpur,Madhya Pradesh,23.201813,79.944535,2023-04-08,147.0,85.99,100.45,2.57,57.27,133.49,4.71,81.88,2,40665,58.84,0.93,4445,15.12,Low,29.21
Jodhpur,Rajasthan,26.225976,72.981707,2024-01-20,45.45,15.99,17.73,4.04,31.64,40.97,1.3,89.01,7,675,75.45,1.17,255,0.6,Low,21.75
Vijayawada,Andhra Pradesh,16.601347,80.707715,2023-11-23,176.35,139.8,194.28,3.39,50.65,20.11,0.09,91.4,3,17896,83.82,3.86,10728,134.12,High,57.82
Raipur,Chhattisgarh,21.213096,81.643066,2023-07-13,56.9,40.18,58.55,5.28,32.31,62.54,2.01,95.32,3,898,64.37,1.01,184,0.79,Low,25.56
Thiruvananthapuram,Kerala,8.616242,76.967798,2023-12-09,97.48,43.27,63.33,5.26,46.31,18.55,0.89,52.92,3,2577,85.08,1.43,688,3.82,Medium,43.72
Lucknow,Uttar Pradesh,26.764469,80.87283,2025-06-08,58.29,19.2,23.29,1.89,18.9,29.09,1.04,63.84,0,2965,69.02,1.02,206,0.93,Low,23.13
Kanpur,Uttar Pradesh,26.54011,80.357296,2024-01-17,73.8,50.01,65.03,6.63,24.93,128.59,2.12,52.14,2,1839,72.76,0.49,243,0.23,Low,22.19
Chandigarh,Chandigarh,30.823873,76.870123,2024-11-19,81.32,52.95,68.22,10.39,41.79,179.41,1.57,89.71,5,16378,57.46,0.88,6866,25.38,Medium,39.63
Kota,Rajasthan,25.282196,75.857502,2025-02-01,60.31,41.25,47.99,2.11,23.78,179.55,1.27,64.63,2,5,70.13,0.73,0,0.0,Low,19.9
Hyderabad,Telangana,17.439604,78.488038,2025-06-06,48.3,25.67,37.13,4.47,16.19,151.83,0.77,28.55,3,6687,66.02,0.35,726,0.67,Low,18.47
Kalyan,Maharashtra,19.22589,73.067986,2025-06-16,73.39,35.91,49.89,1.23,34.51,200.7,1.04,48.67,1,6,55.14,0.69,0,0.0,Low,19.67
Aurangabad,Maharashtra,19.933521,75.33283,2025-08-22,62.03,44.09,53.08,7.44,30.56,79.36,3.11,35.56,3,466,64.71,1.34,281,1.74,Medium,37.21
Nagpur,Maharashtra,21.178466,79.030984,2024-09-16,115.36,62.51,77.94,5.41,36.73,90.22,1.71,32.02,5,265,86.62,1.31,86,0.28,Medium,43.79
Delhi,Delhi,28.792762,77.080451,2025-04-07,211.33,64.25,75.98,3.97,59.56,126.23,3.11,54.26,5,141,77.22,2.13,31,0.17,Medium,53.67
Vadodara,Gujarat,22.241558,73.140274,2023-05-19,39.24,19.97,23.68,5.43,33.69,92.97,1.82,33.87,1,146,84.28,0.3,41,0.05,Low,18.53
Kochi,Kerala,10.01767,76.334755,2023-03-17,115.6,46.1,57.27,9.89,42.84,10.34,3.55,37.75,2,6234,61.0,2.0,3710,27.07,Medium,48.26
Raipur,Chhattisgarh,21.18429,81.568536,2024-03-01,73.5,39.96,46.77,0.0,53.02,17.49,5.29,66.04,2,2433,31.28,0.49,364,0.45,Low,22.36
Aurangabad,Maharashtra,19.876296,75.30078,2024-12-18,172.15,56.96,80.05,8.63,56.41,88.71,0.55,34.34,1,437,52.28,2.36,237,1.0,High,62.88
Nagpur,Maharashtra,21.054345,79.083092,2023-09-03,123.14,51.54,60.7,9.1,40.96,83.92,0.3,78.09,3,214,71.69,1.85,73,0.25,Medium,50.42
Vasai,Maharashtra,19.449209,72.78987,2025-07-31,67.66,38.92,46.65,0.0,34.76,104.51,0.0,62.95,2,474,84.89,1.02,146,0.41,Low,25.56
Dhanbad,Jharkhand,23.739568,86.458449,2025-04-20,94.54,65.03,82.86,3.59,50.83,312.97,3.59,57.87,0,7405,57.24,0.99,2050,8.87,Low,23.62
Varanasi,Uttar Pradesh,25.40484,82.942006,2024-05-06,59.65,25.48,29.28,3.54,36.68,303.53,1.82,55.66,2,1908,71.92,0.43,836,0.99,Low,12.13
Thiruvananthapuram,Kerala,8.485632,76.977869,2023-05-22,36.02,13.44,17.27,6.56,26.47,58.53,4.07,8.43,4,1776,93.72,0.38,741,0.8,Low,13.29
Vijayawada,Andhra Pradesh,16.584453,80.578893,2023-01-12,59.69,34.54,43.9,6.29,36.66,49.22,0.42,84.52,2,21970,59.37,2.17,11911,67.75,Medium,36.51
Vasai,Maharashtra,19.477799,72.842595,2023-12-21,37.98,19.78,26.35,5.47,47.98,12.99,0.18,44.89,5,1154,66.29,0.26,261,0.14,Low,26.06
Guwahati,Assam,26.128493,91.756999,2025-03-20,41.7,15.93,22.39,1.78,3.87,90.81,4.35,60.76,2,3782,82.12,1.04,892,2.39,Low,4.72
Jodhpur,Rajasthan,26.305687,72.946238,2024-10-06,41.02,31.97,40.07,2.64,27.89,14.28,0.02,79.11,4,39,69.31,0.46,13,0.01,Low,24.62
Chandigarh,Chandigarh,30.719014,76.747579,2024-08-12,25.65,20.03,25.84,5.45,15.26,70.55,2.84,92.14,1,135,81.89,0.11,10,0.0,Low,20.41
Delhi,Delhi,28.793374,77.115386,2024-11-23,53.44,38.81,53.57,4.2,35.9,95.66,1.79,20.36,1,22990,67.1,0.34,1908,3.05,Low,27.79
Solapur,Maharashtra,17.722427,75.93473,2024-05-06,99.75,50.26,69.59,8.5,61.97,81.9,3.76,61.69,2,37,70.64,2.42,5,0.04,Medium,43.56
Indore,Madhya Pradesh,22.772537,75.897897,2024-12-30,33.64,18.32,25.81,2.06,24.7,101.17,0.42,56.21,0,502,62.49,0.29,128,0.14,Low,11.6
Vadodara,Gujarat,22.333796,73.13884,2025-06-01,107.67,56.48,84.51,6.4,41.5,83.52,0.69,72.38,5,19914,86.38,0.92,9933,35.12,Medium,46.65
Dhanbad,Jharkhand,23.885452,86.456811,2023-05-26,186.33,87.44,127.6,3.68,57.86,77.35,4.01,19.92,0,1196,63.6,0.87,569,1.95,Medium,38.8
Jaipur,Rajasthan,26.86602,75.79244,2024-11-25,129.47,57.19,74.77,2.02,54.34,220.06,0.16,75.16,2,6214,93.09,0.81,3193,11.34,Medium,35.64
Patna,Bihar,25.520914,85.205343,2025-07-19,63.1,42.5,53.87,2.66,10.55,129.46,3.72,51.46,2,85,64.42,1.12,18,0.06,Low,20.88
Meerut,Uttar Pradesh,28.896331,77.630414,2024-04-01,180.55,141.07,181.05,9.13,63.87,77.7,1.0,33.33,4,130,95.68,2.24,143,0.37,High,66.05
Kota,Rajasthan,25.306601,75.776763,2025-08-14,196.01,88.13,124.81,2.96,51.61,270.91,0.18,81.52,5,6506,45.33,1.32,5035,26.05,Medium,40.11
Kolkata,West Bengal,22.642971,88.338961,2023-03-13,113.52,42.59,48.73,1.6,58.23,18.98,0.89,52.27,2,5676,58.88,2.3,606,5.09,Medium,45.17
Ranchi,Jharkhand,23.422776,85.317173,2023-12-16,30.43,11.84,17.68,3.71,17.35,90.61,3.2,69.03,3,3626,77.63,1.01,379,1.64,Low,14.15
Patna,Bihar,25.588057,85.162925,2023-04-18,156.79,78.45,106.67,6.19,37.33,241.3,0.28,72.88,1,224,78.38,2.07,215,2.19,Medium,43.61
Visakhapatnam,Andhra Pradesh,17.707784,83.290294,2023-06-24,73.92,26.65,34.76,6.5,46.49,74.68,7.78,60.64,5,280,67.35,0.22,76,0.03,Low,30.89
Raipur,Chhattisgarh,21.312913,81.544795,2024-11-22,62.94,45.58,65.23,6.52,45.88,275.39,2.51,79.74,1,19,45.82,1.07,1,0.0,Low,28.02
Patna,Bihar,25.566696,85.177675,2024-09-25,139.5,86.88,127.83,7.8,51.12,72.19,5.72,62.97,4,266,70.1,2.38,140,0.62,Medium,45.0
Ahmedabad,Gujarat,23.104604,72.617882,2024-02-09,53.13,30.0,40.6,9.64,49.43,54.18,1.19,43.25,0,1367,76.07,1.23,214,0.96,Medium,41.58
Bhopal,Madhya Pradesh,23.311321,77.43594,2025-06-05,226.07,168.67,237.8,7.45,67.23,102.2,2.7,78.77,5,523,68.99,3.73,348,4.2,High,70.28
Delhi,Delhi,28.785453,77.103687,2023-12-08,21.24,6.63,8.65,3.96,16.63,46.39,4.07,75.81,3,3365,80.36,1.06,428,2.12,Low,7.0
Mumbai,Maharashtra,19.032845,72.969138,2023-11-05,73.23,55.69,72.08,3.92,40.63,10.3,0.88,94.5,5,3097,62.89,2.43,1131,9.94,Medium,37.77
Faridabad,Haryana,28.368014,77.349627,2025-06-06,154.16,88.86,123.21,3.72,40.51,68.75,0.51,94.18,0,9169,86.0,1.6,6499,33.77,Medium,48.12
Howrah,West Bengal,22.545595,88.348147,2023-01-31,44.36,32.94,41.15,9.03,32.01,48.45,0.16,51.66,3,13,84.41,1.79,1,0.0,Medium,35.48
Mumbai,Maharashtra,18.997231,72.869736,2025-06-18,21.93,7.58,8.93,6.68,26.32,79.63,3.19,87.86,4,843,88.83,0.17,142,0.1,Low,13.06
Ranchi,Jharkhand,23.400874,85.279062,2023-04-23,121.02,49.41,63.15,10.35,39.89,73.94,1.43,76.18,3,26,97.57,1.44,7,0.04,Medium,53.27
Solapur,Maharashtra,17.743718,75.988709,2023-05-18,47.06,17.82,23.63,6.86,28.41,86.16,1.97,35.88,3,1716,64.23,1.17,306,1.02,Low,15.92
Solapur,Maharashtra,17.626293,75.999411,2025-07-27,107.09,32.72,43.05,5.72,20.81,17.65,2.34,63.57,3,571,95.23,2.24,105,0.53,Medium,44.28
Solapur,Maharashtra,17.62361,75.897456,2023-06-22,129.6,76.64,89.53,6.21,42.63,83.89,0.14,67.58,3,5504,59.22,1.32,2688,12.68,Medium,49.32
Thiruvananthapuram,Kerala,8.584498,76.89955,2024-04-25,105.01,76.86,97.62,5.62,33.48,121.5,0.95,87.3,4,108,63.72,1.32,53,0.09,Medium,36.43
Rajkot,Gujarat,22.340824,70.747656,2024-07-04,69.22,44.69,66.13,1.45,30.62,49.75,0.02,84.88,3,2124,87.74,1.06,231,0.57,Low,29.14
Kolkata,West Bengal,22.519921,88.401798,2023-11-09,37.63,18.87,24.6,3.35,32.61,56.37,1.25,54.55,1,50000,36.95,1.05,13345,36.52,Low,17.49
Howrah,West Bengal,22.655221,88.334689,2024-04-28,57.25,29.67,43.98,3.03,27.58,112.57,0.55,59.63,2,414,88.43,0.87,69,0.12,Low,28.88
Meerut,Uttar Pradesh,28.973767,77.638812,2023-08-25,105.97,61.26,81.34,4.41,46.41,108.85,2.75,54.15,5,107,88.85,1.1,47,0.2,Medium,39.08
Indore,Madhya Pradesh,22.714257,75.783325,2024-02-24,72.21,53.19,67.68,4.13,33.92,74.74,3.84,93.5,1,3940,86.32,0.27,458,0.22,Low,25.08
Ranchi,Jharkhand,23.251725,85.228338,2025-08-09,120.84,80.02,116.17,1.71,26.98,43.39,1.36,73.63,4,4987,54.19,0.47,1781,2.86,Low,33.76
Pune,Maharashtra,18.579214,73.879808,2024-08-14,148.39,104.03,146.78,13.56,57.62,298.54,5.67,57.2,3,611,58.09,1.68,259,0.85,Medium,38.2
Hubli,Karnataka,15.340469,75.181524,2023-04-03,157.12,112.91,133.27,2.79,40.71,48.07,4.21,69.3,1,4639,91.55,2.31,3385,15.0,Medium,46.93
Jaipur,Rajasthan,26.959549,75.831784,2025-04-03,149.1,55.32,66.14,7.04,51.64,31.76,0.74,33.57,1,50000,27.38,1.44,8033,23.39,Medium,54.87
Indore,Madhya Pradesh,22.797816,75.860782,2024-12-05,79.91,52.77,66.56,1.07,36.02,128.6,2.16,74.38,3,468,84.29,1.06,35,0.08,Low,18.51
Jaipur,Rajasthan,26.896396,75.762627,2024-05-07,75.01,59.61,73.99,3.75,40.32,107.74,0.2,79.99,3,5475,47.47,0.81,582,1.18,Low,33.13
Rajkot,Gujarat,22.253322,70.844794,2024-10-01,103.8,63.98,90.35,4.3,37.96,45.35,2.56,39.45,3,5571,61.32,1.27,3814,5.07,Medium,43.46
Dhanbad,Jharkhand,23.698845,86.446619,2025-07-31,47.38,17.95,21.93,2.48,23.93,37.57,0.24,89.29,0,8937,97.09,0.24,2190,2.44,Low,16.5
Thiruvananthapuram,Kerala,8.49489,76.917198,2024-01-13,32.56,13.37,15.72,6.08,33.76,58.52,1.16,56.81,1,264,50.54,0.51,79,0.07,Low,17.84
Kanpur,Uttar Pradesh,26.540657,80.321156,2024-03-14,49.74,32.6,42.72,3.74,14.17,84.22,8.82,75.61,4,2746,37.53,0.78,274,0.63,Low,5.7
Faridabad,Haryana,28.320351,77.239425,2024-06-17,23.6,15.51,18.95,5.06,21.3,39.83,2.55,61.4,4,25682,57.24,1.02,12235,34.42,Low,24.51
Kanpur,Uttar Pradesh,26.438055,80.423454,2025-08-20,332.9,124.47,143.15,5.24,98.02,49.37,1.16,63.09,6,2057,64.32,6.49,952,19.3,Critical,82.31
Mumbai,Maharashtra,19.173456,72.946637,2024-04-27,61.87,23.58,35.32,2.0,22.79,83.07,2.61,65.49,1,2174,59.59,1.05,263,0.82,Low,21.14
Kolkata,West Bengal,22.529448,88.304515,2024-08-18,126.83,41.8,50.81,1.85,53.63,167.46,1.88,85.08,4,21,84.8,0.69,1,0.0,Low,31.86
Delhi,Delhi,28.628039,77.165246,2023-11-17,88.17,51.65,58.33,7.1,65.69,79.45,1.05,49.78,2,1182,37.95,1.32,470,1.47,Medium,42.02
Jaipur,Rajasthan,26.998863,75.847016,2025-03-23,150.32,102.39,144.88,2.38,57.29,34.14,0.38,51.64,2,303,64.66,2.61,87,0.38,High,58.56
Faridabad,Haryana,28.465842,77.409053,2024-08-11,98.45,54.68,66.81,8.39,48.84,161.79,0.71,85.23,3,287,69.23,1.68,238,0.5,Medium,37.4
Kanpur,Uttar Pradesh,26.369609,80.341313,2025-06-30,17.47,9.22,12.38,1.09,23.52,71.46,1.74,16.16,3,1703,88.61,0.84,102,0.21,Low,11.8
Varanasi,Uttar Pradesh,25.228642,82.897245,2024-01-13,87.49,37.62,51.09,7.55,43.05,79.19,1.54,88.04,3,1407,80.89,1.07,301,0.52,Medium,37.81
Agra,Uttar Pradesh,27.20238,78.053953,2024-04-30,160.77,65.51,87.87,3.18,53.53,50.44,2.64,60.93,1,2394,67.03,2.17,1492,10.09,Medium,46.89
Mumbai,Maharashtra,19.070135,72.930019,2024-06-18,74.59,37.18,50.31,5.22,36.53,29.67,4.67,72.16,1,23500,78.39,0.96,3928,13.42,Low,29.29
Jaipur,Rajasthan,26.815765,75.779219,2024-03-12,157.59,81.12,101.49,3.87,39.42,54.71,0.38,62.61,1,1325,64.75,1.87,604,2.49,Medium,50.23
Visakhapatnam,Andhra Pradesh,17.609471,83.12826,2024-07-22,61.21,33.65,44.03,5.06,33.22,101.09,1.55,73.16,3,119,79.25,0.71,29,0.1,Low,30.31
Hubli,Karnataka,15.447693,75.179489,2024-10-19,139.65,102.21,118.19,5.07,53.06,60.97,3.63,37.32,2,359,80.31,1.01,113,0.13,Medium,38.18
Vijayawada,Andhra Pradesh,16.410713,80.702832,2025-09-25,54.14,30.53,39.4,3.27,18.4,31.05,10.0,53.62,2,93,63.67,0.6,15,0.02,Low,24.63
Lucknow,Uttar Pradesh,26.931978,81.040709,2025-05-31,151.87,57.14,73.99,7.01,50.65,186.35,2.05,62.94,4,11032,92.26,2.13,10641,71.89,High,58.04
Chennai,Tamil Nadu,13.170368,80.25595,2024-08-27,120.63,54.35,67.47,4.17,36.12,19.79,0.75,35.53,2,2772,73.54,1.37,1486,2.4,Medium,45.25
Kolkata,West Bengal,22.49573,88.408134,2023-02-17,141.14,46.94,59.25,1.56,47.42,97.67,2.12,67.15,1,2458,58.32,2.37,1350,5.56,Medium,40.11
Srinagar,Jammu and Kashmir,34.005625,74.752374,2025-07-31,57.44,42.61,48.96,12.39,28.91,71.0,2.55,19.01,3,5769,85.9,1.19,2388,12.66,Medium,40.36
Thiruvananthapuram,Kerala,8.560045,77.027222,2024-08-28,117.22,76.28,105.7,6.59,58.7,211.81,2.17,89.52,1,4589,51.17,2.11,1815,9.87,Medium,38.29
Srinagar,Jammu and Kashmir,34.006582,74.865821,2025-08-10,86.9,66.73,78.7,3.3,34.45,115.52,1.15,79.66,6,50000,64.08,0.56,5797,11.1,Low,20.22
Solapur,Maharashtra,17.732486,75.98846,2025-04-16,202.4,154.67,225.13,3.18,75.25,47.58,0.59,69.65,0,1820,87.78,2.98,2313,21.82,High,66.9
Varanasi,Uttar Pradesh,25.242998,82.896776,2024-02-15,80.41,61.78,80.95,2.51,42.62,82.21,0.15,67.72,5,6421,35.68,0.54,723,1.24,Low,28.16
Delhi,Delhi,28.750078,77.169885,2023-05-08,72.84,23.84,33.56,3.56,30.69,98.21,0.87,64.31,3,102,68.7,0.81,22,0.04,Low,30.68
Srinagar,Jammu and Kashmir,34.029399,74.778754,2024-05-20,78.76,38.64,54.75,4.17,44.24,113.22,0.08,39.17,3,7535,19.16,1.13,2607,13.48,Low,33.97
Visakhapatnam,Andhra Pradesh,17.747288,83.157139,2023-04-28,23.47,10.46,13.45,4.43,26.95,95.17,1.19,71.38,2,3206,64.78,0.69,427,1.44,Low,18.2
Patna,Bihar,25.504156,85.096482,2024-04-23,101.23,65.39,80.34,2.56,42.37,36.94,4.16,49.04,5,9461,70.28,1.28,4269,15.56,Medium,39.89
Ahmedabad,Gujarat,23.02052,72.505257,2024-07-13,26.34,18.36,23.06,4.35,37.01,94.03,1.6,64.11,5,3271,85.26,0.11,525,0.21,Low,23.08
Bangalore,Karnataka,12.987615,77.575015,2023-05-08,151.88,77.15,87.29,4.4,48.61,98.74,1.79,40.88,3,50000,85.38,2.07,42652,196.09,High,56.31
Guwahati,Assam,26.135496,91.734455,2023-09-04,132.41,44.19,59.77,4.39,55.47,96.72,2.0,57.69,1,38,74.2,1.97,5,0.04,Medium,50.0
Vasai,Maharashtra,19.523284,72.764227,2024-03-19,59.41,34.72,41.01,1.83,35.86,69.42,2.5,50.87,3,26294,75.16,0.72,3356,10.65,Low,20.64
Kochi,Kerala,10.016683,76.258572,2024-08-10,178.92,53.96,63.05,7.36,40.19,18.6,0.57,35.31,4,4115,51.55,3.16,3670,50.05,High,63.66
Rajkot,Gujarat,22.332508,70.749268,2023-10-11,105.06,78.58,98.48,1.08,54.24,35.29,2.19,44.66,6,1676,89.1,2.11,433,3.59,Medium,40.57
Meerut,Uttar Pradesh,28.964685,77.791463,2023-11-02,79.85,33.82,47.4,7.23,28.03,185.14,0.16,54.69,2,14130,57.38,2.41,4498,19.63,Medium,35.97
Rajkot,Gujarat,22.282703,70.761011,2023-01-09,65.0,30.25,43.84,0.75,29.94,138.49,1.16,50.88,1,564,45.16,0.96,145,0.15,Low,20.52
Kochi,Kerala,10.009492,76.281351,2024-05-28,163.57,55.33,69.14,6.64,54.55,135.49,1.12,92.88,1,922,55.64,1.68,355,2.71,Medium,51.87
Coimbatore,Tamil Nadu,11.005477,76.940274,2024-10-05,131.69,104.96,138.38,11.84,27.24,159.3,1.67,82.11,6,317,72.64,1.32,58,0.37,Medium,48.63
Amritsar,Punjab,31.592845,74.908061,2025-09-01,76.19,56.74,73.3,5.23,32.04,151.5,2.62,76.2,1,15129,78.05,0.61,3170,2.98,Low,26.54
Raipur,Chhattisgarh,21.158076,81.685898,2023-05-20,202.24,92.91,128.33,4.6,71.5,81.93,2.37,49.37,4,3968,52.59,3.86,3898,42.97,High,68.73
Gwalior,Madhya Pradesh,26.243151,78.176209,2023-04-20,25.84,19.68,25.33,9.47,11.49,80.41,1.7,52.23,4,9674,91.54,0.34,790,0.81,Low,25.25
Srinagar,Jammu and Kashmir,33.992535,74.764708,2024-09-20,67.32,49.68,59.88,6.16,36.53,79.29,0.2,58.67,2,2624,68.9,0.4,921,0.42,Low,30.32
Lucknow,Uttar Pradesh,26.782881,80.911894,2023-12-23,97.13,53.45,78.85,4.56,53.99,40.67,0.77,70.18,5,159,74.96,1.6,77,0.57,Medium,40.86
Rajkot,Gujarat,22.23091,70.708073,2023-07-24,99.77,60.51,86.72,5.39,28.44,145.8,0.82,84.61,5,15076,62.78,1.18,2097,2.51,Low,32.45
Delhi,Delhi,28.76934,77.009215,2023-07-28,99.7,56.22,72.45,5.66,41.91,63.77,7.76,34.58,6,77,84.79,0.4,25,0.02,Low,26.58
Visakhapatnam,Andhra Pradesh,17.697429,83.179927,2023-05-04,111.58,88.42,129.83,11.84,58.81,39.76,0.9,43.86,4,461,81.5,3.37,400,1.64,High,62.98
Patna,Bihar,25.532271,85.046411,2025-09-03,192.23,85.02,119.84,1.81,62.99,125.59,0.19,35.48,4,2576,75.38,3.86,1563,27.39,High,55.06
Aurangabad,Maharashtra,19.953207,75.249046,2024-10-23,27.32,11.58,13.19,2.18,17.56,84.52,0.4,81.36,2,101,68.3,0.75,11,0.03,Low,16.64
Kanpur,Uttar Pradesh,26.402393,80.279718,2023-05-14,54.33,39.18,43.38,0.2,31.82,39.45,0.38,51.41,4,82,83.55,0.6,20,0.02,Low,29.75
Howrah,West Bengal,22.60702,88.225984,2025-01-11,113.21,61.18,68.34,8.1,46.34,42.68,2.31,77.94,2,29,75.37,2.23,21,0.1,Medium,49.36
Kochi,Kerala,9.950915,76.362656,2024-04-18,23.79,9.38,10.96,1.26,32.08,16.21,0.01,78.88,4,5,92.29,0.51,0,0.0,Low,18.67
Raipur,Chhattisgarh,21.183406,81.552387,2024-12-15,97.95,72.25,102.84,1.34,26.17,188.71,1.5,67.7,4,3899,72.15,0.55,603,1.55,Low,25.6
Jabalpur,Madhya Pradesh,23.207443,79.931402,2025-01-02,162.48,79.89,116.47,5.37,40.38,40.42,2.68,57.98,0,160,88.36,2.36,20,0.08,Medium,50.68
Indore,Madhya Pradesh,22.73089,75.904985,2023-05-05,180.77,73.13,103.74,2.93,58.3,40.21,1.64,66.33,0,2548,79.03,1.62,1856,11.43,Medium,50.97
Aurangabad,Maharashtra,19.814757,75.431898,2025-05-14,70.27,49.11,64.77,5.12,22.9,58.04,4.51,88.8,3,117,82.05,0.18,35,0.02,Low,18.36
Chennai,Tamil Nadu,13.028999,80.286579,2024-05-06,138.72,74.43,93.91,7.51,50.58,56.56,2.28,86.01,4,1962,44.78,2.47,409,1.33,Medium,43.75
Jodhpur,Rajasthan,26.165799,72.950786,2023-12-25,64.87,30.76,37.83,3.69,33.46,29.76,1.2,73.17,2,236,82.26,0.93,34,0.11,Low,31.72
Amritsar,Punjab,31.598126,74.821885,2023-10-08,62.16,45.44,57.62,1.76,39.72,81.9,3.37,31.66,1,419,75.42,0.73,56,0.09,Low,18.96
Coimbatore,Tamil Nadu,10.958992,76.950088,2024-02-15,47.98,31.29,36.16,6.4,11.75,59.17,0.14,19.66,3,1030,56.95,0.39,239,0.19,Low,23.64
Madurai,Tamil Nadu,9.937747,78.02256,2024-07-02,91.64,30.27,44.16,3.9,29.49,173.67,2.92,37.78,4,1955,88.81,0.89,271,0.25,Low,14.74
Kochi,Kerala,10.023401,76.191978,2025-06-02,29.41,23.25,31.37,7.04,37.21,26.88,5.01,41.08,2,158,92.91,0.9,28,0.04,Low,26.63
Jaipur,Rajasthan,26.875393,75.719456,2024-03-31,101.91,71.55,85.03,5.6,45.91,77.37,3.09,78.81,3,1916,43.46,1.6,344,2.29,Medium,40.11
Hubli,Karnataka,15.424509,75.12627,2025-02-28,22.81,9.7,11.1,7.83,31.99,216.23,1.64,45.0,5,17,81.19,0.19,0,0.0,Low,21.75
Lucknow,Uttar Pradesh,26.79942,80.985498,2025-02-11,56.15,41.14,50.85,7.78,28.33,41.04,1.87,37.57,3,4731,36.4,0.89,817,2.33,Medium,37.14
Amritsar,Punjab,31.552537,74.935682,2025-08-02,106.26,70.09,82.07,0.63,47.71,19.42,0.95,87.89,3,4621,64.26,1.15,2409,13.29,Medium,41.68
Bareilly,Uttar Pradesh,28.462048,75.483053,2025-04-27,69.83,25.16,29.8,2.18,24.71,78.75,0.34,77.83,2,5403,76.28,1.1,743,3.69,Low,24.14
Amritsar,Punjab,31.635233,74.953116,2024-05-23,77.06,35.98,49.15,5.62,29.86,128.86,1.38,67.72,2,1705,80.02,0.69,361,0.55,Low,29.64
Srinagar,Jammu and Kashmir,34.176444,74.807408,2025-01-07,50.97,25.21,29.81,7.11,39.78,131.27,0.01,56.67,3,360,29.47,1.93,133,0.75,Medium,40.99
Coimbatore,Tamil Nadu,10.980838,76.928059,2023-07-12,68.97,36.01,39.69,3.12,41.42,168.97,0.23,78.21,2,72,84.95,0.51,11,0.01,Low,30.97
Hyderabad,Telangana,17.421013,78.463478,2025-03-20,60.42,24.59,34.9,5.39,27.06,51.63,0.22,62.47,3,564,67.18,0.79,77,0.3,Low,28.81
Rajkot,Gujarat,22.211902,70.72991,2024-08-15,167.22,64.52,84.05,2.37,35.42,21.76,0.11,74.56,3,15138,83.09,1.45,3133,16.08,Medium,53.78
Gwalior,Madhya Pradesh,26.184119,78.178259,2024-04-15,110.25,73.22,101.37,3.17,26.24,85.94,3.48,17.53,1,5781,52.97,1.96,2499,7.98,Medium,35.41
Hyderabad,Telangana,17.28948,78.524848,2024-10-26,35.64,16.14,22.13,1.99,24.6,278.61,1.55,71.31,5,307,76.12,1.17,92,0.42,Low,8.76
Meerut,Uttar Pradesh,29.011432,77.785094,2025-04-11,135.48,42.75,52.83,2.73,53.25,72.25,1.41,34.45,0,1583,74.98,1.77,659,2.68,Medium,43.68
Nashik,Maharashtra,19.990173,73.851873,2023-06-06,36.05,21.97,29.06,1.26,29.9,177.54,1.48,41.23,4,119,67.17,0.49,46,0.06,Low,7.88
Rajkot,Gujarat,22.27626,70.868236,2025-06-13,123.44,44.64,49.42,4.13,63.5,109.71,0.45,47.75,2,115,52.44,1.29,59,0.37,Medium,45.22
Agra,Uttar Pradesh,27.244307,77.941268,2023-10-12,83.42,39.28,56.68,2.81,29.94,47.81,1.25,89.38,2,233,51.14,0.28,74,0.04,Low,30.28
Lucknow,Uttar Pradesh,26.901276,80.894877,2025-03-06,144.7,95.1,127.91,5.89,53.48,40.62,0.91,88.68,5,50000,85.25,2.24,38233,394.18,Medium,48.28
Vadodara,Gujarat,22.207789,73.253837,2023-07-20,116.53,87.74,114.04,4.21,54.18,55.05,0.48,59.14,2,3112,67.71,1.9,1979,9.6,Medium,45.84
Visakhapatnam,Andhra Pradesh,17.705763,83.164601,2025-02-18,70.56,51.09,57.25,2.57,45.03,124.05,3.59,84.88,2,1587,92.06,0.69,423,0.82,Low,23.13
Gwalior,Madhya Pradesh,26.256203,78.233,2024-04-12,141.54,70.08,80.9,2.17,50.92,53.2,5.7,73.3,2,18955,56.03,0.85,6141,6.16,Low,34.19
Delhi,Delhi,28.625001,77.121843,2025-07-13,95.08,30.12,41.54,3.63,40.44,33.97,0.92,89.36,4,619,61.63,0.73,125,0.37,Low,32.4
Kota,Rajasthan,25.183985,75.853297,2024-08-02,60.41,43.21,49.14,5.87,43.18,6.53,0.74,38.93,3,745,89.22,1.06,408,1.96,Medium,45.5
Dhanbad,Jharkhand,23.75263,86.39914,2025-08-09,97.67,40.53,57.18,1.49,38.46,169.66,0.78,35.05,3,254,56.64,1.02,53,0.15,Low,28.49
Meerut,Uttar Pradesh,28.985134,77.773749,2023-09-28,47.22,32.44,46.02,4.64,47.61,109.82,1.64,70.45,2,43,61.96,0.28,5,0.01,Low,23.92
Meerut,Uttar Pradesh,29.084116,77.678326,2025-04-27,120.17,47.47,61.36,2.45,53.51,154.46,2.59,42.33,1,822,64.49,0.25,105,0.11,Low,31.47
Kalyan,Maharashtra,19.266159,73.042198,2025-09-13,107.18,58.29,70.57,1.69,36.31,224.77,2.18,34.64,5,35,55.73,0.24,4,0.0,Low,21.93
Surat,Gujarat,21.23955,72.777493,2024-03-12,120.44,83.25,96.92,3.11,52.8,127.67,0.56,71.96,2,9770,79.06,2.27,1745,11.93,Medium,38.69
Meerut,Uttar Pradesh,28.940357,77.624455,2023-12-24,115.9,37.4,47.98,11.34,23.12,116.61,0.26,55.63,5,69,59.1,2.15,17,0.08,Medium,47.54
Nagpur,Maharashtra,21.113602,78.998551,2025-07-19,219.62,153.11,201.74,6.07,58.9,63.55,2.16,66.58,4,141,91.55,2.66,84,0.97,High,61.33
Nashik,Maharashtra,19.921748,73.724071,2024-06-02,213.75,122.42,179.37,8.06,79.97,38.54,5.3,38.35,5,568,94.77,4.15,997,10.73,Critical,76.65
Mumbai,Maharashtra,19.102887,72.893278,2024-05-20,104.54,82.45,114.54,2.76,44.84,66.9,2.6,52.12,3,520,83.84,1.18,109,0.63,Low,32.53
Dhanbad,Jharkhand,23.699279,86.362999,2025-01-16,265.33,202.22,293.89,6.38,80.86,76.74,0.43,40.72,9,437,61.09,2.37,334,1.7,High,74.44
Thiruvananthapuram,Kerala,8.485641,76.898965,2024-06-16,31.22,13.42,16.77,4.07,29.14,217.61,3.25,62.13,1,154,89.1,0.93,42,0.19,Low,12.11
Gwalior,Madhya Pradesh,26.28619,78.244627,2025-06-04,118.23,45.14,50.77,2.12,45.85,18.7,1.17,41.89,5,275,93.0,1.64,80,0.34,Medium,42.56
Guwahati,Assam,26.119264,91.651603,2023-01-20,111.24,34.89,51.48,4.48,51.54,147.61,1.35,71.6,6,2130,92.88,1.73,1650,9.83,Medium,42.9
Bhopal,Madhya Pradesh,23.215611,77.477393,2024-04-04,181.43,128.68,189.14,5.48,44.56,106.55,2.07,31.54,4,2816,99.16,2.23,917,5.2,Medium,44.69
Vijayawada,Andhra Pradesh,16.436486,80.555302,2024-10-14,89.52,36.71,53.55,6.84,35.13,47.95,4.95,83.57,2,50000,72.73,1.04,4210,21.84,Low,27.54
Indore,Madhya Pradesh,22.646177,75.906299,2023-11-11,111.24,55.06,61.38,1.15,46.42,66.45,0.51,41.14,2,882,66.03,1.03,224,0.25,Medium,45.42
Gwalior,Madhya Pradesh,26.192353,78.10299,2023-05-19,90.95,30.27,41.26,7.63,24.41,145.34,1.02,49.33,3,364,96.84,1.17,47,0.06,Low,31.44
Kalyan,Maharashtra,19.303198,73.222742,2025-06-02,83.16,55.36,70.27,5.86,27.87,55.89,0.92,53.35,1,362,56.78,0.17,76,0.03,Low,32.3
Guwahati,Assam,26.203062,91.699177,2024-03-15,56.42,34.24,40.75,4.08,27.75,46.61,0.42,75.31,3,395,81.16,1.55,167,0.41,Medium,38.72
Howrah,West Bengal,22.531784,88.253769,2025-02-22,87.57,64.84,77.35,4.22,36.02,261.99,0.37,96.3,1,74,38.95,1.11,17,0.02,Low,27.13
Solapur,Maharashtra,17.640013,75.916583,2024-01-29,53.99,35.6,43.82,1.13,29.71,17.6,1.27,93.78,3,908,84.46,0.5,416,0.42,Low,24.04
Kalyan,Maharashtra,19.155081,73.224158,2024-06-07,111.58,51.63,70.53,3.81,36.9,251.9,0.35,65.4,3,1160,72.93,0.4,312,0.55,Low,25.39
Gwalior,Madhya Pradesh,26.309017,78.094792,2024-02-17,131.23,100.87,130.17,5.94,48.02,7.15,3.26,64.25,5,1525,87.48,1.86,673,1.7,Medium,45.57
Patna,Bihar,25.66693,85.125152,2024-12-19,48.71,28.32,31.65,3.5,35.39,307.63,2.49,79.39,4,13651,72.5,0.34,5214,5.16,Low,0.11
Jodhpur,Rajasthan,26.20258,73.10734,2025-07-22,52.68,28.03,35.95,2.84,40.41,55.09,3.83,69.22,6,304,77.82,0.98,24,0.1,Low,25.95
Ahmedabad,Gujarat,23.027687,72.630832,2025-03-12,112.42,66.06,88.3,3.01,43.33,65.59,0.95,62.29,4,5110,81.54,2.44,1190,11.02,Medium,37.25
Jabalpur,Madhya Pradesh,23.164864,79.992296,2023-10-26,137.58,78.65,116.57,5.24,56.22,279.2,0.73,60.7,0,4616,32.27,2.32,2663,20.95,Medium,37.84
Faridabad,Haryana,28.355721,77.402491,2023-01-30,37.29,21.69,29.47,11.8,40.93,97.4,0.59,54.18,4,7299,80.05,2.16,2345,20.35,Medium,44.99
Gwalior,Madhya Pradesh,26.222848,78.2675,2024-08-14,101.69,78.01,89.33,7.53,45.1,7.55,0.23,75.44,3,2775,53.33,3.09,2598,36.98,High,59.34
Jaipur,Rajasthan,26.919372,75.783611,2024-08-04,44.23,25.86,28.63,6.49,21.85,50.48,0.38,62.0,3,7764,73.46,0.67,856,0.66,Low,20.35
Rajkot,Gujarat,22.278459,70.822387,2024-05-02,144.02,89.65,114.72,11.4,50.7,81.7,5.0,75.51,3,206,77.67,2.21,130,0.99,Medium,51.56
Vasai,Maharashtra,19.428842,72.823839,2024-11-13,207.73,69.48,103.27,6.54,68.85,186.66,0.03,49.53,2,782,67.53,3.83,649,11.38,High,70.79
Nashik,Maharashtra,20.007368,73.737336,2024-07-27,13.38,4.5,6.27,5.09,6.69,127.05,2.41,93.97,0,1907,93.68,0.46,643,1.06,Low,10.33
Nagpur,Maharashtra,21.232116,79.13226,2023-03-15,130.24,49.6,64.67,4.76,28.93,124.92,2.3,66.44,6,60,77.73,0.92,5,0.01,Low,32.81
Nagpur,Maharashtra,21.146343,78.99534,2023-10-08,71.08,54.5,61.43,7.52,31.66,177.95,2.61,43.7,1,4414,70.96,1.01,1113,3.77,Low,27.22
Mumbai,Maharashtra,19.102141,72.807832,2024-05-13,49.54,33.4,37.44,3.02,33.32,74.46,1.28,84.37,3,322,89.51,0.32,79,0.11,Low,13.43
Madurai,Tamil Nadu,9.85634,78.21173,2024-06-12,69.83,30.32,40.41,4.27,35.52,39.84,2.62,72.68,1,131,56.69,0.59,17,0.03,Low,33.64
Faridabad,Haryana,28.459729,77.291231,2024-08-19,83.4,62.43,73.79,2.34,36.78,74.45,0.95,50.81,4,7462,79.84,0.59,1674,3.54,Low,31.86
Dhanbad,Jharkhand,23.861101,86.360938,2024-11-25,16.11,12.43,14.1,2.05,17.39,11.25,0.36,74.52,1,8,89.08,0.93,1,0.0,Low,21.73
Aurangabad,Maharashtra,19.922045,75.341428,2023-04-29,76.59,46.6,51.51,7.37,36.2,87.56,0.66,79.16,4,600,75.71,1.47,149,0.86,Medium,39.05
Srinagar,Jammu and Kashmir,33.991554,74.871872,2023-11-16,18.67,10.0,11.1,6.93,43.23,144.4,2.17,41.71,1,5052,60.24,1.08,377,1.77,Low,19.13
Patna,Bihar,25.694032,85.202681,2025-05-30,62.02,28.12,39.14,6.27,6.71,156.47,3.99,71.74,2,5646,81.2,0.98,524,2.06,Low,24.5
Vadodara,Gujarat,22.212728,73.247847,2023-09-15,39.19,25.55,28.59,4.39,26.64,32.27,0.34,71.18,3,50000,73.19,0.11,3748,1.08,Low,25.72
Ranchi,Jharkhand,23.306534,85.350552,2024-03-19,115.42,52.2,61.14,6.93,44.06,91.87,1.4,58.15,5,1504,72.78,2.21,465,2.82,Medium,40.92
Agra,Uttar Pradesh,27.183719,78.031766,2024-12-09,127.98,63.32,87.54,12.93,30.87,69.3,5.86,68.13,5,971,83.85,1.27,336,1.26,Medium,49.45
Ranchi,Jharkhand,23.319817,85.402267,2023-01-05,66.16,21.37,26.46,3.56,31.14,103.87,0.73,37.21,3,2057,57.4,1.14,310,0.37,Low,25.11
Ranchi,Jharkhand,23.433505,85.263663,2023-12-28,144.22,81.11,112.04,4.59,58.65,15.43,2.85,54.93,3,7752,63.32,1.04,3878,14.98,Medium,49.42
Coimbatore,Tamil Nadu,11.091736,76.867652,2023-11-16,36.9,15.65,20.56,1.05,20.03,115.75,1.12,86.89,1,11,59.09,0.27,0,0.0,Low,8.78
Hyderabad,Telangana,17.413232,78.53945,2023-09-28,130.21,84.93,112.24,10.58,41.28,69.08,0.48,28.35,2,4512,83.53,3.31,3971,47.89,High,59.72
Jaipur,Rajasthan,26.899934,75.85782,2024-12-04,103.02,36.38,52.03,2.82,46.9,159.32,0.04,54.48,4,1973,91.76,1.03,1515,3.16,Medium,35.38
Rajkot,Gujarat,22.377212,70.819682,2023-10-26,56.66,27.22,37.08,2.65,37.35,186.18,3.94,31.29,1,98,90.53,0.58,35,0.03,Low,18.91
Varanasi,Uttar Pradesh,25.33322,82.912302,2025-07-07,51.82,24.96,37.34,7.17,43.74,43.84,4.91,45.73,0,14939,64.14,2.32,2732,17.91,Medium,36.1
Jodhpur,Rajasthan,26.245544,72.939886,2025-07-14,69.77,33.64,41.47,3.94,44.64,79.28,2.83,36.32,5,807,55.63,0.78,323,0.41,Low,29.45
Surat,Gujarat,21.269297,72.921016,2025-05-21,17.47,11.73,16.06,1.13,35.4,61.29,6.27,34.08,3,1082,53.73,0.24,160,0.13,Low,11.58
Varanasi,Uttar Pradesh,25.295403,82.947818,2024-12-18,197.22,69.92,88.28,2.42,42.72,24.91,2.14,52.9,2,916,98.63,2.04,182,0.89,Medium,48.27
Srinagar,Jammu and Kashmir,34.032493,74.759313,2024-06-09,226.29,129.82,165.88,3.9,56.54,277.91,0.65,68.18,3,477,54.74,2.86,525,4.49,High,58.87
Hyderabad,Telangana,17.372256,78.536579,2023-10-06,68.03,35.3,51.04,2.63,37.68,165.94,0.88,35.41,4,27975,72.01,0.96,4155,5.79,Low,24.75
Bhopal,Madhya Pradesh,23.355152,77.382778,2025-06-20,194.53,74.02,98.53,5.72,46.22,66.88,1.54,85.82,3,864,88.79,3.02,391,5.18,High,55.65
Meerut,Uttar Pradesh,29.026294,77.62171,2023-05-27,32.26,19.55,23.93,4.8,31.35,35.48,0.09,62.99,1,1190,33.58,1.1,328,1.7,Low,25.92
Aurangabad,Maharashtra,19.915606,75.297589,2023-04-04,36.46,28.65,33.21,1.77,39.84,64.83,0.18,93.2,1,348,78.69,0.66,40,0.07,Low,21.58
Kota,Rajasthan,25.260223,75.785815,2025-09-08,35.54,22.67,32.61,1.48,14.02,171.33,1.3,76.3,6,50000,83.94,0.47,6491,10.62,Low,14.56
Guwahati,Assam,26.050054,91.650269,2023-07-06,107.04,52.63,73.1,6.31,51.75,32.75,0.14,49.14,2,199,84.6,1.67,77,0.42,Medium,53.1
Jodhpur,Rajasthan,26.228344,72.962469,2023-09-12,59.79,39.45,50.55,0.69,17.66,82.83,0.04,83.55,6,391,40.83,0.61,71,0.15,Low,27.13
Madurai,Tamil Nadu,9.994843,78.0542,2025-05-04,74.53,58.08,69.62,2.84,44.07,103.44,2.61,8.45,4,553,84.93,0.46,193,0.27,Low,18.35
Nashik,Maharashtra,20.019827,73.739363,2023-04-24,315.2,237.78,266.02,6.23,66.37,83.74,6.62,71.8,2,5972,47.42,2.46,5938,72.88,High,59.4
Nashik,Maharashtra,19.976111,73.834603,2024-07-22,46.78,19.79,27.34,9.62,15.3,55.32,10.0,61.67,4,6921,97.79,0.77,600,1.23,Low,14.49
Hyderabad,Telangana,17.403181,78.506199,2024-06-02,183.58,108.73,131.15,4.23,74.06,125.13,0.56,60.53,4,180,79.11,2.16,73,0.6,High,61.41
Kolkata,West Bengal,22.586389,88.462871,2023-05-15,23.99,15.09,20.54,4.14,14.36,82.44,4.59,84.1,4,28,75.25,0.75,2,0.0,Low,17.06
Thiruvananthapuram,Kerala,8.544165,76.882943,2023-09-09,39.17,17.45,23.44,0.0,19.39,48.69,0.97,55.33,2,86,57.8,0.2,5,0.0,Low,17.95
Patna,Bihar,25.609251,85.037855,2025-04-23,97.21,56.82,73.39,8.28,50.17,157.2,2.36,92.15,5,510,41.96,2.48,257,0.91,Medium,38.24
Amritsar,Punjab,31.684312,74.776231,2025-06-02,48.37,28.49,31.48,1.37,33.8,83.07,0.18,66.13,3,5023,59.03,0.47,288,0.56,Low,17.46
Aurangabad,Maharashtra,19.818556,75.268364,2024-11-03,73.14,41.42,59.29,3.1,42.35,25.88,0.96,78.03,3,5105,72.94,1.17,973,5.55,Low,31.07
Amritsar,Punjab,31.615704,74.799259,2025-09-18,174.66,66.21,84.21,2.31,71.65,248.1,0.42,56.45,3,20472,81.94,1.79,5582,31.8,Medium,45.9
Delhi,Delhi,28.656156,77.201651,2023-09-22,22.49,13.94,18.79,5.93,5.66,121.75,0.47,60.03,1,50000,40.06,0.2,19998,6.18,Low,24.57
Jodhpur,Rajasthan,26.204143,73.020627,2024-11-05,129.01,65.86,75.91,5.8,57.29,104.78,2.15,68.93,3,6569,81.88,0.87,3090,13.23,Medium,41.31
Thiruvananthapuram,Kerala,8.529258,76.865575,2023-10-17,192.87,70.2,93.69,6.79,66.46,165.83,0.28,40.36,4,38,66.69,3.59,41,0.27,High,58.14
Solapur,Maharashtra,17.568977,75.941631,2024-04-10,193.6,63.57,88.52,4.22,68.34,69.09,2.54,56.66,3,237,63.45,1.83,136,0.99,Medium,54.82
Nashik,Maharashtra,19.936045,73.732077,2024-11-07,81.52,30.9,41.37,3.57,30.21,40.14,0.03,47.64,1,113,79.02,0.79,38,0.05,Low,26.26
Dhanbad,Jharkhand,23.886922,86.337871,2023-08-27,101.89,32.72,48.38,5.47,50.6,221.16,0.75,49.06,1,1485,87.62,1.06,540,1.05,Medium,39.43
Coimbatore,Tamil Nadu,11.020931,76.873196,2024-04-03,78.12,50.25,65.68,2.8,52.64,51.56,1.15,30.94,5,213,73.95,0.92,50,0.21,Low,32.82
Lucknow,Uttar Pradesh,26.925558,80.988445,2023-09-08,53.06,21.29,27.93,4.23,22.76,177.88,4.54,53.06,3,10291,90.85,0.53,1286,0.88,Low,19.12
Amritsar,Punjab,31.545806,74.854604,2023-03-30,92.41,63.14,94.12,6.53,37.38,24.88,1.39,15.29,3,1592,71.31,1.87,297,0.69,Medium,35.76
Hubli,Karnataka,15.369619,75.121591,2023-12-13,135.04,60.65,88.52,5.49,49.85,36.62,5.44,41.98,5,47,83.6,1.91,18,0.14,Medium,42.83
Ahmedabad,Gujarat,23.028529,72.551703,2025-05-17,57.45,35.16,48.77,6.03,30.89,33.87,1.09,47.18,4,42,88.62,1.13,17,0.03,Medium,37.18
Varanasi,Uttar Pradesh,25.271271,82.99068,2023-07-01,55.41,24.94,27.54,8.69,22.59,59.9,3.89,49.13,4,90,78.09,1.28,18,0.03,Medium,37.84
Solapur,Maharashtra,17.717068,75.902552,2024-04-28,85.48,38.97,53.82,1.16,34.3,255.66,3.69,20.79,0,1305,87.52,0.4,400,0.66,Low,14.39
Varanasi,Uttar Pradesh,25.241588,83.061661,2024-02-09,102.01,30.84,36.37,6.07,49.2,187.42,1.08,82.29,4,21575,86.08,1.41,12648,88.94,Medium,46.57
Bangalore,Karnataka,13.011877,77.646428,2024-09-25,38.95,29.9,35.78,2.2,26.45,23.72,0.76,40.09,2,1833,48.01,0.63,324,0.27,Low,15.61
Ranchi,Jharkhand,23.329836,85.318352,2024-08-31,135.43,41.7,48.71,7.12,49.9,32.33,1.33,45.84,3,50000,80.52,3.05,14488,207.15,High,57.16
Guwahati,Assam,26.209811,91.7158,2024-03-24,120.05,58.94,72.85,2.71,44.96,70.22,4.34,50.75,4,635,59.59,0.89,169,0.58,Low,29.2
Vasai,Maharashtra,19.386853,72.80776,2025-04-23,119.54,47.94,63.05,5.63,44.09,126.62,1.49,35.1,4,1945,55.61,2.42,1347,11.69,Medium,46.62
Thiruvananthapuram,Kerala,8.468744,77.012808,2023-03-23,41.05,31.13,43.55,4.79,29.22,74.05,3.74,85.11,5,3018,79.0,0.25,275,0.3,Low,21.22
Bangalore,Karnataka,12.950698,77.577318,2025-03-16,146.5,63.41,79.57,4.26,63.53,48.09,9.41,64.83,2,858,70.04,2.01,191,1.79,Medium,47.78
Dhanbad,Jharkhand,23.767501,86.455624,2024-02-17,97.55,47.39,68.8,3.01,27.42,68.17,3.01,57.56,0,1508,77.24,0.38,162,0.26,Low,23.14
Vasai,Maharashtra,19.439794,72.707511,2025-05-22,52.51,31.2,34.61,2.81,47.78,89.97,1.76,81.95,4,779,74.89,0.66,82,0.13,Low,28.15
Ranchi,Jharkhand,23.291913,85.209903,2023-08-16,36.22,23.7,26.32,2.01,36.97,72.04,0.39,64.83,2,12,79.49,1.09,2,0.0,Low,14.93
Varanasi,Uttar Pradesh,25.244077,82.999172,2023-06-12,61.49,44.61,52.87,2.22,24.98,235.69,4.86,85.85,3,865,86.72,1.08,187,0.51,Low,7.4
Surat,Gujarat,21.080139,72.852785,2023-08-17,87.14,68.79,92.55,8.93,23.73,69.26,0.67,57.18,5,195,55.31,2.22,111,0.74,Medium,38.16
Howrah,West Bengal,22.530839,88.246804,2025-04-18,78.95,27.86,36.53,1.58,52.12,88.81,4.11,39.09,4,507,88.97,0.21,82,0.06,Low,20.7
Srinagar,Jammu and Kashmir,34.123713,74.710528,2024-04-07,31.91,10.27,12.09,6.77,26.91,32.3,0.73,82.0,0,28273,57.28,0.57,3598,7.7,Low,24.52
Jodhpur,Rajasthan,26.216225,73.079578,2024-11-28,94.21,43.93,62.71,3.21,27.57,198.31,2.09,52.93,6,520,76.8,0.28,50,0.03,Low,21.17
Kalyan,Maharashtra,19.331781,73.038561,2025-02-10,73.06,39.33,46.6,4.32,37.38,134.07,2.12,54.5,4,2719,67.21,0.67,316,0.97,Low,22.66
Howrah,West Bengal,22.569995,88.312429,2023-08-30,93.42,49.6,56.44,4.73,39.05,31.86,0.55,58.11,1,70,36.18,0.67,7,0.01,Low,34.53
Dhanbad,Jharkhand,23.705093,86.337695,2023-05-03,18.0,10.96,14.59,2.1,12.03,154.11,9.21,74.32,3,1475,62.88,0.46,381,0.42,Low,6.87
Jabalpur,Madhya Pradesh,23.191691,80.057761,2024-02-20,222.01,142.91,190.18,9.21,78.68,115.13,1.17,43.54,2,282,63.12,2.63,338,3.97,High,72.39
Guwahati,Assam,26.170453,91.683869,2023-09-16,16.98,8.85,11.59,2.3,20.28,13.73,0.93,55.41,5,108,67.49,0.45,11,0.01,Low,15.4
Jabalpur,Madhya Pradesh,23.116944,79.945185,2024-04-29,68.15,34.86,47.98,3.84,31.48,2.86,0.69,43.29,2,3764,78.41,0.5,1030,1.57,Low,27.59
Faridabad,Haryana,28.401345,77.393129,2025-09-15,41.7,16.33,22.26,3.52,21.36,66.32,1.41,50.37,1,4036,61.19,0.74,1468,2.22,Low,18.73
Nashik,Maharashtra,19.926138,73.872871,2023-05-19,41.24,22.24,29.24,5.64,19.03,137.44,5.06,90.74,2,87,56.92,0.66,20,0.04,Low,5.59
Bareilly,Uttar Pradesh,28.374871,75.501494,2023-04-25,28.21,20.68,25.61,1.72,27.04,9.88,2.28,10.26,6,4242,55.04,0.85,1603,4.91,Low,12.53
Gwalior,Madhya Pradesh,26.241467,78.249169,2025-03-03,56.56,35.14,46.18,1.77,8.0,35.1,0.46,63.13,1,159,93.85,0.52,8,0.02,Low,26.71
Kanpur,Uttar Pradesh,26.478415,80.292286,2024-03-08,69.46,37.68,44.33,4.34,35.58,105.02,0.01,88.52,5,187,46.61,0.3,45,0.06,Low,25.12
Vijayawada,Andhra Pradesh,16.507468,80.610846,2024-07-07,121.79,55.54,73.38,8.09,57.82,34.63,0.14,78.68,3,127,91.59,3.03,105,0.68,High,60.62
Rajkot,Gujarat,22.328956,70.823431,2023-05-31,22.6,13.08,16.9,11.59,5.35,204.93,2.07,56.91,4,393,45.04,0.92,28,0.07,Low,23.0
Ahmedabad,Gujarat,22.955452,72.55558,2023-01-26,143.88,101.15,114.47,5.64,44.08,78.18,10.0,49.57,1,853,78.66,1.13,300,1.66,Medium,42.91
Srinagar,Jammu and Kashmir,34.036145,74.813117,2025-03-17,66.96,43.01,51.28,0.74,25.02,135.58,1.97,90.62,2,695,49.51,1.16,176,0.24,Low,16.03
Srinagar,Jammu and Kashmir,34.084103,74.775166,2025-05-21,31.0,17.07,22.69,2.18,23.19,48.87,0.23,66.55,1,9446,76.4,0.41,1715,1.48,Low,23.85
Kota,Rajasthan,25.277783,75.851092,2023-12-07,62.59,28.78,33.19,3.72,29.94,51.34,4.54,64.9,5,7501,60.39,0.73,2396,4.62,Low,17.33
Kanpur,Uttar Pradesh,26.461561,80.281582,2023-10-18,37.76,29.92,42.77,3.22,25.93,21.54,0.69,70.31,3,2400,74.4,0.52,451,0.56,Low,18.53
Delhi,Delhi,28.759964,77.12184,2023-09-13,50.2,30.3,37.64,5.67,19.55,87.54,1.48,54.32,0,6875,78.74,0.25,1268,1.19,Low,28.26
Meerut,Uttar Pradesh,29.074275,77.663755,2024-02-15,43.77,33.07,48.62,6.27,41.01,157.37,3.67,76.1,1,1594,64.2,0.65,281,0.75,Low,20.52
Kochi,Kerala,9.964668,76.28952,2023-03-06,58.82,24.0,27.75,4.54,27.74,184.29,0.13,65.88,2,426,90.71,0.74,133,0.25,Low,26.6
Meerut,Uttar Pradesh,28.965015,77.63549,2024-11-02,59.24,35.22,38.94,7.64,43.0,82.44,0.17,41.46,4,9,54.31,2.1,0,0.0,Medium,42.71
Jabalpur,Madhya Pradesh,23.169168,80.073711,2024-02-03,49.65,24.0,33.39,1.85,34.33,18.12,0.11,56.82,3,551,44.67,0.77,145,0.26,Low,17.26
Mumbai,Maharashtra,19.015159,72.976647,2024-12-30,53.29,38.72,55.24,0.0,21.35,107.55,3.09,81.44,1,13390,96.65,0.87,4364,15.64,Low,13.07
Kochi,Kerala,9.973561,76.31343,2024-11-09,131.15,63.1,76.91,1.48,65.51,22.82,2.36,43.8,0,63,64.21,2.06,42,0.26,Medium,46.36
Faridabad,Haryana,28.373242,77.254467,2023-10-05,60.66,25.2,36.22,7.05,48.44,11.37,2.4,83.13,1,2789,60.84,1.11,819,1.22,Medium,42.14
Varanasi,Uttar Pradesh,25.236589,83.010765,2025-01-02,110.04,43.62,60.94,10.51,37.89,38.83,4.16,33.54,2,9295,63.69,2.25,7202,30.08,Medium,51.33
Lucknow,Uttar Pradesh,26.899946,81.017878,2024-11-07,84.68,40.51,49.73,3.35,34.07,71.89,0.31,57.65,4,1188,64.4,1.13,525,1.15,Low,24.84
Visakhapatnam,Andhra Pradesh,17.619695,83.271012,2024-06-22,84.16,45.73,59.92,3.88,43.83,95.07,2.06,78.43,1,1597,66.43,0.26,196,0.14,Low,22.07
Kanpur,Uttar Pradesh,26.415422,80.423501,2025-06-27,25.86,8.15,11.27,1.91,29.69,171.49,3.58,42.25,0,196,53.08,0.64,30,0.07,Low,12.51
Guwahati,Assam,26.227704,91.762152,2025-05-11,57.35,40.98,53.9,0.53,36.49,70.68,0.08,76.58,2,27,97.42,0.6,2,0.0,Low,30.41
Madurai,Tamil Nadu,9.827579,78.211231,2025-01-07,32.54,25.52,29.7,3.73,17.87,145.83,0.88,68.28,1,139,69.12,0.85,24,0.04,Low,13.65
Solapur,Maharashtra,17.633133,75.869413,2023-10-05,39.52,27.04,36.94,4.76,14.19,36.05,1.83,42.15,3,950,79.96,0.47,82,0.05,Low,18.89
Kolkata,West Bengal,22.515243,88.284321,2025-04-21,47.19,37.27,48.63,3.26,15.8,14.04,1.14,68.6,2,1834,29.15,1.17,656,0.91,Low,19.5
Faridabad,Haryana,28.444669,77.398163,2024-10-30,146.9,59.17,65.62,5.32,37.97,183.17,1.23,73.83,1,1040,78.17,0.27,224,0.18,Low,33.73
Rajkot,Gujarat,22.278844,70.895342,2023-11-03,44.21,32.45,46.86,3.64,56.74,10.57,2.05,66.06,3,102,66.2,0.54,13,0.02,Low,17.89
Solapur,Maharashtra,17.753406,75.921677,2023-05-28,121.12,52.46,71.02,1.09,33.65,101.86,0.93,95.99,4,775,74.5,0.57,200,0.54,Low,31.65
Ranchi,Jharkhand,23.345173,85.314247,2025-06-06,112.4,72.63,97.28,0.35,65.75,177.42,1.89,48.46,2,1619,78.95,1.18,812,4.59,Medium,41.51
Kanpur,Uttar Pradesh,26.44991,80.3287,2024-04-03,123.26,39.63,45.63,3.96,39.6,183.11,0.93,42.54,5,203,80.26,0.55,35,0.04,Low,34.37
Solapur,Maharashtra,17.735711,75.883325,2025-05-18,61.16,42.71,52.68,0.66,39.41,91.81,1.58,26.63,2,355,69.37,0.79,67,0.13,Low,23.98
Nashik,Maharashtra,20.075333,73.833309,2023-08-23,58.37,38.45,52.17,5.32,37.51,11.96,1.56,64.09,1,795,63.91,0.4,90,0.08,Low,30.44
Raipur,Chhattisgarh,21.200156,81.587019,2023-02-11,85.93,42.22,49.48,4.21,31.16,14.13,1.69,90.19,4,268,79.39,1.41,98,0.14,Medium,35.06
Meerut,Uttar Pradesh,28.92748,77.805533,2024-01-04,46.44,17.68,21.14,5.55,36.7,75.22,3.59,64.38,1,105,84.07,0.95,9,0.02,Low,14.46
Srinagar,Jammu and Kashmir,34.146955,74.756738,2025-06-07,95.94,33.92,41.1,0.23,58.64,7.21,0.77,70.46,1,13,76.66,0.14,1,0.0,Low,33.22
Patna,Bihar,25.576429,85.196014,2023-06-04,46.73,24.12,34.46,4.04,44.38,89.0,0.34,70.93,2,4089,57.84,0.18,1301,0.67,Low,30.18
Amritsar,Punjab,31.688804,74.807933,2023-10-31,93.42,68.93,77.11,2.97,36.97,122.29,0.32,79.14,2,6032,90.01,0.16,1094,0.71,Low,23.57
Delhi,Delhi,28.668567,77.139748,2024-10-03,151.97,94.45,141.64,10.61,67.17,97.66,2.01,47.45,6,1054,72.1,3.66,538,5.64,High,69.73
Guwahati,Assam,26.052961,91.690733,2024-10-13,67.34,44.53,65.45,2.74,36.95,79.79,3.0,60.47,1,672,75.18,0.41,61,0.05,Low,24.26
Vadodara,Gujarat,22.301955,73.239729,2024-06-13,78.94,46.41,63.14,4.19,29.32,160.53,1.53,73.6,0,2602,60.61,0.56,196,0.51,Low,28.77
Agra,Uttar Pradesh,27.112985,78.074207,2025-03-21,27.59,19.76,24.45,1.26,16.89,331.8,2.68,29.87,4,2002,72.71,0.48,627,1.38,Low,2.84
Dhanbad,Jharkhand,23.875201,86.446855,2024-07-04,51.41,18.46,24.81,1.97,31.93,41.47,1.36,21.32,1,151,78.02,0.38,62,0.1,Low,27.0
Gwalior,Madhya Pradesh,26.161054,78.252824,2023-07-09,135.77,105.75,149.61,6.15,40.48,122.52,2.4,68.71,1,553,63.26,2.2,384,1.18,Medium,43.37
Raipur,Chhattisgarh,21.316823,81.538438,2023-08-08,73.69,42.29,59.32,1.5,43.32,174.69,3.19,79.67,8,51,80.36,0.71,9,0.03,Low,25.57
Amritsar,Punjab,31.666024,74.843172,2025-05-26,89.36,36.0,43.96,6.46,38.01,95.47,2.83,66.42,3,54,80.46,0.84,7,0.03,Low,28.53
Dhanbad,Jharkhand,23.856437,86.382531,2024-12-03,194.18,104.82,141.49,5.52,46.18,73.28,0.26,21.4,5,651,86.46,2.53,567,2.98,High,58.1
Howrah,West Bengal,22.565938,88.226506,2025-03-30,181.56,134.69,199.53,6.82,56.39,35.23,1.71,47.65,2,2517,86.66,3.18,1352,21.13,High,61.96
Amritsar,Punjab,31.716196,74.949594,2023-12-29,90.93,63.74,84.74,2.85,34.16,26.74,2.97,38.67,0,1666,66.86,0.34,232,0.21,Low,20.68
Dhanbad,Jharkhand,23.741731,86.351514,2023-11-14,194.41,108.45,150.65,3.01,60.46,241.2,0.39,59.06,0,515,53.4,1.76,424,2.69,Medium,47.66
Vasai,Maharashtra,19.418252,72.825912,2023-03-03,65.31,23.36,29.07,2.86,38.92,177.35,1.39,22.87,3,16321,78.99,1.1,3939,11.97,Low,18.62
Mumbai,Maharashtra,18.990072,72.960792,2024-05-03,82.31,30.01,42.73,1.07,52.63,136.75,1.79,53.6,4,864,64.18,1.1,251,0.39,Low,29.02
Bhopal,Madhya Pradesh,23.204736,77.431534,2023-02-26,66.5,44.92,52.5,1.97,31.13,20.21,0.01,74.18,4,1069,41.37,1.14,128,0.54,Low,30.47
Kota,Rajasthan,25.227521,75.836,2023-09-15,65.94,33.59,42.9,5.81,37.81,122.63,1.35,49.81,2,49,82.12,1.11,12,0.02,Low,29.02
Amritsar,Punjab,31.600721,74.805711,2024-05-22,5.38,2.71,3.1,3.26,25.78,44.08,4.88,60.47,5,1136,86.67,0.69,142,0.38,Low,12.85
Bangalore,Karnataka,12.888479,77.682735,2024-05-19,113.17,65.76,84.5,2.96,53.99,330.41,2.89,62.28,2,1542,66.95,0.29,227,0.22,Low,30.44
Agra,Uttar Pradesh,27.098338,77.981352,2023-11-14,56.8,30.18,39.95,11.3,57.47,72.47,1.18,71.12,1,211,78.69,1.97,138,0.88,Medium,43.1
Visakhapatnam,Andhra Pradesh,17.638219,83.225671,2024-12-11,192.64,107.62,134.54,10.8,61.26,82.26,2.95,71.63,1,4902,50.23,2.77,5063,48.98,High,69.77
Pune,Maharashtra,18.427001,73.877267,2024-09-29,83.22,25.33,36.1,10.48,35.26,218.53,1.79,72.72,3,1621,51.4,1.35,592,0.81,Medium,36.22
Raipur,Chhattisgarh,21.331064,81.659634,2025-07-03,109.58,63.4,94.78,5.26,43.07,15.76,2.47,66.5,6,327,68.42,2.03,196,0.87,Medium,46.36
Kota,Rajasthan,25.21966,75.810808,2024-03-28,117.09,46.36,60.62,6.6,59.83,79.86,0.09,39.17,4,5991,69.99,1.79,4400,20.06,Medium,52.12
Vijayawada,Andhra Pradesh,16.465671,80.711562,2024-07-04,24.66,11.16,14.26,5.11,34.49,83.4,7.16,97.54,4,371,82.42,0.99,126,0.55,Low,10.51
Faridabad,Haryana,28.443798,77.358982,2024-12-29,61.94,36.43,48.51,1.56,32.01,145.97,0.76,85.31,5,328,94.88,0.8,44,0.04,Low,23.01
Bareilly,Uttar Pradesh,28.365201,75.401807,2023-01-30,95.22,29.99,42.75,6.77,37.2,37.41,0.68,57.32,2,898,56.81,0.56,67,0.17,Low,33.32
Coimbatore,Tamil Nadu,10.919258,76.976994,2023-04-24,28.38,18.79,25.53,7.72,23.85,50.9,2.37,61.2,2,1911,50.83,0.63,234,0.71,Low,27.4
Pune,Maharashtra,18.544989,73.94615,2023-05-01,205.88,66.66,81.0,6.19,67.98,60.55,3.3,45.6,1,551,50.31,2.15,796,5.32,High,63.03
Visakhapatnam,Andhra Pradesh,17.671767,83.166467,2025-08-25,134.59,75.57,95.06,5.2,43.91,126.22,8.69,47.88,4,6604,87.29,2.29,5332,37.72,Medium,38.3
Vadodara,Gujarat,22.25853,73.245906,2024-04-26,148.45,79.92,109.32,4.11,60.78,51.41,0.49,81.75,6,137,86.51,3.94,105,1.3,High,56.25
Aurangabad,Maharashtra,19.872736,75.328501,2023-05-14,137.7,66.66,96.96,7.2,46.33,42.18,0.06,57.84,5,123,74.48,3.84,36,0.57,High,55.59
Kanpur,Uttar Pradesh,26.489519,80.316186,2024-12-25,56.43,41.4,56.93,2.8,30.72,76.77,1.09,53.59,3,5300,79.39,0.62,993,0.92,Low,26.39
Faridabad,Haryana,28.486301,77.277207,2024-12-12,72.45,34.63,44.8,0.0,42.51,76.78,2.29,67.64,3,1267,74.09,0.43,358,0.57,Low,28.12
Bareilly,Uttar Pradesh,28.422437,75.392191,2023-10-06,95.93,40.57,52.91,2.81,20.79,104.4,2.63,80.92,0,1721,47.54,0.64,229,0.23,Low,22.17
Vasai,Maharashtra,19.455176,72.717461,2025-09-23,155.58,120.49,177.53,4.28,49.53,51.95,3.75,94.14,4,114,69.09,1.25,99,0.33,Medium,51.05
Kanpur,Uttar Pradesh,26.529431,80.368277,2024-01-26,114.47,64.92,82.54,2.64,49.13,91.08,1.4,31.41,5,1629,86.87,2.17,720,4.21,Medium,39.65
Visakhapatnam,Andhra Pradesh,17.702664,83.246595,2024-02-29,100.72,51.52,71.78,0.38,35.79,95.4,0.17,48.17,1,1577,82.16,2.21,623,5.85,Medium,35.71
Dhanbad,Jharkhand,23.855477,86.432751,2023-09-06,73.17,31.05,44.14,8.53,27.64,164.07,5.7,84.28,3,17,73.65,1.15,1,0.0,Low,21.84
Guwahati,Assam,26.126188,91.77903,2024-10-06,78.17,27.23,35.6,9.09,31.96,28.35,1.42,53.35,0,8453,81.97,0.23,2357,1.2,Low,34.69
Vasai,Maharashtra,19.548723,72.854353,2025-09-16,69.13,40.83,49.72,1.44,26.48,44.15,3.75,18.51,4,4756,61.79,0.39,219,0.15,Low,27.98
Kanpur,Uttar Pradesh,26.542002,80.290864,2025-02-13,74.1,36.45,41.28,7.47,52.76,36.79,0.03,88.89,2,16349,76.96,0.93,12147,26.05,Medium,47.68
Rajkot,Gujarat,22.356209,70.709654,2024-11-01,105.98,74.31,108.02,6.19,38.97,65.26,0.33,60.47,1,7559,76.77,1.95,6994,63.46,Medium,41.6
Chennai,Tamil Nadu,13.131486,80.238006,2024-03-07,82.2,51.19,61.26,1.21,41.96,108.34,3.34,51.93,0,12918,66.09,0.65,2965,8.49,Low,19.31
Gwalior,Madhya Pradesh,26.261109,78.244304,2025-06-14,91.58,36.7,52.75,4.52,51.48,152.45,4.2,85.67,2,34,82.18,1.16,4,0.02,Low,26.06
Lucknow,Uttar Pradesh,26.822717,80.966924,2023-09-17,40.55,28.64,41.58,19.14,30.6,115.44,1.29,58.36,1,50000,60.04,1.85,8734,27.66,Medium,40.55
Solapur,Maharashtra,17.737196,75.842181,2025-07-05,39.45,29.64,33.81,2.56,35.13,224.93,0.97,95.24,7,906,73.63,0.11,72,0.03,Low,8.81
Jaipur,Rajasthan,26.857226,75.751214,2023-04-19,38.09,24.53,30.86,2.51,20.87,52.49,0.27,9.71,0,100,98.08,0.83,18,0.04,Low,20.74
Visakhapatnam,Andhra Pradesh,17.742173,83.297348,2025-07-14,63.25,40.26,58.62,2.87,34.42,12.77,0.87,44.06,2,5006,92.75,1.0,679,3.3,Low,27.17
Hubli,Karnataka,15.326148,75.070518,2024-08-09,56.4,23.22,34.53,5.4,33.14,290.84,3.02,73.47,4,4335,53.23,0.69,1098,2.8,Low,20.6
Kota,Rajasthan,25.214054,75.906584,2023-03-01,113.83,43.5,54.14,2.96,43.33,63.41,2.7,90.55,4,2829,87.61,0.43,244,0.17,Low,33.52
Kochi,Kerala,9.861605,76.278836,2024-04-03,65.7,40.13,50.06,4.09,27.67,23.37,1.01,71.52,2,965,91.81,2.28,469,3.94,Medium,37.58
Faridabad,Haryana,28.428805,77.330948,2023-09-18,180.0,63.25,70.98,7.14,55.07,71.75,2.66,65.41,4,339,69.34,1.99,234,2.16,Medium,54.96
Bhopal,Madhya Pradesh,23.204038,77.511086,2025-01-24,17.44,12.47,14.08,5.79,29.04,34.27,0.93,77.53,3,5079,42.92,0.54,669,1.07,Low,28.92
Ahmedabad,Gujarat,23.090363,72.492804,2025-04-19,56.63,17.0,19.99,4.66,28.34,166.09,7.43,49.04,4,200,61.35,0.41,78,0.12,Low,22.17
Madurai,Tamil Nadu,9.98604,78.051249,2025-02-27,143.29,67.83,77.48,3.14,34.44,21.65,6.53,36.03,2,943,52.52,0.85,238,0.95,Low,26.36
Madurai,Tamil Nadu,9.876847,78.122678,2023-06-26,29.57,19.74,28.69,1.3,30.51,179.53,1.39,80.15,2,23184,73.08,0.45,1062,0.92,Low,9.25
Agra,Uttar Pradesh,27.197086,77.910373,2023-07-18,62.61,45.33,51.22,3.54,29.9,35.13,1.13,96.86,3,1337,86.11,1.16,324,1.19,Low,30.63
Coimbatore,Tamil Nadu,10.990195,76.953479,2023-12-01,48.85,20.56,24.07,1.05,26.54,55.76,0.84,40.6,1,767,69.59,0.61,93,0.25,Low,20.29
Nashik,Maharashtra,19.905378,73.836608,2023-02-04,147.24,55.33,76.22,5.53,65.18,131.91,1.34,45.62,4,6838,66.53,1.65,6136,23.83,Medium,51.69
Madurai,Tamil Nadu,10.00179,78.093442,2025-03-05,165.14,50.42,65.45,8.34,60.85,197.17,0.43,78.4,4,51,57.17,2.22,19,0.04,High,69.79
Bhopal,Madhya Pradesh,23.168681,77.511744,2023-12-12,75.71,42.43,62.45,3.15,29.31,47.41,1.59,52.01,2,2361,85.95,0.98,183,0.83,Low,31.8
Amritsar,Punjab,31.672255,74.814009,2024-08-14,142.31,75.54,109.23,4.02,62.93,185.33,2.59,95.65,6,2477,56.64,1.26,1434,7.25,Medium,46.53
Chandigarh,Chandigarh,30.789293,76.760544,2023-03-22,90.63,40.95,57.37,3.3,38.19,131.84,1.32,79.32,3,82,86.92,0.39,29,0.05,Low,24.51
Coimbatore,Tamil Nadu,11.090238,77.006469,2023-05-25,44.12,24.27,27.33,5.55,40.08,116.94,0.61,70.13,4,164,79.8,0.52,29,0.06,Low,25.84
Delhi,Delhi,28.777725,77.06285,2023-02-28,61.8,44.24,50.87,4.47,26.49,256.08,0.82,95.15,5,18,89.0,0.65,4,0.0,Low,29.61
Guwahati,Assam,26.119437,91.694025,2023-04-28,71.15,35.71,46.52,7.94,28.94,93.99,1.87,87.53,4,584,62.37,1.37,299,1.28,Medium,37.6
Allahabad,Uttar Pradesh,25.506337,81.798169,2025-04-13,107.9,39.6,52.17,4.34,36.95,53.41,0.25,13.32,4,864,63.24,1.07,128,0.68,Medium,42.95
Delhi,Delhi,28.680116,77.082376,2024-08-27,91.13,46.66,67.62,2.86,23.55,54.0,2.11,89.32,3,569,64.1,0.34,172,0.17,Low,25.0
Gwalior,Madhya Pradesh,26.284139,78.101105,2024-06-09,56.7,29.2,38.36,2.97,22.78,25.66,0.47,84.76,1,860,94.58,0.15,155,0.05,Low,30.74
Kolkata,West Bengal,22.661948,88.384953,2023-08-23,99.61,37.93,43.23,6.01,55.88,278.51,0.83,58.91,3,490,56.47,1.64,171,0.65,Medium,35.25
Kota,Rajasthan,25.24228,75.794659,2024-02-04,29.75,12.24,17.59,3.97,13.86,88.52,0.8,76.74,2,2027,70.81,0.63,621,1.18,Low,14.39
Kota,Rajasthan,25.266049,75.796907,2024-11-29,103.92,46.42,52.44,8.31,27.21,147.49,0.89,37.23,3,14512,79.38,2.02,11132,106.01,Medium,44.72
Jodhpur,Rajasthan,26.229799,72.959934,2024-06-11,54.44,29.53,42.38,7.33,26.96,47.18,2.9,97.19,2,2051,68.69,2.18,1506,4.82,Medium,39.54
Thiruvananthapuram,Kerala,8.621072,77.027383,2024-09-26,53.46,24.42,30.27,8.42,32.53,9.38,0.41,65.28,2,1062,59.2,1.15,270,1.24,Medium,44.4
Visakhapatnam,Andhra Pradesh,17.676086,83.160191,2025-04-08,236.31,160.79,183.58,5.95,73.93,99.99,0.32,52.95,4,17978,64.33,3.25,11839,102.41,High,73.63
Kanpur,Uttar Pradesh,26.46859,80.371681,2023-12-08,98.4,41.89,62.26,4.54,43.69,161.16,0.93,59.46,3,7519,79.92,1.99,5700,11.99,Medium,38.97
Madurai,Tamil Nadu,9.829345,78.054466,2025-03-24,102.64,65.97,74.8,3.96,45.79,343.25,2.43,74.58,2,1551,59.67,0.61,356,0.3,Low,27.03
Bangalore,Karnataka,12.888405,77.495182,2025-02-26,209.74,77.98,98.69,6.59,67.03,104.19,3.35,55.96,3,1337,85.78,3.41,939,9.39,High,60.73
Madurai,Tamil Nadu,9.870261,78.027534,2023-06-29,112.42,83.08,123.67,3.91,40.88,210.31,4.88,37.81,1,505,58.19,0.55,62,0.05,Low,23.88
Agra,Uttar Pradesh,27.137572,78.000754,2025-03-19,89.02,42.68,53.84,5.52,17.1,23.63,0.74,89.48,3,51,94.17,0.4,3,0.0,Low,31.87
Mumbai,Maharashtra,18.979825,72.831181,2023-08-07,176.03,67.28,91.82,5.13,51.64,19.43,0.56,75.04,3,11,46.78,3.99,9,0.06,High,58.38
Dhanbad,Jharkhand,23.868222,86.389875,2025-09-01,8.71,4.89,6.47,8.44,18.36,108.46,1.25,8.06,6,501,97.81,0.23,160,0.06,Low,21.4
Hubli,Karnataka,15.320837,75.141532,2024-08-16,39.66,20.94,30.46,1.11,27.93,324.56,5.51,93.15,3,33129,89.95,0.36,4298,6.68,Low,0.8
Rajkot,Gujarat,22.313749,70.866204,2023-09-06,137.68,60.02,88.8,6.75,44.66,48.67,0.12,58.56,0,9106,71.87,2.06,7334,32.42,High,55.35
Solapur,Maharashtra,17.573949,75.917837,2023-01-14,119.23,40.07,53.84,3.32,56.56,41.88,0.38,72.25,6,1083,80.3,1.25,357,0.91,Medium,46.16
Vasai,Maharashtra,19.48001,72.840216,2024-01-19,33.6,25.76,31.8,7.06,17.91,63.75,4.47,92.05,5,46460,82.49,0.14,10267,6.45,Low,20.95
Allahabad,Uttar Pradesh,25.423568,81.786635,2024-01-20,54.28,37.68,49.69,2.12,25.81,71.31,0.02,78.46,7,2391,35.42,0.63,352,0.65,Low,29.43
Hyderabad,Telangana,17.347598,78.479352,2023-03-08,104.37,70.98,80.59,4.66,43.76,89.58,0.79,57.59,7,148,59.31,0.94,58,0.09,Medium,46.15
Thiruvananthapuram,Kerala,8.479105,76.980928,2024-04-05,100.23,75.92,113.63,7.75,53.1,88.28,0.82,31.19,3,1539,95.6,1.61,288,1.91,Medium,49.26
Howrah,West Bengal,22.5516,88.20449,2024-02-25,102.35,68.57,83.42,6.35,49.39,185.4,1.75,52.07,2,1161,57.63,1.32,640,2.27,Medium,44.41
Jaipur,Rajasthan,26.953988,75.763894,2025-07-24,62.9,37.56,53.03,2.87,35.52,190.59,0.07,91.58,4,15914,87.09,1.16,4886,19.39,Low,25.84
Indore,Madhya Pradesh,22.660323,75.832007,2024-11-06,42.27,21.65,27.42,6.29,28.39,82.05,0.06,24.53,3,160,62.87,0.41,23,0.04,Low,22.64
Chandigarh,Chandigarh,30.782171,76.690387,2024-11-14,54.25,42.21,50.15,2.37,28.27,90.46,2.13,62.17,4,34,74.87,0.74,7,0.01,Low,19.41
Allahabad,Uttar Pradesh,25.428545,81.923965,2024-09-19,10.19,4.46,5.06,1.26,9.63,26.37,10.0,77.06,3,38366,73.17,1.05,5404,12.7,Low,14.86
Visakhapatnam,Andhra Pradesh,17.702009,83.136147,2024-10-09,138.9,67.27,84.12,1.39,55.98,92.15,0.37,60.39,4,126,62.01,1.64,84,0.43,Medium,42.52
Thiruvananthapuram,Kerala,8.49235,76.846243,2024-02-29,86.52,55.18,77.52,6.0,32.36,162.44,0.34,27.14,6,8545,43.09,0.91,2921,6.4,Low,34.3
Vijayawada,Andhra Pradesh,16.600148,80.684226,2024-03-26,31.28,12.44,18.25,5.05,7.17,29.02,0.16,89.54,4,394,63.76,0.21,94,0.08,Low,27.65
Nagpur,Maharashtra,21.068991,79.068556,2025-01-06,78.49,52.37,58.56,0.25,20.69,31.38,2.36,89.46,2,1528,59.03,1.16,271,1.52,Low,22.41
Surat,Gujarat,21.23076,72.736738,2024-11-26,28.42,17.81,22.24,8.6,37.46,219.85,1.44,73.05,1,15914,90.34,0.64,2742,6.93,Low,14.74
Srinagar,Jammu and Kashmir,34.059642,74.841973,2025-01-03,117.37,73.7,85.27,1.71,26.0,103.96,2.59,58.29,3,11416,48.43,0.17,2291,1.55,Low,31.37
Ahmedabad,Gujarat,23.038573,72.639734,2024-11-09,97.58,43.64,50.28,1.79,30.05,158.17,1.62,66.6,5,23,80.43,0.56,2,0.0,Low,24.81
Dhanbad,Jharkhand,23.733079,86.466086,2024-06-23,57.46,43.55,58.57,2.45,28.56,271.36,5.04,74.06,2,70,86.49,0.66,6,0.01,Low,12.3
Coimbatore,Tamil Nadu,10.93481,76.90052,2024-04-26,116.16,60.61,79.62,2.8,38.07,72.68,1.6,18.48,1,76,62.18,0.15,11,0.0,Low,33.3
Kanpur,Uttar Pradesh,26.447655,80.360635,2025-05-27,67.73,36.85,50.11,6.95,26.42,111.21,0.7,40.94,3,4095,29.25,0.52,1695,3.84,Low,30.81
Howrah,West Bengal,22.535249,88.209053,2025-04-28,20.98,6.78,8.44,3.04,16.98,34.78,1.37,35.01,5,209,68.99,0.26,33,0.01,Low,20.58
Srinagar,Jammu and Kashmir,34.051773,74.81249,2023-10-28,109.3,42.03,56.14,8.95,40.75,91.57,1.67,75.08,2,407,71.89,0.98,230,0.95,Medium,51.67
Amritsar,Punjab,31.66249,74.93788,2023-04-29,34.23,13.21,18.93,1.67,30.26,151.35,3.46,88.75,3,3734,44.24,0.92,1540,4.9,Low,9.61
Agra,Uttar Pradesh,27.138536,78.093578,2023-06-12,36.99,22.77,29.6,13.08,32.37,104.76,4.17,82.62,3,583,85.34,0.56,66,0.06,Low,19.57
Howrah,West Bengal,22.6519,88.333077,2024-02-16,144.36,68.26,86.4,2.54,60.99,82.93,7.4,53.45,2,3221,61.72,0.93,234,0.27,Low,32.16
Thiruvananthapuram,Kerala,8.49605,76.937377,2024-06-10,120.05,38.14,51.49,5.23,38.83,34.39,0.02,43.49,2,429,92.47,1.71,88,0.19,Medium,41.55
Raipur,Chhattisgarh,21.204241,81.722332,2024-11-15,25.57,18.53,26.83,15.6,23.48,133.3,0.89,53.7,5,2330,74.25,1.72,507,1.23,Medium,40.45
Aurangabad,Maharashtra,19.856675,75.351204,2023-01-08,58.13,32.1,37.29,8.33,22.43,128.3,1.41,38.92,3,4894,26.43,0.18,912,0.69,Low,28.3
Allahabad,Uttar Pradesh,25.522252,81.813586,2024-12-17,98.83,58.68,87.58,3.3,41.77,110.28,0.33,62.76,2,3599,52.2,0.7,471,0.58,Low,26.6
Howrah,West Bengal,22.507642,88.353739,2025-07-05,147.41,84.77,108.11,3.04,48.82,144.09,0.92,82.93,5,4362,89.23,2.48,3026,30.59,Medium,43.3
Amritsar,Punjab,31.602241,74.960988,2024-10-10,70.84,33.29,42.18,6.07,40.0,100.32,2.62,50.81,2,3792,33.74,0.45,604,0.96,Low,24.36
Aurangabad,Maharashtra,19.791875,75.272916,2025-05-10,95.73,47.33,67.75,9.37,52.39,177.3,0.41,37.03,6,4330,53.64,1.15,1098,3.17,Medium,39.76
Kota,Rajasthan,25.201146,75.859904,2024-10-14,82.1,43.92,57.34,3.68,36.93,132.49,0.05,27.86,5,320,94.94,0.23,67,0.07,Low,24.5
Kanpur,Uttar Pradesh,26.452082,80.27873,2024-11-02,31.91,17.61,21.89,1.49,27.98,83.61,1.14,76.78,1,20460,75.92,0.45,3255,1.6,Low,10.11
Allahabad,Uttar Pradesh,25.37827,81.806974,2024-07-28,78.8,36.99,50.03,3.21,37.77,96.6,0.79,74.86,1,70,63.39,0.1,11,0.0,Low,24.11
Indore,Madhya Pradesh,22.756343,75.828127,2024-09-13,83.43,60.39,76.52,5.01,52.28,30.64,2.2,59.66,1,685,81.58,1.03,533,2.35,Medium,36.95
Howrah,West Bengal,22.687255,88.23533,2024-07-05,119.6,53.94,70.35,4.39,47.99,19.73,2.28,58.74,6,1103,68.34,2.17,228,1.25,Medium,45.96
Kalyan,Maharashtra,19.212246,73.111279,2025-08-25,155.53,105.25,135.66,6.78,55.21,176.69,2.12,29.21,3,47,89.09,1.99,15,0.09,Medium,48.92
Chennai,Tamil Nadu,13.163252,80.316043,2024-09-25,76.05,44.95,55.48,5.12,33.88,54.27,0.3,79.15,3,140,44.74,1.04,52,0.16,Low,30.59
Delhi,Delhi,28.636989,77.174161,2024-10-06,90.38,45.17,63.23,4.5,31.34,141.02,0.31,78.25,2,6935,97.53,0.44,1754,1.69,Low,30.57
Raipur,Chhattisgarh,21.228492,81.5566,2023-03-05,42.72,16.15,21.33,3.99,39.85,77.38,2.09,61.24,1,3684,45.04,0.85,1009,1.68,Low,15.38
Meerut,Uttar Pradesh,28.94168,77.678603,2024-04-24,41.74,30.07,34.82,6.04,14.41,112.69,1.84,77.57,4,3009,89.01,1.01,845,1.65,Low,17.02
Bareilly,Uttar Pradesh,28.275332,75.314668,2023-02-11,46.15,19.92,28.96,4.58,38.45,35.06,2.93,34.23,3,886,68.48,0.8,69,0.09,Low,19.5
Kalyan,Maharashtra,19.328234,73.039414,2023-07-16,199.95,101.55,128.8,3.51,50.84,88.78,1.77,34.04,4,204,65.64,2.24,103,0.64,Medium,51.92
Madurai,Tamil Nadu,9.836153,78.152898,2024-12-25,78.35,55.99,80.73,4.09,58.65,9.19,6.39,75.31,2,166,85.64,0.59,59,0.08,Low,31.56
Bhopal,Madhya Pradesh,23.248402,77.422272,2025-08-07,26.75,9.06,12.24,2.72,27.94,123.7,1.1,44.59,3,1296,59.05,0.94,256,0.55,Low,6.34
Surat,Gujarat,21.152589,72.77874,2023-08-21,87.66,65.87,83.12,7.65,42.17,101.36,0.49,30.99,2,6065,77.8,1.28,2455,7.51,Medium,42.38
Kota,Rajasthan,25.260394,75.866344,2025-07-26,102.66,56.55,79.67,5.09,59.34,129.42,1.46,97.87,4,2930,76.85,2.1,1466,5.29,Medium,42.57
Kalyan,Maharashtra,19.225941,73.208448,2023-01-20,244.46,76.31,92.14,6.27,68.91,35.77,3.06,91.5,3,74,45.79,2.72,23,0.14,High,73.62
Visakhapatnam,Andhra Pradesh,17.711046,83.253204,2024-08-28,108.37,38.77,54.6,4.37,38.51,190.56,0.75,28.21,3,6608,75.43,2.46,5499,20.27,Medium,37.75
Bhopal,Madhya Pradesh,23.264389,77.437996,2025-05-27,74.5,51.18,70.65,2.62,29.2,40.68,8.77,35.21,2,3839,78.79,1.09,936,4.72,Low,19.73
Kalyan,Maharashtra,19.194653,73.198497,2023-10-26,51.18,37.99,44.41,4.94,28.64,79.58,2.31,77.59,4,1660,80.25,0.47,308,0.33,Low,26.76
Chandigarh,Chandigarh,30.652468,76.789582,2024-03-28,63.99,26.22,37.19,2.79,50.88,71.24,1.81,58.87,4,674,80.31,0.35,30,0.03,Low,27.45
Varanasi,Uttar Pradesh,25.286462,83.072786,2023-02-02,116.12,69.71,86.97,3.58,52.78,69.28,5.92,69.82,0,2142,82.12,1.07,300,0.64,Low,28.5
Faridabad,Haryana,28.356641,77.258445,2024-02-04,51.93,16.72,20.55,13.63,45.94,54.87,1.81,63.94,3,431,70.28,2.0,115,0.34,Medium,43.41
Varanasi,Uttar Pradesh,25.389925,82.957025,2023-10-13,66.33,46.74,62.74,3.6,34.01,70.33,3.41,73.74,4,86,66.4,0.53,7,0.02,Low,16.64
Guwahati,Assam,26.21398,91.744812,2024-11-16,56.02,36.35,52.84,1.15,49.02,44.61,1.68,74.99,2,4334,64.71,0.25,320,0.16,Low,28.45
Vasai,Maharashtra,19.45963,72.773547,2023-08-13,51.67,20.94,25.16,4.16,18.38,128.42,3.22,45.95,5,613,88.38,0.96,94,0.24,Low,24.85
Delhi,Delhi,28.629187,77.058096,2024-11-12,94.87,56.66,72.29,2.21,20.91,56.24,3.4,98.38,3,843,68.39,0.22,190,0.11,Low,23.65
Chandigarh,Chandigarh,30.638674,76.831471,2025-04-10,34.24,12.49,17.9,9.41,11.93,87.77,4.37,96.79,2,759,54.28,0.12,71,0.02,Low,21.88
Rajkot,Gujarat,22.315898,70.804478,2024-03-02,231.7,116.95,143.69,6.52,72.3,136.62,0.1,35.61,4,161,93.5,3.88,167,0.71,High,65.9
Chennai,Tamil Nadu,13.182063,80.360366,2025-04-27,51.29,40.98,61.44,6.58,23.82,196.44,0.83,65.3,2,402,76.5,0.89,121,0.43,Low,26.83
Kalyan,Maharashtra,19.237772,73.079373,2025-08-30,46.77,15.94,20.07,3.37,26.17,93.98,2.12,63.33,6,466,84.88,0.86,87,0.27,Low,13.1
Mumbai,Maharashtra,19.070878,72.961271,2023-05-19,58.88,37.7,55.13,6.07,33.15,111.85,6.73,94.32,2,1153,73.93,0.88,99,0.21,Low,24.29
Agra,Uttar Pradesh,27.213461,78.077367,2023-05-22,83.4,28.75,41.59,4.12,25.72,82.49,3.56,50.83,6,2481,43.21,0.36,213,0.21,Low,29.65
Vadodara,Gujarat,22.314658,73.150185,2023-06-14,158.57,126.72,168.87,3.0,51.99,78.14,1.55,78.55,3,7308,96.82,1.52,5171,28.1,Medium,49.19
Faridabad,Haryana,28.406454,77.384034,2025-04-08,82.5,24.75,35.43,6.75,51.53,92.25,1.11,81.59,1,192,70.98,2.0,99,0.61,Medium,36.93
Bangalore,Karnataka,13.010662,77.543361,2023-03-18,63.97,50.25,58.28,1.85,33.25,26.9,0.45,40.67,1,1736,65.43,0.27,350,0.3,Low,28.97
Guwahati,Assam,26.117033,91.815189,2024-01-10,107.01,41.61,50.43,3.55,42.32,60.61,3.5,88.01,2,912,89.72,0.42,34,0.01,Low,33.66
Bhopal,Madhya Pradesh,23.159942,77.408587,2025-04-10,113.5,43.85,53.86,4.87,37.76,276.6,2.52,53.04,6,10106,92.02,0.44,4596,2.31,Low,27.1
Chandigarh,Chandigarh,30.800781,76.684088,2025-03-02,17.73,13.52,18.63,4.15,19.22,161.81,0.96,54.84,3,254,90.83,0.73,60,0.18,Low,19.98
Vasai,Maharashtra,19.519863,72.741478,2025-03-26,30.69,22.98,32.39,2.84,10.05,22.2,0.23,63.61,3,447,64.42,0.61,46,0.07,Low,15.36
Faridabad,Haryana,28.478479,77.409766,2025-02-07,84.93,63.68,70.37,1.21,45.3,33.33,2.18,27.74,4,236,63.21,1.17,19,0.02,Low,29.16
Dhanbad,Jharkhand,23.718479,86.482739,2023-10-01,51.73,38.18,51.31,1.72,37.97,34.99,1.38,76.27,0,1455,98.25,1.18,341,1.44,Low,27.53
Thiruvananthapuram,Kerala,8.567586,77.002086,2024-01-06,99.61,57.86,64.7,8.13,34.45,80.75,2.2,90.8,3,678,58.19,0.61,213,0.45,Low,30.14
Coimbatore,Tamil Nadu,11.037155,76.910588,2025-07-12,109.93,76.18,107.59,5.43,43.81,176.28,3.6,71.91,1,11321,91.17,0.81,8578,32.37,Medium,43.9
Thiruvananthapuram,Kerala,8.618101,77.023388,2025-05-01,150.14,101.17,117.46,2.58,55.62,88.9,1.75,62.32,4,2013,88.87,1.58,1192,5.97,Medium,47.89
Bangalore,Karnataka,12.973253,77.501152,2023-05-25,77.86,58.69,87.51,4.21,37.97,49.92,2.84,64.83,4,3528,48.21,1.05,1270,2.93,Low,25.11
Jaipur,Rajasthan,26.913803,75.814575,2023-06-23,78.58,30.43,37.99,0.49,66.84,189.81,3.19,27.09,2,489,54.68,0.66,122,0.32,Low,25.79
Chennai,Tamil Nadu,13.13275,80.205862,2023-01-22,81.22,43.61,48.3,3.71,49.6,67.9,3.75,43.88,2,107,54.92,0.55,22,0.03,Low,30.9
Jaipur,Rajasthan,26.931159,75.830533,2024-08-20,95.15,30.42,34.89,8.24,23.15,139.94,3.16,74.51,4,25891,91.84,0.74,4227,10.27,Low,26.51
Meerut,Uttar Pradesh,28.950967,77.695491,2024-08-24,136.65,70.28,77.43,2.03,59.01,144.91,2.48,21.11,3,657,44.08,0.45,196,0.33,Low,34.7
Jodhpur,Rajasthan,26.24533,73.069737,2025-03-25,54.4,16.88,23.53,3.84,30.7,191.41,2.78,50.62,3,31905,70.6,0.15,6353,2.48,Low,13.08
Hubli,Karnataka,15.343903,75.068362,2023-08-08,76.99,38.53,53.5,5.63,32.89,79.88,1.95,26.65,2,352,67.04,0.86,31,0.07,Low,33.94
Rajkot,Gujarat,22.262202,70.813861,2024-03-11,50.05,27.27,34.12,3.42,36.73,60.64,0.06,74.52,1,10361,63.17,0.99,3828,4.75,Low,31.96
Kochi,Kerala,10.030191,76.182804,2023-05-03,106.6,35.23,48.58,2.53,49.35,84.95,1.3,29.06,2,107,72.9,1.06,17,0.02,Medium,40.37
Varanasi,Uttar Pradesh,25.277973,82.980012,2024-12-20,72.06,22.24,33.18,3.88,32.93,102.52,1.87,73.53,1,2281,74.68,0.94,469,2.03,Low,16.84
Allahabad,Uttar Pradesh,25.533437,81.822819,2025-01-19,34.93,17.37,24.11,2.94,22.69,156.17,4.34,82.88,2,11126,67.74,0.88,5010,8.84,Low,0.0
Vijayawada,Andhra Pradesh,16.441826,80.57321,2023-04-15,73.52,24.12,30.8,1.77,37.01,18.23,1.43,85.42,4,1438,69.13,0.7,373,0.28,Low,24.34
Surat,Gujarat,21.102201,72.780608,2023-01-06,53.26,38.91,47.31,0.65,38.61,85.13,2.97,74.97,1,19798,74.37,0.15,2062,1.17,Low,17.67
Kalyan,Maharashtra,19.185806,73.150103,2023-08-07,69.19,38.39,49.95,2.85,16.32,64.3,10.0,85.88,1,18719,73.86,0.75,5478,4.99,Low,13.42
Howrah,West Bengal,22.521557,88.254148,2025-05-24,74.74,32.02,42.35,8.8,17.58,64.84,4.3,24.39,4,1609,88.05,0.18,227,0.2,Low,28.3
Jabalpur,Madhya Pradesh,23.155098,79.910434,2024-01-05,69.54,45.0,63.12,1.9,41.08,126.25,3.61,72.46,2,148,30.26,0.4,27,0.04,Low,26.22
Coimbatore,Tamil Nadu,11.027316,76.890781,2023-08-08,189.79,65.41,96.35,1.1,51.44,236.46,0.33,80.26,3,6419,62.21,1.72,3249,7.65,Medium,46.28
Kolkata,West Bengal,22.537283,88.409254,2024-03-08,60.35,19.16,23.77,4.44,26.69,235.23,0.75,76.5,5,314,70.53,1.08,101,0.51,Low,29.38
Jaipur,Rajasthan,26.988664,75.829832,2023-11-13,126.81,61.49,88.81,0.63,46.1,37.16,2.58,60.11,2,887,82.49,2.12,188,0.74,Medium,42.71
Hyderabad,Telangana,17.427838,78.429948,2024-12-01,144.04,90.76,131.47,3.46,51.81,289.71,1.56,88.66,3,2064,74.05,0.94,690,2.79,Low,27.21
Raipur,Chhattisgarh,21.181673,81.544953,2024-03-04,85.16,38.41,56.21,10.12,23.79,86.79,4.52,75.19,1,7007,86.97,0.2,1359,0.85,Low,30.91
Gwalior,Madhya Pradesh,26.1787,78.107978,2023-10-25,179.47,120.03,156.53,3.43,54.99,152.34,2.28,37.25,2,396,90.1,1.51,224,0.78,Medium,42.22
Varanasi,Uttar Pradesh,25.398978,82.972217,2024-07-02,178.32,75.39,102.49,7.89,46.56,29.39,0.79,80.18,5,930,63.35,2.63,226,0.66,High,71.96
Howrah,West Bengal,22.52301,88.348098,2023-12-11,141.83,88.13,110.78,3.26,47.13,305.22,0.13,59.84,2,6759,51.84,0.19,463,0.27,Low,33.96
Chandigarh,Chandigarh,30.677763,76.689634,2025-02-13,120.24,60.7,88.25,3.56,27.71,24.61,0.3,64.29,3,2160,62.37,1.55,789,6.02,Medium,42.07
Raipur,Chhattisgarh,21.311872,81.718184,2023-11-08,26.58,19.07,26.25,2.13,21.73,126.34,5.95,62.89,4,465,63.06,0.46,75,0.15,Low,8.67
Varanasi,Uttar Pradesh,25.299712,83.065225,2024-05-17,130.49,89.43,112.24,3.89,45.14,83.33,2.78,31.08,2,12554,64.76,1.73,4566,29.97,Medium,37.6
Madurai,Tamil Nadu,9.838855,78.057114,2023-07-08,60.91,19.31,23.84,4.72,30.55,79.83,5.0,74.02,6,49,83.9,0.44,14,0.01,Low,19.28
Aurangabad,Maharashtra,19.924916,75.348858,2024-12-02,53.29,31.9,47.21,0.72,32.42,26.17,0.1,36.62,4,356,63.76,0.76,63,0.05,Low,33.17
Solapur,Maharashtra,17.643787,75.895033,2024-01-14,38.86,27.79,40.53,5.27,30.55,205.93,0.82,69.41,3,2177,50.6,0.15,224,0.04,Low,18.33
Ranchi,Jharkhand,23.388449,85.318826,2024-10-12,130.39,94.83,131.11,4.55,37.79,98.97,1.11,22.93,5,24111,57.89,1.29,6266,17.71,Medium,40.84
Ranchi,Jharkhand,23.417132,85.284054,2024-02-25,119.57,51.91,70.96,2.15,54.18,56.89,9.74,53.87,5,1578,83.12,0.28,390,0.25,Low,29.98
Vasai,Maharashtra,19.538861,72.796489,2023-11-02,127.37,39.56,49.68,2.24,45.0,135.36,0.13,67.6,2,1553,49.62,1.09,319,0.76,Low,34.29
Kanpur,Uttar Pradesh,26.480568,80.392264,2024-01-11,105.77,50.96,69.62,4.59,35.66,41.01,5.52,92.8,3,7345,80.16,1.34,2736,13.23,Medium,39.0
Bareilly,Uttar Pradesh,28.383212,75.440319,2024-05-13,36.97,25.42,33.56,5.01,34.94,75.2,3.1,59.78,4,3272,43.15,0.39,662,1.09,Low,20.86
Indore,Madhya Pradesh,22.688687,75.850716,2023-12-31,123.02,44.78,51.77,12.74,40.61,156.74,4.59,71.55,5,50000,81.81,2.13,11586,121.88,Medium,51.14
Varanasi,Uttar Pradesh,25.293602,82.907463,2024-03-08,70.56,32.3,44.95,10.71,37.85,53.92,0.03,82.51,3,741,89.69,1.51,198,1.48,Medium,40.63
Ranchi,Jharkhand,23.411435,85.29769,2023-07-25,45.69,35.25,43.75,2.29,35.06,89.38,3.66,17.58,3,1562,74.44,0.39,158,0.13,Low,7.01
Coimbatore,Tamil Nadu,11.078874,76.865994,2025-04-24,27.9,13.57,15.22,8.61,29.06,161.71,2.35,25.12,5,2020,81.92,0.58,579,0.96,Low,23.25
Varanasi,Uttar Pradesh,25.344431,83.066557,2023-12-26,75.91,42.02,52.89,10.48,21.04,77.28,0.69,73.66,5,35721,63.58,1.23,14553,46.36,Medium,44.04
Guwahati,Assam,26.142968,91.758557,2025-04-29,155.15,117.59,174.62,5.84,53.02,48.46,0.97,74.46,4,5967,84.88,2.35,6962,40.06,High,61.51
Lucknow,Uttar Pradesh,26.92944,81.039323,2023-07-28,178.68,71.53,95.23,4.18,62.34,125.39,3.07,55.85,6,19,54.12,2.45,6,0.06,Medium,54.7
Jodhpur,Rajasthan,26.229405,73.063215,2025-01-18,214.89,90.96,107.85,7.16,71.47,65.54,0.37,88.62,4,4144,66.95,4.24,4436,71.47,Critical,75.22
Nagpur,Maharashtra,21.063281,79.020088,2024-06-22,83.62,54.05,80.59,2.63,41.74,59.5,0.22,69.64,4,261,80.01,1.46,62,0.11,Medium,36.21
Gwalior,Madhya Pradesh,26.222214,78.10804,2023-08-03,215.1,107.73,150.83,4.4,49.21,29.55,2.47,55.6,4,53,87.62,3.99,56,0.58,High,61.17
Hubli,Karnataka,15.289542,75.124,2023-11-04,104.14,48.37,56.27,4.79,53.73,127.43,0.0,38.13,1,193,41.76,1.18,93,0.15,Medium,40.81
Bareilly,Uttar Pradesh,28.275204,75.348991,2025-09-02,94.61,47.72,63.98,3.21,44.82,336.63,0.28,37.95,4,7852,87.66,0.38,1097,1.67,Low,22.7
Coimbatore,Tamil Nadu,11.088465,76.902318,2024-09-26,54.07,17.46,23.13,4.46,29.79,66.91,3.72,56.87,3,278,83.75,0.72,38,0.1,Low,27.28
Thiruvananthapuram,Kerala,8.446454,76.948628,2023-05-06,74.09,23.29,27.72,3.01,26.97,138.11,0.63,87.07,3,192,61.08,1.1,42,0.14,Low,19.82
Varanasi,Uttar Pradesh,25.302039,82.964872,2024-09-18,147.69,58.8,71.86,2.68,54.44,67.91,2.0,71.15,5,15304,54.16,1.28,4384,5.93,Medium,38.08
Srinagar,Jammu and Kashmir,34.108189,74.855004,2025-04-29,25.18,16.19,22.97,1.57,33.37,62.32,8.19,51.66,6,388,66.1,0.39,73,0.04,Low,8.38
Raipur,Chhattisgarh,21.26026,81.585819,2024-02-05,65.37,50.22,56.13,3.14,41.05,14.62,0.62,70.97,2,124,81.64,0.51,13,0.03,Low,30.88
Bangalore,Karnataka,12.972561,77.506002,2024-08-31,208.69,85.32,126.1,8.12,54.84,107.76,4.18,61.08,1,11117,87.08,3.62,12865,179.41,High,65.35
Bareilly,Uttar Pradesh,28.39029,75.470344,2023-12-16,116.3,37.06,50.81,4.83,42.38,77.1,0.0,55.37,3,10350,88.54,2.28,6228,48.83,Medium,51.66
Nashik,Maharashtra,19.901752,73.759651,2023-10-29,67.63,23.74,31.75,5.15,26.08,141.2,1.32,91.93,4,4964,49.64,0.95,827,3.04,Low,24.39
Chandigarh,Chandigarh,30.826428,76.81612,2023-08-30,43.25,32.59,42.98,6.15,31.35,89.46,2.2,36.94,1,138,84.04,0.99,28,0.04,Low,17.19
Howrah,West Bengal,22.679952,88.242303,2024-07-12,78.09,43.29,62.78,7.14,34.98,345.74,1.34,78.79,3,58,85.5,0.83,5,0.01,Low,32.01
Indore,Madhya Pradesh,22.656385,75.879681,2023-03-02,128.37,53.16,75.9,6.47,44.69,63.32,4.05,78.69,2,6590,58.36,0.83,1879,5.12,Medium,38.62
Rajkot,Gujarat,22.36305,70.781562,2025-01-14,99.26,50.69,67.76,9.9,34.05,87.0,2.89,7.31,7,51,59.77,1.13,8,0.03,Low,29.08
Vadodara,Gujarat,22.282997,73.22077,2024-10-29,60.13,24.95,28.19,4.07,25.41,64.78,1.72,51.74,1,92,51.26,1.04,10,0.02,Low,30.95
Raipur,Chhattisgarh,21.347766,81.635727,2025-09-16,66.22,26.18,33.56,1.69,34.47,73.68,6.25,50.8,4,179,74.32,0.31,16,0.02,Low,15.16
Agra,Uttar Pradesh,27.197619,78.094895,2024-06-06,66.72,48.22,58.33,12.49,36.59,255.91,2.58,30.7,5,8466,55.29,0.94,2093,5.31,Low,32.8
Varanasi,Uttar Pradesh,25.414165,83.053796,2023-06-25,43.13,26.78,32.9,3.51,48.17,71.45,3.13,86.24,4,5670,89.39,0.55,523,0.86,Low,20.56
Faridabad,Haryana,28.33914,77.33813,2023-12-02,27.71,12.8,14.69,0.52,1.17,39.58,1.59,55.69,3,57,86.36,0.42,8,0.02,Low,16.63
Mumbai,Maharashtra,18.986609,72.973667,2025-03-30,149.73,46.85,65.2,5.69,44.66,46.3,1.9,27.75,5,445,65.33,2.17,195,1.25,Medium,47.08
Bhopal,Madhya Pradesh,23.250462,77.460045,2024-10-13,90.65,67.59,74.59,5.6,34.89,86.16,1.43,65.13,2,1603,91.98,0.91,195,0.64,Low,34.4
Coimbatore,Tamil Nadu,10.957323,76.997548,2025-05-30,63.37,36.16,41.37,5.73,33.52,56.94,1.44,74.95,2,672,48.24,0.4,86,0.1,Low,31.87
Dhanbad,Jharkhand,23.811946,86.448093,2025-07-20,33.55,12.65,14.18,9.11,28.15,100.38,1.5,89.86,3,316,58.4,1.04,15,0.02,Low,23.28
Srinagar,Jammu and Kashmir,33.995655,74.816482,2024-01-09,75.16,29.93,35.39,5.44,43.12,110.5,2.35,64.43,3,228,82.34,0.17,44,0.02,Low,29.39
Bareilly,Uttar Pradesh,28.407841,75.403137,2023-07-19,125.57,78.2,96.75,9.25,42.74,24.62,2.09,52.35,3,12050,72.44,1.57,2871,14.94,Medium,54.9
Kolkata,West Bengal,22.525106,88.33522,2023-03-30,80.08,42.11,56.97,4.51,35.23,74.11,1.45,77.61,1,50000,64.15,0.28,15221,17.31,Low,27.56
Ranchi,Jharkhand,23.366117,85.338525,2023-06-30,24.74,12.69,16.74,0.98,15.51,64.46,0.92,78.3,3,193,59.51,0.92,40,0.05,Low,21.13
Meerut,Uttar Pradesh,29.065491,77.664918,2023-07-09,65.24,25.01,28.86,4.59,40.69,80.25,1.19,75.17,1,50000,51.78,0.45,6063,3.79,Low,34.98
Varanasi,Uttar Pradesh,25.405078,82.91814,2024-08-13,18.65,12.91,14.94,0.0,15.31,155.51,0.88,62.82,6,4614,79.83,0.4,377,0.25,Low,14.58
Kalyan,Maharashtra,19.3207,73.135127,2025-03-13,73.77,33.42,44.87,5.12,52.0,68.99,0.4,53.36,6,32794,72.54,0.6,4053,7.49,Low,34.08
Pune,Maharashtra,18.571271,73.921562,2025-08-28,84.39,54.96,61.61,5.51,40.63,34.14,0.1,84.57,0,3695,33.89,1.38,3325,21.02,Medium,38.53
Mumbai,Maharashtra,19.072673,72.867314,2024-04-28,143.09,65.79,91.81,9.04,53.17,102.43,2.47,84.3,3,7179,86.13,1.65,4256,10.12,Medium,43.95
Dhanbad,Jharkhand,23.798388,86.490171,2024-09-29,226.26,85.25,123.66,5.7,54.31,289.09,1.96,71.29,3,639,63.9,3.29,571,7.6,High,59.93
Agra,Uttar Pradesh,27.141,78.046542,2024-11-29,36.54,25.99,31.5,3.0,38.82,85.15,3.71,43.28,1,4778,73.83,0.57,1782,3.71,Low,8.12
Hyderabad,Telangana,17.444429,78.453995,2023-05-26,51.33,23.47,28.62,1.13,37.81,96.88,0.74,85.17,1,44386,84.81,0.19,13967,7.29,Low,26.58
Gwalior,Madhya Pradesh,26.251133,78.108485,2024-01-08,89.86,27.89,31.85,3.1,29.8,123.54,1.33,38.61,0,504,76.79,1.19,25,0.07,Low,20.01
Hubli,Karnataka,15.285381,75.172599,2024-01-14,63.93,23.18,30.2,1.82,27.29,63.4,1.01,44.3,2,1362,32.73,0.92,279,0.89,Low,20.67
Aurangabad,Maharashtra,19.957666,75.368579,2023-08-14,86.2,39.51,43.69,3.27,40.69,169.06,1.24,41.03,3,76,79.76,0.88,25,0.08,Low,25.43
Ahmedabad,Gujarat,23.084148,72.643499,2023-10-19,63.53,31.0,41.94,13.89,55.67,88.37,1.67,55.55,0,638,86.55,1.21,284,1.12,Medium,51.05
Howrah,West Bengal,22.691743,88.193464,2025-08-25,39.45,19.65,22.95,4.39,21.95,110.92,0.16,55.53,5,49706,57.98,0.29,16102,19.78,Low,22.35
Surat,Gujarat,21.187288,72.865816,2024-11-13,21.85,13.32,15.14,9.41,19.36,61.11,0.29,68.94,4,362,72.95,0.1,60,0.03,Low,25.74
Chandigarh,Chandigarh,30.694407,76.809294,2024-03-24,278.79,211.82,262.75,9.28,67.58,70.66,1.24,49.98,1,247,68.51,6.98,344,9.64,Critical,76.33
Meerut,Uttar Pradesh,29.028256,77.671661,2023-12-25,62.24,43.2,50.61,2.67,28.96,80.31,5.67,20.8,3,1538,76.07,0.32,225,0.16,Low,17.59
Aurangabad,Maharashtra,19.853262,75.261112,2024-12-04,65.05,40.52,59.43,2.71,25.57,145.25,0.31,58.33,1,1432,84.62,0.4,201,0.37,Low,23.66
Jabalpur,Madhya Pradesh,23.148466,80.046734,2023-06-17,165.8,51.32,67.67,3.66,54.87,132.09,0.87,85.33,3,695,48.27,1.45,311,0.58,Medium,49.65
Hyderabad,Telangana,17.372131,78.400004,2025-09-13,95.52,30.94,41.89,4.23,52.51,58.92,0.17,76.36,8,2591,89.57,2.3,1085,8.22,Medium,39.03
Amritsar,Punjab,31.553229,74.965986,2023-01-07,20.97,9.33,10.86,10.31,26.89,30.48,0.73,26.39,4,251,66.41,0.19,31,0.03,Low,33.17
Jabalpur,Madhya Pradesh,23.228621,79.913805,2025-05-02,108.71,74.11,87.42,5.17,29.83,167.85,2.34,58.1,3,7164,44.46,0.86,1329,4.44,Low,32.63
Indore,Madhya Pradesh,22.809545,75.911392,2024-10-08,16.42,9.58,14.29,0.8,33.31,203.98,0.62,70.17,2,2124,68.02,1.13,240,0.68,Low,10.03
Indore,Madhya Pradesh,22.634842,75.894742,2024-08-15,108.79,42.52,55.16,3.49,56.54,224.64,5.79,90.59,3,272,88.08,0.78,75,0.17,Low,23.66
Nagpur,Maharashtra,21.190934,79.13517,2023-12-03,67.89,27.12,37.67,4.53,33.65,100.18,2.03,77.13,5,31991,66.65,0.53,2333,3.17,Low,26.42
Kanpur,Uttar Pradesh,26.516711,80.329801,2025-02-20,83.17,54.88,78.16,2.44,27.22,40.2,0.25,84.77,3,3261,39.77,0.5,244,0.27,Low,31.9
Kochi,Kerala,9.927497,76.285805,2025-03-14,54.56,28.48,42.14,4.49,15.41,98.69,1.57,80.16,5,7126,59.07,0.56,2011,3.82,Low,33.86
Dhanbad,Jharkhand,23.845028,86.39482,2025-04-01,58.43,24.32,27.3,5.12,34.72,135.31,0.75,48.09,4,1135,95.58,0.66,203,0.65,Low,34.37
Vijayawada,Andhra Pradesh,16.426522,80.644746,2023-09-23,50.94,26.48,32.15,3.51,11.34,101.07,0.17,84.49,2,574,86.38,0.38,99,0.14,Low,21.65
Hyderabad,Telangana,17.43112,78.514885,2025-08-22,122.39,59.08,73.23,6.12,47.02,10.51,0.08,82.55,4,3368,58.35,1.71,2526,10.45,Medium,46.67
Bhopal,Madhya Pradesh,23.329916,77.33018,2025-07-10,96.59,31.77,40.9,2.16,1.12,225.31,0.37,16.75,3,286,94.58,0.98,36,0.17,Low,20.11
Bhopal,Madhya Pradesh,23.205989,77.498062,2025-03-25,151.65,83.83,120.39,8.45,56.14,272.83,0.11,32.74,6,1954,69.17,2.61,1559,13.17,High,60.18
Guwahati,Assam,26.200589,91.764483,2025-08-08,162.67,99.76,128.07,5.58,54.38,35.81,4.44,73.03,2,9144,82.4,1.87,4405,37.85,Medium,50.18
Srinagar,Jammu and Kashmir,33.998675,74.834374,2023-06-03,95.44,66.58,73.34,9.43,30.55,141.02,0.88,55.36,5,4182,57.34,1.0,914,1.22,Medium,39.68
Aurangabad,Maharashtra,19.917199,75.254378,2025-06-09,174.92,127.17,143.73,5.68,41.36,132.88,3.92,56.93,1,13476,78.06,1.08,6976,13.11,Medium,51.53
Hubli,Karnataka,15.334643,75.171974,2024-09-19,71.79,31.36,41.13,4.96,51.93,105.58,4.61,46.85,3,316,80.64,1.01,48,0.13,Low,20.27
Kota,Rajasthan,25.156503,75.920117,2025-03-24,64.04,33.22,38.17,3.8,23.54,125.71,3.3,56.15,4,12636,94.48,0.2,667,0.6,Low,13.18
Surat,Gujarat,21.214503,72.864622,2025-01-14,157.44,121.41,174.19,5.5,42.29,175.15,0.71,92.46,2,472,68.21,1.41,161,0.34,Medium,51.17
Jaipur,Rajasthan,26.876892,75.794825,2024-05-20,61.56,32.36,43.61,4.42,23.0,88.69,1.35,56.4,2,969,84.55,0.11,191,0.09,Low,26.01
Pune,Maharashtra,18.581497,73.877172,2023-09-01,75.49,27.11,30.59,4.44,27.05,196.17,1.12,75.04,3,804,73.85,0.48,206,0.23,Low,27.41
Vadodara,Gujarat,22.383804,73.240577,2023-09-01,90.45,48.36,54.84,6.7,29.39,123.77,1.61,68.42,8,3728,67.04,0.68,338,0.42,Low,26.96
Delhi,Delhi,28.718984,77.004541,2024-01-30,138.21,106.61,138.47,0.69,65.17,200.7,1.53,54.97,2,8275,64.55,2.23,3752,15.21,Medium,36.83
Guwahati,Assam,26.049571,91.747697,2025-05-06,53.07,33.29,48.37,1.4,43.25,81.99,5.52,54.15,5,1173,60.14,0.53,97,0.17,Low,24.35
Hyderabad,Telangana,17.305693,78.531289,2025-06-09,29.68,15.98,23.39,1.23,28.19,90.87,1.84,61.84,5,138,89.43,0.86,19,0.05,Low,11.93
Mumbai,Maharashtra,19.146518,72.806093,2025-01-11,87.97,49.12,72.52,5.25,22.13,121.07,1.62,19.02,3,214,70.43,0.16,37,0.01,Low,31.2
Jodhpur,Rajasthan,26.337633,73.026943,2025-05-08,16.47,10.13,12.98,4.33,14.96,57.94,5.96,49.78,3,1209,85.48,0.51,165,0.29,Low,17.33
Mumbai,Maharashtra,19.049606,72.850339,2023-08-22,21.37,9.87,11.84,9.12,32.94,38.82,1.12,35.58,2,2751,80.48,0.4,654,0.89,Low,32.15
Chandigarh,Chandigarh,30.687026,76.698092,2024-08-18,69.07,22.63,25.43,1.14,45.26,197.08,6.37,68.87,3,165,83.44,0.5,32,0.04,Low,17.63
Bareilly,Uttar Pradesh,28.413392,75.405812,2025-05-14,87.57,57.85,75.48,7.58,55.09,116.15,0.61,55.57,5,4620,62.31,2.45,1346,8.1,Medium,40.41
Kota,Rajasthan,25.237074,75.959039,2024-10-04,88.61,32.73,37.61,9.52,23.12,59.38,1.19,84.02,6,4308,74.07,1.22,1157,2.74,Medium,37.14
Srinagar,Jammu and Kashmir,34.039017,74.893691,2025-06-09,119.28,60.04,66.06,1.59,36.21,70.25,0.54,36.98,0,41240,57.42,1.59,19936,131.27,Medium,41.69
Howrah,West Bengal,22.693925,88.33308,2024-02-02,221.87,137.46,194.96,2.95,66.13,48.85,0.62,62.58,4,16976,74.77,2.34,11278,93.48,High,73.69
Amritsar,Punjab,31.718193,74.788615,2023-04-19,89.18,48.32,57.19,10.65,38.87,75.68,1.64,53.86,7,245,53.34,1.97,125,0.88,Medium,41.37
Mumbai,Maharashtra,19.057971,72.901622,2024-11-18,71.14,28.93,34.33,5.65,39.0,80.91,0.08,86.06,4,7953,69.15,0.27,1732,1.3,Low,28.88
Srinagar,Jammu and Kashmir,34.138192,74.829481,2025-03-25,68.54,47.07,68.18,3.04,30.35,64.24,1.03,76.69,1,571,59.62,0.55,51,0.07,Low,22.92
Vasai,Maharashtra,19.414636,72.717708,2024-08-04,91.35,69.26,86.94,1.64,24.93,69.51,2.57,76.15,1,204,94.8,0.12,13,0.0,Low,24.45
Visakhapatnam,Andhra Pradesh,17.734766,83.235444,2023-10-15,104.13,75.77,97.2,4.85,33.65,110.09,4.04,31.28,3,23674,34.05,1.2,7082,41.31,Low,33.96
Hubli,Karnataka,15.329166,75.218677,2023-05-17,52.0,31.76,42.4,0.0,31.74,165.78,0.94,85.78,3,3571,52.46,0.46,344,0.52,Low,22.76
Gwalior,Madhya Pradesh,26.273417,78.110231,2023-02-02,67.29,24.89,31.7,7.14,35.75,128.68,1.02,56.83,4,207,68.17,0.83,126,0.19,Medium,35.01
Ahmedabad,Gujarat,22.962061,72.472106,2023-11-03,44.82,26.61,31.47,0.57,34.08,43.8,1.48,53.9,5,1147,78.37,0.21,303,0.19,Low,12.4
Howrah,West Bengal,22.65441,88.186837,2025-01-07,100.8,54.24,59.79,4.0,31.96,7.18,1.6,74.9,4,288,93.21,1.56,167,0.6,Medium,35.48
Bangalore,Karnataka,12.898218,77.609701,2023-09-01,79.7,36.31,41.51,8.6,20.84,177.39,0.3,60.72,2,1389,78.42,2.12,353,2.07,Medium,40.28
Aurangabad,Maharashtra,19.951479,75.396872,2024-12-11,153.83,114.0,152.54,7.87,64.76,96.15,2.91,38.66,3,2309,17.14,2.85,1916,21.29,High,62.64
Indore,Madhya Pradesh,22.662079,75.938749,2023-03-18,145.08,68.1,87.52,3.69,36.13,55.13,0.35,33.29,3,2428,82.9,1.36,1307,3.71,Medium,40.36
Agra,Uttar Pradesh,27.189444,78.00277,2025-05-25,46.83,21.18,28.12,8.54,30.38,164.45,1.73,87.76,1,196,93.8,0.36,13,0.02,Low,26.56
Hyderabad,Telangana,17.415184,78.488564,2023-09-06,93.88,71.64,93.2,9.68,25.56,74.29,2.86,40.33,6,8181,81.95,0.28,702,0.49,Low,28.96
Kota,Rajasthan,25.145667,75.821142,2025-06-16,44.75,28.19,32.38,2.44,41.15,106.96,9.05,31.08,1,146,64.51,0.74,54,0.17,Low,5.15
Solapur,Maharashtra,17.603746,75.916192,2025-03-17,65.38,33.27,43.58,3.02,27.45,77.87,0.55,79.31,3,174,68.73,1.15,18,0.09,Low,23.73
Madurai,Tamil Nadu,9.860987,78.033965,2024-09-05,51.14,38.69,56.38,4.5,59.51,157.99,1.68,72.66,2,330,42.31,0.87,58,0.24,Low,31.16
Coimbatore,Tamil Nadu,10.949296,77.054898,2023-08-08,97.04,46.95,65.29,4.67,46.2,84.62,1.32,72.99,0,590,82.54,0.13,61,0.03,Low,32.38
Howrah,West Bengal,22.5383,88.345227,2024-09-05,119.58,57.35,84.7,5.44,49.24,27.77,0.21,53.57,3,2939,67.89,1.68,1650,11.29,Medium,53.59
Gwalior,Madhya Pradesh,26.136409,78.214328,2024-10-09,111.8,65.84,88.26,4.36,43.99,241.95,2.99,73.37,2,675,67.74,0.62,38,0.04,Low,31.75
Kanpur,Uttar Pradesh,26.466795,80.405109,2024-08-22,222.36,88.28,130.67,3.7,60.93,197.87,0.13,96.86,3,420,50.94,3.24,139,1.02,High,61.42
Agra,Uttar Pradesh,27.27574,78.028968,2024-08-28,98.25,67.76,80.68,8.99,48.63,57.32,3.5,31.94,4,20,51.34,1.07,2,0.01,Low,33.41
Varanasi,Uttar Pradesh,25.346141,82.89327,2025-09-17,71.6,54.81,78.72,5.91,26.01,52.92,0.13,17.76,6,671,69.3,0.98,135,0.51,Medium,36.27
Bhopal,Madhya Pradesh,23.227166,77.327554,2023-09-16,68.85,26.44,36.83,1.55,33.39,89.16,1.61,57.62,7,2486,92.85,0.95,257,0.6,Low,27.73
Patna,Bihar,25.653437,85.133584,2023-03-31,92.41,55.01,63.95,2.5,43.41,68.75,0.01,85.39,0,6822,93.27,1.01,854,4.16,Low,29.33
Allahabad,Uttar Pradesh,25.52696,81.809301,2024-07-15,283.92,168.88,231.93,4.27,79.44,17.74,0.05,77.76,1,2086,81.19,6.09,1379,15.34,Critical,76.6
Agra,Uttar Pradesh,27.182751,77.910686,2024-09-27,109.88,54.87,70.84,5.75,50.45,104.05,0.19,84.06,2,220,84.44,2.35,103,0.99,Medium,43.76
Jabalpur,Madhya Pradesh,23.224418,79.904615,2023-03-14,113.21,66.54,79.92,5.12,33.76,47.25,0.08,46.01,1,3847,46.41,2.12,2706,19.18,Medium,45.78
Hyderabad,Telangana,17.408507,78.533476,2025-07-10,103.42,33.06,37.79,10.04,50.08,25.05,0.86,25.96,6,9424,58.6,2.47,3239,39.41,High,61.04
Varanasi,Uttar Pradesh,25.291448,83.007998,2025-08-21,43.22,21.13,23.31,12.12,51.87,22.25,1.62,41.95,3,50000,92.41,1.63,36610,188.93,Medium,44.1
Chandigarh,Chandigarh,30.753969,76.855892,2024-12-12,88.74,40.87,50.93,1.15,55.16,132.49,9.08,79.05,3,153,78.24,0.87,10,0.02,Low,17.51
Allahabad,Uttar Pradesh,25.430042,81.92609,2025-01-01,59.05,44.59,56.21,3.04,48.32,282.02,6.78,20.91,4,50000,76.96,0.22,3255,2.56,Low,10.5
Delhi,Delhi,28.779178,77.143447,2023-03-11,81.04,32.91,47.68,3.06,32.64,32.44,7.37,51.06,4,1394,62.18,0.69,360,0.48,Low,19.94
Hyderabad,Telangana,17.463414,78.456146,2025-06-06,37.68,20.39,22.97,3.19,45.77,46.5,2.57,63.11,2,42,72.91,0.45,7,0.0,Low,19.99
Indore,Madhya Pradesh,22.773618,75.897325,2025-04-12,102.49,68.98,82.91,1.04,52.9,104.41,2.47,64.51,6,79,61.54,0.49,11,0.01,Low,32.48
Jodhpur,Rajasthan,26.328855,72.94559,2023-07-09,24.85,11.81,17.11,9.21,37.25,151.81,0.78,49.16,4,22818,61.37,0.82,6423,5.75,Low,23.39
Kalyan,Maharashtra,19.238261,73.032439,2025-01-12,44.25,29.39,43.75,3.0,16.73,50.21,0.57,26.42,3,3648,67.3,0.99,473,1.65,Low,13.7
Vadodara,Gujarat,22.376271,73.264562,2024-03-31,50.35,31.37,38.52,1.54,44.15,437.82,0.77,43.62,2,722,82.35,0.38,82,0.13,Low,24.27
Madurai,Tamil Nadu,9.879016,78.213157,2025-08-22,35.47,18.13,26.61,1.86,28.03,83.61,1.22,77.95,2,14,89.22,1.07,1,0.0,Low,15.35
Lucknow,Uttar Pradesh,26.813252,80.906107,2023-01-07,20.72,14.84,17.2,11.59,27.54,76.85,0.34,71.88,3,73,84.56,0.5,6,0.01,Low,34.23
Ranchi,Jharkhand,23.376555,85.309794,2024-06-23,38.5,19.38,28.2,6.01,24.94,137.43,0.95,90.7,1,30,47.74,1.04,5,0.02,Low,22.26
Kochi,Kerala,9.994913,76.298345,2025-04-19,99.52,49.74,66.2,4.82,43.23,86.42,1.85,56.1,3,432,69.69,0.23,28,0.01,Low,31.48
Kanpur,Uttar Pradesh,26.437163,80.414838,2025-09-24,53.63,22.51,29.8,2.46,34.03,92.08,1.4,86.49,2,11296,97.77,1.1,2303,3.34,Low,27.78
Hyderabad,Telangana,17.460315,78.455895,2023-01-27,69.24,41.19,53.89,7.83,33.91,154.32,2.85,78.3,4,44339,61.72,0.76,5846,6.62,Low,28.49
Visakhapatnam,Andhra Pradesh,17.588463,83.125868,2023-05-11,164.69,106.93,136.02,1.7,45.96,25.86,0.23,41.46,4,4364,66.77,2.21,2255,12.76,Medium,54.04
Hubli,Karnataka,15.359101,75.070676,2024-08-20,56.85,37.98,54.32,2.57,21.7,50.44,0.74,62.54,3,118,74.32,0.13,13,0.01,Low,29.73
Surat,Gujarat,21.087075,72.810541,2024-05-21,61.06,21.6,26.74,6.5,41.08,18.12,2.16,36.97,3,50000,51.01,1.18,14790,27.46,Low,33.01
Bhopal,Madhya Pradesh,23.189089,77.358111,2024-07-22,51.27,19.93,22.33,2.83,18.79,27.92,2.28,75.91,2,31452,85.39,0.41,12960,20.65,Low,25.6
Indore,Madhya Pradesh,22.638227,75.793973,2025-02-04,43.95,22.46,28.87,0.37,25.91,86.36,3.71,79.69,6,14702,89.98,1.12,3568,4.4,Low,15.55
Varanasi,Uttar Pradesh,25.219334,82.954494,2023-04-21,300.86,165.66,220.96,5.82,75.12,71.5,0.0,69.88,4,26475,63.67,4.26,15179,282.6,Critical,75.12
Kolkata,West Bengal,22.625718,88.335822,2024-04-10,36.03,27.86,32.79,3.12,30.11,43.3,10.0,36.96,1,35,79.04,1.18,8,0.01,Low,14.73
Vijayawada,Andhra Pradesh,16.538784,80.688854,2023-11-29,213.06,139.26,176.1,1.64,53.26,47.35,1.07,84.8,5,205,74.87,3.29,79,0.41,High,65.17
Jodhpur,Rajasthan,26.229031,72.954545,2024-10-31,102.95,66.96,89.48,1.69,40.73,185.08,0.42,95.37,1,322,59.94,0.93,213,0.91,Medium,42.67
Vijayawada,Andhra Pradesh,16.482799,80.671705,2025-05-25,166.18,58.79,84.62,1.8,43.77,35.01,1.42,41.29,4,1044,74.71,1.82,904,6.06,Medium,49.55
Bangalore,Karnataka,12.975142,77.503196,2024-06-29,166.76,117.19,141.88,12.99,57.99,33.97,2.57,42.04,2,1610,77.39,2.48,939,5.92,High,63.26
Dhanbad,Jharkhand,23.731974,86.34071,2023-05-23,21.89,12.3,18.12,8.17,27.39,12.4,0.5,79.21,5,1056,89.49,0.58,152,0.26,Low,31.88
Guwahati,Assam,26.229823,91.691887,2025-03-29,72.7,42.59,51.24,7.11,45.12,174.89,0.39,36.55,4,7472,84.47,1.94,2653,19.07,Medium,44.16
Varanasi,Uttar Pradesh,25.320967,83.045121,2023-08-11,24.92,16.32,20.41,2.86,32.1,131.99,1.69,53.5,4,9108,80.34,0.62,1367,3.17,Low,10.48
Allahabad,Uttar Pradesh,25.461822,81.766546,2025-08-07,102.44,46.08,51.41,2.68,53.96,81.6,4.39,88.57,6,7408,88.85,0.43,1026,1.49,Low,32.43
Rajkot,Gujarat,22.217629,70.879221,2024-09-29,69.31,49.52,57.63,6.38,25.56,174.01,2.36,42.76,2,3568,65.86,0.26,734,0.66,Low,25.48
Dhanbad,Jharkhand,23.776439,86.448639,2023-01-09,88.9,36.22,47.45,5.76,39.18,490.49,1.53,99.66,6,218,75.32,0.3,63,0.05,Low,25.3
Vasai,Maharashtra,19.539916,72.89576,2024-05-06,78.17,41.51,50.31,2.73,49.03,76.46,3.91,86.72,1,2766,70.04,0.26,326,0.38,Low,27.79
Bhopal,Madhya Pradesh,23.341989,77.3516,2023-03-01,167.43,115.36,149.34,10.4,69.84,218.12,4.07,40.32,1,19690,69.94,3.46,19733,174.56,High,61.88
Bareilly,Uttar Pradesh,28.373139,75.472484,2023-03-11,65.43,23.62,30.94,5.28,26.68,128.99,3.73,58.44,2,2029,67.74,0.72,182,0.44,Low,25.59
Ahmedabad,Gujarat,23.099212,72.558142,2023-05-29,48.1,22.91,28.48,3.82,31.79,43.52,0.24,53.48,1,1143,71.29,0.94,434,0.56,Low,17.85
Nashik,Maharashtra,20.03984,73.877913,2024-05-02,57.07,18.5,26.61,2.87,27.23,101.34,6.62,81.74,4,89,87.45,1.18,5,0.03,Low,10.26
Howrah,West Bengal,22.682857,88.27512,2024-03-12,81.54,27.34,32.29,2.11,33.76,171.97,3.02,40.75,3,172,79.74,0.55,27,0.07,Low,13.7
Aurangabad,Maharashtra,19.958761,75.379919,2024-12-25,87.06,52.07,75.4,6.13,61.11,80.17,0.97,90.55,3,65,56.71,2.47,40,0.26,Medium,38.71
Patna,Bihar,25.687176,85.162002,2024-11-13,47.07,36.54,43.34,8.3,30.92,34.78,3.93,87.04,2,1108,79.25,1.1,357,0.78,Low,26.69
Varanasi,Uttar Pradesh,25.371525,82.922367,2023-08-07,92.26,69.32,83.41,9.15,44.83,45.68,3.27,94.77,3,3242,84.18,1.79,1767,15.34,Medium,38.67
Aurangabad,Maharashtra,19.963341,75.292793,2024-01-15,87.61,63.75,77.67,2.86,30.57,202.43,5.78,76.46,2,2434,69.21,0.89,530,1.94,Low,7.99
Coimbatore,Tamil Nadu,11.069838,76.894863,2024-08-18,260.51,186.19,242.87,6.16,65.75,129.62,4.81,70.88,1,606,96.19,3.36,475,7.91,High,57.87
Jaipur,Rajasthan,26.860887,75.833253,2025-04-30,52.32,36.01,47.67,6.57,31.62,29.43,1.69,61.21,1,279,60.78,0.93,172,0.19,Medium,37.84
Hyderabad,Telangana,17.455552,78.516096,2023-07-09,42.25,22.32,30.5,0.0,24.48,14.22,0.21,59.01,3,3645,83.97,1.14,1103,1.59,Low,23.85
Surat,Gujarat,21.22011,72.899815,2023-02-09,186.81,103.37,114.61,2.66,64.31,28.28,2.81,49.64,3,913,60.86,2.2,201,0.82,Medium,51.22
Solapur,Maharashtra,17.621471,75.918674,2023-08-23,47.43,25.17,33.49,3.97,34.04,146.57,2.76,86.58,4,339,67.1,0.31,18,0.02,Low,4.27
Varanasi,Uttar Pradesh,25.315913,83.034706,2025-04-19,153.7,91.94,134.64,1.12,47.13,181.83,4.36,41.08,2,11286,67.43,2.02,9535,67.31,Medium,40.17
Madurai,Tamil Nadu,9.989109,78.06093,2024-01-19,27.84,21.11,27.69,3.92,8.07,242.08,1.2,87.12,3,50000,91.46,0.32,2982,4.54,Low,4.37
Mumbai,Maharashtra,18.993159,72.962591,2024-02-23,120.5,90.21,110.37,4.01,56.34,141.93,3.21,73.91,2,1875,71.3,1.52,1224,7.43,Medium,43.07
Visakhapatnam,Andhra Pradesh,17.629769,83.289889,2025-08-31,89.2,59.97,71.21,3.42,43.63,95.19,0.99,57.23,4,9153,71.86,1.44,5213,22.48,Medium,36.69
Lucknow,Uttar Pradesh,26.927013,80.900711,2025-01-10,177.6,99.96,131.64,7.35,51.6,17.66,1.97,80.07,0,2876,24.33,3.82,2837,13.27,High,66.29
Aurangabad,Maharashtra,19.883665,75.336723,2023-11-11,115.57,86.91,128.28,5.47,41.44,56.66,0.48,91.38,1,74,84.25,1.54,18,0.07,Medium,50.88
Jodhpur,Rajasthan,26.329617,72.961298,2025-06-06,140.5,95.3,130.74,7.47,22.87,92.04,2.58,21.79,2,2011,75.26,1.11,513,2.25,Medium,42.79
Chandigarh,Chandigarh,30.679013,76.726139,2024-10-31,118.16,69.28,89.87,8.74,31.2,24.74,1.59,91.07,4,7133,51.14,2.11,2079,12.92,Medium,49.57
Howrah,West Bengal,22.676194,88.35509,2023-10-04,19.34,15.29,20.07,0.76,15.22,131.14,0.43,89.24,2,571,66.78,1.04,148,0.34,Low,10.42
Coimbatore,Tamil Nadu,10.992523,76.934055,2023-03-03,18.47,10.66,14.36,8.23,8.91,175.66,3.74,42.27,6,108,67.98,0.26,44,0.05,Low,19.16
Jodhpur,Rajasthan,26.284739,73.057973,2024-02-15,134.67,90.61,102.95,2.53,54.78,274.81,0.26,90.56,7,10365,62.95,0.88,2136,4.8,Low,31.83
Aurangabad,Maharashtra,19.808474,75.345188,2025-03-16,54.4,18.86,26.88,2.19,26.56,48.6,0.25,34.9,1,943,90.94,0.25,198,0.08,Low,28.59
Guwahati,Assam,26.135989,91.761108,2023-11-10,118.59,76.17,105.6,1.77,29.84,54.84,2.3,61.57,7,2030,71.53,0.77,526,0.56,Low,30.65
Agra,Uttar Pradesh,27.276303,78.003638,2023-03-19,178.61,78.31,95.24,5.24,59.34,116.82,1.02,40.89,2,7853,66.49,1.72,3474,7.53,Medium,53.17
Kota,Rajasthan,25.26555,75.770855,2023-12-08,51.99,22.96,33.66,4.94,33.11,122.35,0.7,37.73,3,98,77.96,0.33,23,0.01,Low,33.48
Nashik,Maharashtra,20.075418,73.844917,2024-01-03,66.69,29.73,35.79,4.81,23.15,35.36,9.85,87.64,7,112,81.84,0.55,12,0.03,Low,24.72
Vasai,Maharashtra,19.380557,72.73003,2024-10-17,265.97,158.78,212.39,4.78,62.63,84.12,0.74,89.09,5,592,24.19,2.41,694,4.84,High,70.04
Ranchi,Jharkhand,23.402694,85.379456,2025-01-14,40.65,16.12,20.06,2.7,27.01,140.33,2.36,87.69,2,11336,88.98,0.81,1699,6.27,Low,10.24
Chennai,Tamil Nadu,13.135476,80.304035,2025-03-31,96.22,32.86,46.45,3.84,21.74,92.3,0.75,85.84,4,195,83.2,0.59,29,0.03,Low,30.26
Amritsar,Punjab,31.67382,74.865628,2023-05-12,87.81,43.76,62.54,1.88,20.09,59.96,0.31,67.67,1,7027,79.52,0.28,467,0.23,Low,30.29
Surat,Gujarat,21.144327,72.867454,2024-07-10,52.73,35.95,52.25,5.52,41.2,221.85,0.16,42.77,1,1412,60.65,1.17,146,0.61,Low,26.15
Amritsar,Punjab,31.647526,74.880112,2023-01-24,18.99,8.46,11.3,15.12,27.7,46.57,6.48,83.21,1,406,87.74,0.93,256,0.39,Medium,35.06
Agra,Uttar Pradesh,27.219463,77.921291,2024-01-31,153.18,115.47,147.59,10.25,58.65,80.2,0.19,51.4,3,6451,76.81,2.95,6196,34.77,High,65.18
Dhanbad,Jharkhand,23.878388,86.405837,2023-10-07,66.0,26.19,38.33,6.78,26.06,108.42,3.53,40.63,6,1288,49.51,0.92,453,1.88,Low,19.42
Kalyan,Maharashtra,19.297394,73.173335,2023-01-26,73.7,30.93,38.21,2.39,29.11,180.51,1.47,79.2,3,85,74.16,0.76,3,0.01,Low,23.44
Vijayawada,Andhra Pradesh,16.555481,80.681302,2023-09-02,66.81,51.2,74.01,3.18,35.59,71.58,2.72,79.77,5,272,55.12,0.87,32,0.08,Low,17.14
Jaipur,Rajasthan,26.840314,75.765382,2025-09-10,59.2,19.68,24.31,5.37,19.25,115.85,3.35,91.08,4,404,92.07,0.27,55,0.07,Low,21.83
Raipur,Chhattisgarh,21.223956,81.681836,2025-09-04,106.97,55.0,72.79,5.43,44.05,50.62,9.03,41.11,3,527,56.25,2.35,369,3.94,Medium,40.41
Hyderabad,Telangana,17.315596,78.568981,2023-09-01,115.65,76.85,101.7,0.47,45.14,263.42,0.97,74.94,5,8911,83.94,1.98,4006,37.21,Medium,35.72
Coimbatore,Tamil Nadu,11.062714,76.886609,2024-01-19,33.14,23.81,26.98,7.59,23.43,66.97,1.81,61.65,3,498,53.23,0.52,105,0.07,Low,22.38
Kota,Rajasthan,25.221617,75.876467,2024-10-17,93.66,73.34,98.02,2.8,29.27,39.05,1.1,54.64,4,598,87.39,0.59,25,0.05,Low,27.17
Hyderabad,Telangana,17.329456,78.517348,2023-12-25,58.29,23.78,32.14,1.87,25.45,142.75,1.85,51.5,4,805,91.4,0.49,71,0.11,Low,21.85
Kota,Rajasthan,25.133315,75.788188,2025-05-15,44.31,15.62,21.62,3.47,37.26,50.91,5.09,61.55,2,7556,89.76,1.02,1872,3.87,Low,6.24
Vadodara,Gujarat,22.310216,73.191689,2023-11-11,183.41,86.43,122.6,4.04,65.5,41.69,0.05,70.03,2,1876,82.06,3.36,1450,8.06,High,64.31
Vasai,Maharashtra,19.492354,72.77436,2024-04-23,105.54,57.79,84.66,3.79,59.03,107.25,4.86,69.58,5,344,75.01,0.33,142,0.09,Low,28.29
Vasai,Maharashtra,19.38344,72.758941,2025-09-24,61.94,37.48,44.37,4.23,31.5,96.7,2.53,55.05,1,163,76.22,0.19,57,0.03,Low,30.81
Chennai,Tamil Nadu,12.997899,80.193415,2023-12-29,58.28,27.53,35.29,2.28,32.08,84.96,2.8,68.36,2,149,79.24,0.51,11,0.02,Low,20.01
Dhanbad,Jharkhand,23.873066,86.332507,2025-05-08,51.53,17.1,22.35,2.59,30.65,13.84,0.94,82.04,5,719,68.39,0.93,216,0.46,Low,34.49
Nagpur,Maharashtra,21.174891,79.084599,2023-10-14,179.92,117.24,131.99,10.46,57.4,49.35,0.59,50.28,3,1310,94.19,6.56,509,16.04,Critical,77.87
Guwahati,Assam,26.20345,91.820546,2024-10-19,33.16,21.02,24.32,3.15,17.25,103.1,2.94,52.75,4,702,69.23,1.2,70,0.1,Low,7.26
Vadodara,Gujarat,22.290971,73.177936,2024-02-14,43.22,13.72,18.48,3.14,29.96,34.25,1.88,82.09,2,10349,73.19,0.71,1953,1.59,Low,19.5
Dhanbad,Jharkhand,23.77247,86.422801,2023-08-09,27.71,11.3,13.58,4.79,34.42,74.66,3.08,71.75,0,2016,83.31,0.96,311,0.34,Low,21.21
Allahabad,Uttar Pradesh,25.397935,81.753418,2023-05-08,96.22,71.19,82.14,0.0,23.45,43.77,1.19,82.82,2,371,71.02,0.5,48,0.06,Low,27.51
Bangalore,Karnataka,12.986023,77.643222,2023-09-16,136.95,103.35,126.99,9.75,44.56,142.54,0.52,41.28,4,3489,73.75,2.32,3230,15.11,Medium,51.19
Kochi,Kerala,9.900098,76.304223,2025-09-23,122.32,94.82,129.33,1.71,49.1,146.68,5.7,64.26,4,3239,87.7,0.41,122,0.24,Low,31.9
Delhi,Delhi,28.626472,77.086434,2023-06-08,183.56,57.6,81.96,6.02,70.75,128.17,2.43,65.43,7,670,79.16,2.07,420,3.34,Medium,53.38
Ranchi,Jharkhand,23.3549,85.382966,2024-06-02,110.27,44.25,60.27,6.33,41.58,19.65,4.95,65.42,4,147,75.83,2.06,60,0.26,Medium,41.08
Srinagar,Jammu and Kashmir,33.996225,74.812404,2023-12-07,79.98,52.39,64.19,2.19,25.65,158.82,3.81,88.43,1,82,78.92,1.01,18,0.04,Low,13.72
Vadodara,Gujarat,22.244219,73.146796,2023-02-16,64.94,23.43,32.83,5.28,20.68,115.33,2.27,51.11,5,549,77.75,0.17,62,0.03,Low,24.08
Surat,Gujarat,21.081797,72.80897,2023-04-10,17.42,13.02,18.21,11.66,18.09,156.33,0.27,71.16,2,81,67.69,0.48,20,0.04,Low,28.73
Kanpur,Uttar Pradesh,26.418326,80.326479,2025-08-27,57.94,46.3,68.79,2.14,32.55,6.39,2.35,70.89,3,3198,60.14,1.18,928,2.84,Low,20.31
Chandigarh,Chandigarh,30.802769,76.811008,2024-09-25,42.08,17.07,21.13,4.23,23.31,15.19,2.33,84.91,0,10378,57.72,1.17,2206,2.8,Low,18.03
Indore,Madhya Pradesh,22.770628,75.860379,2024-11-10,101.17,71.26,95.48,3.79,60.56,164.8,0.8,25.97,4,5024,99.09,1.65,4083,8.36,Medium,39.93
Guwahati,Assam,26.228923,91.676956,2024-01-13,161.57,90.06,116.74,3.93,55.35,122.97,1.89,93.14,3,6235,47.48,0.95,1343,1.8,Medium,48.31
Aurangabad,Maharashtra,19.823142,75.413894,2024-04-19,25.81,18.87,26.98,7.77,16.59,182.11,2.36,70.58,2,645,44.07,1.18,203,1.03,Low,24.88
Kochi,Kerala,9.933095,76.227019,2024-08-25,89.91,65.46,79.73,2.22,24.53,178.69,5.68,39.09,5,8,83.64,0.23,0,0.0,Low,10.77
Kochi,Kerala,9.946264,76.217565,2023-06-13,43.28,21.33,25.4,5.48,35.7,50.05,1.73,18.43,1,645,57.27,0.37,104,0.09,Low,17.2
Kochi,Kerala,9.866839,76.346657,2024-02-24,41.16,14.79,18.79,5.39,32.42,46.55,1.09,52.59,2,388,88.16,0.37,42,0.06,Low,22.64
Bareilly,Uttar Pradesh,28.432619,75.493058,2025-07-12,26.02,17.51,19.59,1.85,21.24,163.35,0.08,80.3,5,80,49.51,0.52,12,0.02,Low,14.1
Kota,Rajasthan,25.205025,75.791279,2023-01-01,83.99,34.46,39.94,2.16,50.46,57.84,1.04,82.66,5,740,72.43,0.71,74,0.16,Low,28.53
Delhi,Delhi,28.674177,77.121022,2025-03-24,149.8,55.25,76.85,6.16,37.84,65.38,0.67,75.73,5,503,70.44,1.74,304,1.12,Medium,42.65
Hubli,Karnataka,15.391166,75.068924,2025-05-29,58.22,27.93,34.24,6.27,22.1,100.14,0.36,71.64,5,432,43.49,1.16,157,0.59,Low,27.98
Varanasi,Uttar Pradesh,25.321196,82.967002,2025-03-03,36.79,13.11,17.34,4.98,42.37,96.93,3.31,78.22,3,1273,62.05,0.43,252,0.45,Low,24.4
Aurangabad,Maharashtra,19.85251,75.404259,2023-12-11,135.56,90.17,109.07,2.29,49.89,164.17,1.08,30.23,7,340,66.12,2.46,158,1.39,Medium,35.76
Patna,Bihar,25.687269,85.167546,2023-01-10,69.25,29.39,41.14,7.24,28.02,41.74,1.42,65.96,2,229,56.5,1.82,52,0.11,Medium,40.83
Visakhapatnam,Andhra Pradesh,17.65837,83.164924,2023-07-27,55.65,18.96,25.29,5.5,11.42,120.41,3.21,33.76,3,950,67.95,0.53,157,0.3,Low,23.12
Varanasi,Uttar Pradesh,25.33773,82.95623,2025-01-18,52.5,41.0,51.67,2.18,36.56,156.28,3.58,24.25,0,3827,76.01,1.06,289,0.37,Low,18.48
Jaipur,Rajasthan,26.942333,75.847695,2025-01-01,90.73,28.99,32.58,3.36,41.62,151.01,0.85,73.79,1,45,90.94,0.77,13,0.03,Low,31.2
Raipur,Chhattisgarh,21.232164,81.549352,2023-10-25,56.84,40.68,58.87,0.0,20.92,298.91,2.41,36.97,1,59,82.96,1.05,16,0.05,Low,14.47
Mumbai,Maharashtra,19.098948,72.826687,2024-01-12,90.79,33.65,37.12,5.35,49.94,66.1,0.71,55.95,3,35,24.33,1.64,21,0.13,Medium,38.95
Ranchi,Jharkhand,23.402466,85.293511,2024-03-09,58.16,38.03,43.28,5.4,39.49,52.95,0.01,61.64,4,50000,51.94,0.91,5946,17.41,Low,28.77
Ranchi,Jharkhand,23.246497,85.341831,2024-07-07,76.41,46.96,54.41,0.91,19.69,7.87,1.46,40.22,4,16669,89.15,0.32,1921,0.8,Low,23.19
Varanasi,Uttar Pradesh,25.302983,82.885078,2025-01-30,172.13,124.65,173.48,7.64,39.17,20.54,1.48,48.9,2,3016,94.56,3.62,2355,27.32,High,59.32
Kanpur,Uttar Pradesh,26.481148,80.28664,2025-02-08,82.09,43.21,60.9,6.07,43.96,114.27,1.03,86.53,2,35864,98.07,1.96,25728,97.84,Medium,36.32
Howrah,West Bengal,22.682292,88.317965,2025-06-22,159.28,51.01,69.28,5.9,59.23,53.06,2.98,65.93,5,69,66.9,2.06,23,0.21,Medium,50.79
Delhi,Delhi,28.701931,77.062255,2025-06-24,72.96,32.5,47.79,4.67,41.81,190.6,0.17,39.89,0,48294,76.25,1.36,10802,49.58,Medium,35.28
Srinagar,Jammu and Kashmir,33.992084,74.879117,2025-08-10,85.44,38.75,58.07,0.16,46.63,66.46,3.63,43.05,3,50000,77.7,1.09,6650,19.29,Low,26.38
Jaipur,Rajasthan,26.873736,75.795504,2025-07-27,53.24,40.95,45.11,3.95,23.79,38.3,1.54,83.22,3,135,75.94,0.46,14,0.03,Low,31.43
Chennai,Tamil Nadu,13.121271,80.294539,2025-04-01,53.41,23.3,31.87,2.92,25.61,21.07,0.78,64.69,1,3510,86.11,0.63,1192,3.6,Low,31.22
Kochi,Kerala,9.982429,76.234421,2023-06-03,43.41,14.16,19.83,5.21,42.46,77.69,0.45,72.6,7,36,71.02,0.21,11,0.01,Low,25.07
Jodhpur,Rajasthan,26.167866,73.021531,2024-01-02,118.11,63.19,92.67,2.73,57.85,103.04,0.16,75.17,3,22,95.68,1.09,12,0.05,Medium,38.16
Chandigarh,Chandigarh,30.729443,76.715625,2024-03-09,145.6,102.23,131.15,8.25,53.63,61.86,3.5,20.5,4,1609,86.41,2.29,967,9.61,Medium,48.1
Dhanbad,Jharkhand,23.873295,86.407984,2025-01-15,107.78,53.7,70.7,4.81,31.89,79.59,0.49,77.48,7,1913,45.95,0.96,826,2.71,Medium,41.47
Patna,Bihar,25.507172,85.226074,2024-11-06,17.12,9.96,11.29,9.61,23.18,39.18,0.87,57.89,2,609,66.34,1.69,452,2.25,Medium,36.77
Mumbai,Maharashtra,19.058015,72.961425,2024-12-23,36.74,28.4,36.66,3.18,29.92,93.25,3.92,68.48,4,425,51.55,0.5,58,0.08,Low,7.37
Bhopal,Madhya Pradesh,23.344179,77.391464,2024-11-18,136.4,106.21,120.64,3.29,39.74,141.31,1.66,33.67,3,127,73.03,0.54,52,0.1,Low,29.09
Kolkata,West Bengal,22.530461,88.323424,2023-12-06,240.47,106.48,122.4,18.84,61.78,252.53,10.0,89.1,3,3651,92.42,2.86,1583,15.92,High,70.9
Hubli,Karnataka,15.415587,75.049802,2023-05-21,130.7,62.9,79.28,4.22,42.83,102.71,2.57,52.99,4,8360,56.73,1.35,6792,39.19,Medium,39.45
Kanpur,Uttar Pradesh,26.415723,80.334773,2024-03-30,46.05,21.27,27.31,7.95,24.7,53.46,0.4,47.95,5,466,41.96,0.18,83,0.06,Low,25.49
Solapur,Maharashtra,17.724511,75.92475,2023-03-23,40.91,21.72,31.37,5.54,41.39,128.41,3.03,64.01,3,8669,74.62,0.72,3074,8.22,Low,23.02
Kalyan,Maharashtra,19.180831,73.111111,2023-08-25,75.02,46.36,66.28,4.36,39.37,6.91,0.98,80.54,3,4333,82.31,2.09,1997,15.33,Medium,38.45
Coimbatore,Tamil Nadu,11.04641,76.97817,2024-03-23,71.91,40.19,58.99,0.34,34.72,183.38,1.85,60.92,2,115,70.77,0.27,26,0.02,Low,21.45
Jaipur,Rajasthan,26.877506,75.792016,2024-04-22,38.74,29.01,41.64,4.23,12.54,48.65,0.37,69.9,2,1131,96.22,0.94,73,0.21,Low,21.49
Howrah,West Bengal,22.537342,88.198993,2025-07-17,67.32,31.61,46.65,4.46,30.14,82.41,4.92,77.23,4,7,87.82,0.77,1,0.0,Low,25.47
Kolkata,West Bengal,22.530157,88.345275,2023-07-30,50.33,19.84,28.43,1.06,42.17,145.87,1.62,61.13,1,3303,59.37,0.59,815,1.56,Low,30.96
Faridabad,Haryana,28.410145,77.323961,2025-09-01,28.39,13.91,18.67,1.76,22.29,256.47,3.06,78.47,1,1006,67.69,0.13,246,0.1,Low,7.28
Srinagar,Jammu and Kashmir,33.993721,74.810939,2023-08-02,167.39,128.13,152.63,5.82,52.1,61.72,2.85,56.79,5,518,55.5,1.42,55,0.37,Medium,47.92
Varanasi,Uttar Pradesh,25.309647,82.885386,2025-08-17,36.07,22.9,32.31,3.73,33.18,79.66,6.09,81.0,4,1692,81.58,0.38,187,0.26,Low,10.6
Hyderabad,Telangana,17.441681,78.441719,2024-12-21,85.04,60.01,83.02,3.85,23.62,54.98,2.04,72.04,4,4,42.43,0.68,0,0.0,Low,24.11
Hubli,Karnataka,15.405175,75.093724,2025-05-16,102.86,33.37,42.01,4.74,53.67,33.51,0.92,46.1,6,1124,51.0,2.18,866,2.68,Medium,48.71
Hubli,Karnataka,15.40604,75.027072,2023-04-09,82.82,31.22,38.78,3.88,36.43,94.53,2.11,55.86,3,14235,97.06,0.15,3857,2.79,Low,22.15
Jodhpur,Rajasthan,26.311627,73.028924,2023-06-19,91.66,56.23,81.61,3.28,34.59,105.02,1.93,35.14,3,532,76.07,0.16,21,0.01,Low,22.48
Bareilly,Uttar Pradesh,28.277323,75.440242,2024-12-30,175.06,88.97,100.98,11.08,66.31,282.57,0.65,41.19,2,4710,76.99,3.09,2294,21.8,High,67.73
Nashik,Maharashtra,19.902122,73.70902,2025-01-01,188.13,97.85,124.24,8.91,55.61,113.91,1.44,70.24,7,260,48.23,3.31,148,1.73,High,56.37
Raipur,Chhattisgarh,21.178689,81.715831,2023-11-05,147.8,102.42,142.93,4.09,59.55,51.25,2.84,62.28,5,102,76.12,1.61,14,0.04,Medium,40.27
Bareilly,Uttar Pradesh,28.280539,75.354523,2023-02-14,161.62,66.61,78.58,9.96,33.27,48.74,0.11,43.11,4,100,84.31,2.29,79,0.89,High,64.14
Ranchi,Jharkhand,23.441464,85.24908,2023-04-14,47.02,31.01,35.42,5.7,28.89,25.84,0.65,33.76,5,150,91.36,0.73,26,0.04,Low,23.88
Bareilly,Uttar Pradesh,28.374311,75.318478,2023-10-27,54.28,31.0,37.09,5.37,35.59,174.06,0.17,34.68,4,219,71.87,0.31,80,0.09,Low,31.53
Guwahati,Assam,26.086481,91.771021,2025-08-13,248.26,191.46,265.91,4.01,66.99,188.88,0.12,39.54,1,4461,68.65,2.51,1826,11.27,High,66.21
Solapur,Maharashtra,17.756146,75.938557,2023-11-10,67.16,49.33,68.21,10.45,19.84,80.66,1.78,56.27,1,6310,74.62,1.79,1337,11.81,Medium,40.15
Ranchi,Jharkhand,23.310865,85.401912,2024-01-03,28.17,12.85,18.59,4.79,12.93,101.36,2.95,86.05,4,2266,77.31,0.39,645,0.95,Low,16.01
Vasai,Maharashtra,19.444716,72.854491,2025-03-21,41.64,13.12,19.67,5.13,19.9,90.0,4.98,68.24,1,185,78.32,1.11,31,0.09,Low,13.89
Vasai,Maharashtra,19.491775,72.850361,2024-01-16,131.35,68.43,96.55,3.71,38.18,205.74,2.13,58.59,1,49660,73.22,0.86,11715,16.29,Low,24.16
Pune,Maharashtra,18.559548,73.853355,2024-05-19,91.83,38.02,45.52,6.31,52.71,70.38,0.78,73.51,5,80,73.17,0.59,7,0.01,Low,34.99
Solapur,Maharashtra,17.566539,75.896718,2023-07-13,35.74,16.24,20.06,4.21,30.75,39.75,2.72,16.5,2,1676,87.06,1.0,400,1.07,Low,19.38
Nashik,Maharashtra,20.036058,73.7286,2025-08-27,66.51,38.75,57.91,4.71,44.43,30.01,4.47,50.95,3,2915,74.29,0.49,134,0.19,Low,33.39
Aurangabad,Maharashtra,19.913114,75.28221,2023-07-13,176.95,113.79,163.19,4.73,47.98,161.69,0.84,73.81,2,4629,74.81,3.84,1828,30.87,High,59.88
Bareilly,Uttar Pradesh,28.437605,75.310243,2024-01-02,96.5,29.88,33.36,0.74,31.81,31.13,1.25,75.85,8,200,79.3,0.55,65,0.1,Low,22.37
Howrah,West Bengal,22.582661,88.362576,2025-07-08,93.27,64.62,92.96,4.72,43.32,67.45,0.93,49.39,1,3315,62.12,1.33,1714,9.29,Medium,36.67
Vijayawada,Andhra Pradesh,16.562165,80.732487,2024-12-29,96.94,55.86,74.14,2.38,39.81,200.96,0.14,66.52,2,3363,82.61,0.37,553,0.69,Low,22.5
Kalyan,Maharashtra,19.204785,73.088904,2024-07-15,146.61,84.17,98.98,5.06,39.11,47.19,0.4,82.26,8,2879,73.3,2.09,1323,12.24,Medium,49.4
Vadodara,Gujarat,22.389137,73.141206,2024-03-25,102.55,61.57,85.34,7.61,18.14,49.58,1.75,22.35,2,102,63.01,1.1,74,0.36,Medium,50.44
Raipur,Chhattisgarh,21.318314,81.532414,2023-06-17,42.22,28.84,43.18,2.16,35.11,97.15,3.8,67.01,4,179,66.47,0.43,21,0.02,Low,10.35
Kota,Rajasthan,25.176834,75.777073,2023-08-22,52.79,21.75,25.3,5.09,30.59,111.25,3.18,42.0,1,282,78.7,0.69,31,0.02,Low,19.2
Delhi,Delhi,28.619878,77.013755,2024-05-01,75.61,30.78,34.16,3.44,34.98,82.54,0.5,25.96,3,5397,97.57,0.34,1322,1.45,Low,26.67
Kota,Rajasthan,25.13507,75.821151,2023-07-30,121.96,46.81,68.21,8.12,36.4,103.86,0.35,83.98,2,251,88.16,1.97,141,1.36,Medium,41.62
Kota,Rajasthan,25.189222,75.96465,2024-11-11,90.22,64.51,83.02,9.52,34.05,63.55,0.13,67.53,3,317,98.62,1.66,39,0.3,Medium,43.0
Patna,Bihar,25.659697,85.054917,2023-08-27,111.87,37.03,46.95,1.35,42.96,199.1,2.13,66.02,2,1968,63.99,0.49,431,0.34,Low,30.45
Howrah,West Bengal,22.50695,88.163796,2025-06-11,95.25,35.74,48.76,5.32,11.4,61.32,0.69,29.39,7,662,56.5,1.01,249,0.29,Low,32.08
Delhi,Delhi,28.706924,77.184149,2023-02-06,68.01,45.73,61.9,0.77,43.77,316.0,0.61,44.17,2,4938,61.56,0.13,312,0.07,Low,29.71
Howrah,West Bengal,22.519523,88.34612,2023-03-20,25.11,8.77,12.42,1.55,24.78,118.71,0.58,62.56,5,78,85.99,0.43,19,0.02,Low,16.77
Kalyan,Maharashtra,19.184019,73.166677,2025-06-08,131.98,71.12,86.04,9.22,54.0,121.83,3.1,81.42,1,184,90.06,1.76,64,0.18,Medium,41.28
Gwalior,Madhya Pradesh,26.264286,78.137937,2024-11-17,69.09,35.2,40.77,4.12,44.16,331.61,0.21,72.4,4,2351,86.28,0.24,541,0.24,Low,33.1
Pune,Maharashtra,18.608578,73.875757,2024-01-19,69.33,46.9,67.2,3.64,34.08,87.14,0.61,27.93,4,6548,60.35,0.74,814,0.75,Low,29.69
Kolkata,West Bengal,22.635275,88.462135,2023-05-06,44.34,29.59,34.87,5.04,27.89,63.63,1.53,65.25,3,506,93.06,0.88,93,0.33,Low,15.26
Gwalior,Madhya Pradesh,26.219412,78.09593,2024-01-29,76.39,41.73,60.36,3.8,27.32,128.74,4.4,72.6,5,85,48.71,1.01,9,0.02,Low,13.88
Kalyan,Maharashtra,19.192488,73.048774,2025-06-08,94.7,47.13,61.02,0.51,49.36,29.19,3.1,64.67,1,589,71.76,0.55,66,0.08,Low,32.51
Bangalore,Karnataka,12.885523,77.690009,2024-12-01,112.75,77.46,89.34,5.02,63.65,79.1,1.18,94.54,2,194,80.73,1.69,70,0.14,Medium,52.45
Agra,Uttar Pradesh,27.09053,78.011792,2024-05-22,38.61,19.61,23.51,4.16,20.98,139.33,2.21,46.94,3,6346,60.23,0.67,646,1.14,Low,16.24
Surat,Gujarat,21.25898,72.924177,2024-09-23,130.8,77.31,106.82,13.26,61.14,110.56,0.68,83.36,3,12335,91.41,3.45,11056,139.75,High,63.96
Rajkot,Gujarat,22.307045,70.876103,2023-01-12,55.46,17.78,25.87,4.06,28.88,49.63,1.25,38.41,4,33969,63.76,2.08,15813,114.96,Medium,35.4
Howrah,West Bengal,22.589578,88.242541,2023-01-26,60.55,27.64,40.47,0.97,28.86,34.99,2.04,49.98,5,501,81.73,0.19,132,0.11,Low,19.04
Guwahati,Assam,26.120295,91.799943,2023-07-07,94.77,75.35,86.45,6.29,47.86,41.37,0.41,38.78,6,444,94.68,0.81,389,1.29,Medium,36.86
Bangalore,Karnataka,13.070199,77.617163,2024-03-18,93.83,54.97,71.64,4.28,50.73,44.02,7.72,62.77,5,1223,69.76,0.97,112,0.23,Low,34.5
Visakhapatnam,Andhra Pradesh,17.675877,83.2282,2025-04-10,48.13,24.74,29.68,3.23,27.4,152.05,1.1,47.85,2,378,90.89,1.11,56,0.11,Low,6.74
Dhanbad,Jharkhand,23.818718,86.519704,2023-10-15,68.61,30.03,37.95,1.78,44.62,111.57,0.92,82.69,0,1085,71.74,0.15,317,0.19,Low,26.1
Srinagar,Jammu and Kashmir,34.034602,74.831564,2025-04-22,85.97,64.02,93.48,1.66,56.32,73.51,0.24,56.87,3,1391,51.03,1.0,606,1.63,Medium,35.8
Bhopal,Madhya Pradesh,23.238201,77.443139,2024-10-12,83.93,35.98,51.94,7.31,37.7,83.69,2.93,56.66,9,6145,87.18,0.78,2451,8.3,Low,30.87
Pune,Maharashtra,18.557896,73.900638,2025-01-01,64.58,28.79,41.65,2.03,46.33,45.93,0.99,85.66,2,27991,57.99,1.21,12256,40.2,Medium,37.88
Visakhapatnam,Andhra Pradesh,17.653909,83.290993,2023-02-11,24.41,16.66,18.36,2.99,23.27,284.13,1.01,82.48,3,759,90.59,0.28,214,0.28,Low,11.42
Srinagar,Jammu and Kashmir,34.133027,74.871431,2024-06-21,104.83,58.91,87.87,7.84,32.89,114.92,3.45,54.78,0,13537,93.99,1.05,5291,16.11,Medium,42.7
Pune,Maharashtra,18.443827,73.766269,2023-09-08,17.96,9.25,11.5,4.48,12.06,71.54,1.13,68.79,4,412,93.32,0.27,29,0.03,Low,18.05
Visakhapatnam,Andhra Pradesh,17.641605,83.268174,2023-03-29,43.37,17.71,22.43,6.29,25.79,119.87,5.15,88.81,5,60,76.47,0.13,19,0.0,Low,11.86
Ranchi,Jharkhand,23.420781,85.319881,2023-11-23,122.5,77.59,90.78,2.16,38.07,178.44,1.28,19.73,2,490,78.89,1.1,123,0.54,Low,27.98
Kanpur,Uttar Pradesh,26.431514,80.290358,2023-10-23,161.55,114.67,171.04,1.62,41.08,27.0,1.91,68.51,3,380,92.15,1.29,216,1.38,Medium,54.91
Solapur,Maharashtra,17.683018,75.906808,2025-01-18,174.22,87.22,100.81,2.7,46.8,229.35,3.04,89.48,1,2207,51.32,1.11,756,3.41,Medium,35.02
Jabalpur,Madhya Pradesh,23.107378,79.944398,2024-10-10,81.04,61.43,85.23,5.17,54.22,66.2,5.76,83.12,1,1090,74.24,0.35,90,0.06,Low,24.03
Lucknow,Uttar Pradesh,26.751106,81.014077,2024-06-26,47.19,22.39,27.2,2.58,43.94,47.48,0.47,54.14,2,289,61.18,0.58,42,0.08,Low,27.76
Chandigarh,Chandigarh,30.780198,76.792524,2023-06-17,133.7,76.64,110.94,5.31,52.88,143.65,2.52,66.06,3,29042,52.09,2.14,10927,42.34,Medium,40.53
Dhanbad,Jharkhand,23.704183,86.426844,2024-08-30,55.16,20.7,30.53,0.99,19.82,45.83,0.03,91.24,4,1508,60.25,1.0,464,0.48,Low,26.47
Lucknow,Uttar Pradesh,26.880682,81.00392,2023-05-27,86.87,27.23,38.37,3.95,49.8,192.55,6.77,69.65,1,523,65.85,0.59,51,0.15,Low,14.39
Patna,Bihar,25.642214,85.177678,2024-05-14,46.86,33.61,49.38,7.51,29.05,53.73,4.12,57.03,3,1527,89.77,0.23,94,0.09,Low,21.62
Nagpur,Maharashtra,21.180965,79.031133,2023-07-22,117.69,48.56,69.86,7.21,50.74,389.4,4.54,69.27,2,63,68.96,1.5,28,0.15,Medium,36.76
Hubli,Karnataka,15.430602,75.050186,2025-02-06,123.37,84.65,96.99,4.21,39.06,144.27,1.3,94.36,4,373,75.27,0.99,181,0.37,Medium,40.55
Kolkata,West Bengal,22.558038,88.452171,2025-03-26,45.21,14.72,19.79,0.43,33.75,9.6,0.64,40.64,0,657,85.09,0.95,211,0.49,Low,23.66
Kanpur,Uttar Pradesh,26.386442,80.34204,2025-01-30,120.31,95.59,108.64,6.96,37.12,105.99,4.83,45.25,0,1855,58.86,0.25,178,0.07,Low,32.21
Coimbatore,Tamil Nadu,11.005246,76.887628,2023-07-13,122.29,38.85,44.26,4.51,42.05,71.8,1.24,79.33,3,330,32.34,1.24,145,0.71,Medium,45.5
Kochi,Kerala,9.966548,76.302152,2024-01-08,149.77,80.01,104.38,2.98,41.63,78.68,0.04,71.2,1,181,57.52,0.84,43,0.08,Medium,37.79
Ranchi,Jharkhand,23.283044,85.278223,2023-01-18,45.4,17.39,21.31,4.94,26.01,65.81,0.16,87.51,3,997,62.87,0.47,84,0.17,Low,27.42
Ahmedabad,Gujarat,22.998598,72.483686,2024-01-23,141.08,88.17,103.08,2.48,51.66,95.15,0.72,21.79,3,5746,88.79,2.32,2014,16.5,Medium,46.25
Hubli,Karnataka,15.443172,75.111638,2025-08-11,76.82,61.38,78.42,2.53,38.16,50.52,1.31,76.26,6,346,63.95,0.31,52,0.03,Low,26.06
Delhi,Delhi,28.756759,77.064158,2023-04-02,72.39,54.21,60.78,4.71,33.54,10.45,0.66,52.11,2,279,65.33,1.85,102,0.48,Medium,40.01
Mumbai,Maharashtra,18.976055,72.855885,2023-07-04,65.41,27.84,36.05,8.86,47.64,17.41,2.81,86.93,4,6211,81.42,1.78,5273,25.96,Medium,37.16
Faridabad,Haryana,28.42384,77.349147,2024-08-26,92.42,60.32,73.89,5.87,41.05,76.59,2.63,73.48,2,43157,74.8,0.71,9832,11.33,Low,32.5
Madurai,Tamil Nadu,9.870974,78.103488,2023-05-28,48.38,14.52,20.84,1.98,3.95,41.64,2.15,78.42,5,25,79.81,0.41,2,0.0,Low,15.24
Gwalior,Madhya Pradesh,26.311833,78.220532,2025-02-04,41.98,21.54,25.07,5.02,27.89,102.47,6.15,23.14,2,1880,93.79,0.59,227,0.33,Low,8.15
Allahabad,Uttar Pradesh,25.516784,81.819133,2023-08-17,72.41,37.67,47.54,3.14,28.56,112.77,1.94,79.32,1,49,85.73,1.08,14,0.04,Low,21.46
Solapur,Maharashtra,17.601182,75.969116,2023-09-24,18.5,6.24,8.74,5.59,12.91,18.27,0.2,80.17,4,2344,72.97,1.16,146,0.43,Low,29.79
Surat,Gujarat,21.16794,72.841612,2024-10-05,141.04,68.01,100.2,9.05,52.12,145.89,2.95,46.96,2,60,89.56,1.21,16,0.03,Medium,47.08
Bangalore,Karnataka,12.92295,77.694232,2024-07-30,158.32,105.58,152.71,1.29,46.02,124.86,1.65,54.96,0,335,73.07,0.86,258,0.4,Medium,50.31
Surat,Gujarat,21.207613,72.775658,2025-07-26,156.07,56.85,72.46,4.08,41.64,141.29,0.33,46.82,3,828,65.24,2.98,787,10.8,High,55.59
Lucknow,Uttar Pradesh,26.934401,80.910628,2023-12-02,61.74,20.45,23.49,3.73,34.12,132.27,2.16,69.21,2,1495,58.53,0.33,119,0.14,Low,17.22
Patna,Bihar,25.527665,85.236139,2023-09-14,27.5,20.57,27.49,7.04,18.37,43.78,3.14,42.31,7,353,83.22,0.62,81,0.19,Low,24.64
Bhopal,Madhya Pradesh,23.207689,77.445251,2025-05-18,53.36,28.4,37.1,3.67,47.49,67.06,0.12,54.12,3,1089,77.62,0.29,197,0.16,Low,32.42
Madurai,Tamil Nadu,9.877351,78.028341,2024-05-28,36.65,26.32,34.48,18.08,17.12,17.37,2.09,48.69,2,2329,72.48,1.17,1307,3.19,Medium,41.16
Solapur,Maharashtra,17.675658,75.811948,2023-12-12,83.93,39.73,51.1,4.81,34.01,58.49,0.56,65.05,2,6855,80.68,0.34,1815,0.84,Low,28.51
Jaipur,Rajasthan,26.863716,75.886418,2025-02-04,59.5,25.86,32.61,1.9,36.8,146.16,5.93,73.31,9,3214,47.86,1.05,368,1.41,Low,15.97
Chennai,Tamil Nadu,13.10222,80.219852,2023-12-14,36.33,26.57,30.21,0.49,30.44,57.22,4.26,38.39,4,3610,58.06,0.21,709,0.49,Low,2.67
Dhanbad,Jharkhand,23.839444,86.506596,2024-04-27,96.74,61.51,84.66,12.06,39.01,86.07,4.13,51.67,2,29894,75.46,0.78,10315,10.46,Low,31.52
Surat,Gujarat,21.212492,72.749675,2024-03-15,52.11,38.51,55.57,7.3,22.7,41.66,1.82,72.65,4,192,91.25,1.3,132,0.57,Medium,35.1
Bangalore,Karnataka,12.917577,77.587009,2025-05-29,36.25,17.18,23.72,0.62,39.62,58.2,2.57,97.86,8,1619,71.16,0.77,274,1.03,Low,13.29
Hubli,Karnataka,15.303432,75.037196,2024-10-05,146.1,81.58,102.5,0.2,44.0,91.11,0.06,74.69,1,684,69.94,1.88,147,0.75,Medium,45.59
Vadodara,Gujarat,22.294851,73.204528,2024-09-08,73.93,54.92,80.1,5.71,48.79,53.69,1.93,84.99,3,21598,42.03,0.95,19123,28.27,Medium,37.55
Vijayawada,Andhra Pradesh,16.575271,80.642011,2025-03-18,39.39,29.86,43.86,0.0,22.05,8.5,2.9,89.02,3,1732,92.86,0.35,445,0.47,Low,12.39
Ranchi,Jharkhand,23.252264,85.399877,2024-02-20,182.32,103.66,136.26,9.76,43.69,67.23,0.32,21.83,2,1777,82.29,3.92,1761,34.39,High,67.22
Delhi,Delhi,28.67081,77.146315,2025-03-17,56.98,43.52,54.98,9.51,32.05,240.66,5.43,61.23,3,144,66.53,1.1,34,0.12,Low,20.74
Mumbai,Maharashtra,19.060379,72.861658,2024-06-08,22.83,17.54,22.87,3.04,25.61,22.78,5.24,86.16,2,3324,84.8,0.68,416,0.84,Low,14.47
Kota,Rajasthan,25.139996,75.899358,2024-06-20,45.35,36.18,51.26,2.56,32.54,15.62,0.34,42.51,3,6760,68.25,0.99,770,1.68,Low,21.74
Jodhpur,Rajasthan,26.294105,73.096591,2025-01-12,57.81,37.35,47.64,6.99,44.4,206.59,0.89,93.58,5,3334,76.64,0.89,776,1.3,Low,33.09
Varanasi,Uttar Pradesh,25.379844,83.067756,2025-04-25,120.16,67.81,88.19,4.34,59.02,130.25,0.43,62.05,3,38355,91.25,1.13,17281,26.8,Medium,42.84
Kolkata,West Bengal,22.581304,88.294908,2023-10-01,58.96,28.75,42.31,4.8,23.16,49.78,3.01,95.41,6,1977,78.7,0.33,264,0.25,Low,28.63
Kalyan,Maharashtra,19.150754,73.03416,2023-02-17,19.53,6.11,7.57,1.39,24.23,73.01,0.1,75.46,3,236,78.12,0.21,103,0.03,Low,20.61
Kalyan,Maharashtra,19.167078,73.125966,2023-12-26,165.69,60.94,88.32,9.02,56.82,52.73,3.0,37.13,1,207,51.69,2.4,238,1.39,High,59.5
Howrah,West Bengal,22.550087,88.201806,2023-10-09,127.74,40.42,60.13,3.78,39.7,89.04,0.15,69.55,1,17542,52.95,2.21,8996,50.83,Medium,41.84
Nashik,Maharashtra,19.969505,73.834916,2023-04-29,66.05,27.43,31.45,0.54,27.11,112.78,0.93,89.17,5,5841,67.31,0.48,781,1.66,Low,28.16
Visakhapatnam,Andhra Pradesh,17.695382,83.294318,2025-01-29,112.02,42.26,54.97,0.38,31.96,7.61,2.7,54.99,3,184,88.3,0.39,39,0.03,Low,33.37
Patna,Bihar,25.616551,85.199877,2024-09-25,95.8,60.67,74.38,8.63,30.28,17.97,0.62,73.0,5,98,33.12,1.93,21,0.2,Medium,39.19
Gwalior,Madhya Pradesh,26.317537,78.251103,2025-01-10,68.13,34.76,38.73,5.16,31.12,144.82,1.8,56.33,1,32,70.85,0.2,9,0.0,Low,28.48
Vadodara,Gujarat,22.386412,73.110191,2025-07-15,60.43,26.09,36.98,10.77,28.96,115.95,1.85,63.81,3,19241,37.71,1.21,10926,22.57,Medium,41.5
Indore,Madhya Pradesh,22.689123,75.77088,2023-02-27,151.98,54.85,71.7,6.88,40.45,2.4,5.36,69.33,1,2390,73.0,1.12,1195,6.66,Medium,47.31
Kolkata,West Bengal,22.56061,88.455866,2023-08-23,149.65,92.78,137.44,1.69,56.4,64.91,1.31,66.09,3,2464,41.28,0.83,527,1.55,Medium,36.22
Varanasi,Uttar Pradesh,25.373232,82.927861,2024-07-21,52.86,36.52,51.85,4.77,29.8,69.27,1.0,65.52,3,434,81.35,1.1,138,0.47,Low,33.21
Agra,Uttar Pradesh,27.188089,77.994032,2025-07-07,98.87,56.22,74.51,4.03,60.41,101.06,5.17,52.44,4,20,70.67,0.24,3,0.0,Low,26.72
Patna,Bihar,25.546298,85.192449,2025-03-11,139.35,99.44,109.64,2.39,56.23,75.25,0.2,50.13,0,233,84.79,1.7,115,0.21,Medium,41.79
Kota,Rajasthan,25.269141,75.776898,2023-09-24,67.14,21.13,30.35,5.05,28.1,89.13,0.09,62.45,0,50000,92.39,0.89,6661,21.5,Low,28.61
Kalyan,Maharashtra,19.173751,73.058155,2024-05-06,49.11,15.14,19.48,2.34,38.29,72.49,3.01,61.07,2,13,40.11,1.02,2,0.01,Low,15.83
Indore,Madhya Pradesh,22.736719,75.943163,2023-11-22,74.97,54.55,74.56,8.85,30.53,43.96,2.08,74.69,0,146,60.17,0.93,37,0.05,Medium,35.93
Hyderabad,Telangana,17.39936,78.451466,2023-01-20,17.55,9.55,11.13,2.76,18.44,49.63,3.0,40.26,0,338,76.79,0.46,139,0.09,Low,16.42
Hyderabad,Telangana,17.28884,78.486232,2025-05-18,83.46,43.31,64.08,7.46,36.91,57.96,1.4,85.29,4,1412,78.56,2.44,355,3.21,Medium,37.36
Jodhpur,Rajasthan,26.208527,73.055949,2023-06-14,104.83,52.33,63.52,5.28,51.97,174.69,7.71,89.9,4,4687,80.28,1.59,3704,28.65,Medium,37.94
Jaipur,Rajasthan,26.961407,75.88409,2025-03-05,116.01,43.73,59.65,6.12,34.8,183.91,5.22,83.43,0,7465,80.25,0.81,2958,10.15,Low,31.84
Bareilly,Uttar Pradesh,28.281436,75.352134,2024-02-16,103.36,66.66,95.76,4.9,41.5,78.21,2.35,65.81,2,602,75.7,2.21,475,2.39,Medium,43.95
Rajkot,Gujarat,22.318042,70.738292,2023-01-30,38.32,11.75,15.27,3.48,25.31,26.23,0.39,48.78,3,1525,65.05,0.13,334,0.14,Low,16.47
Nashik,Maharashtra,20.010721,73.80591,2024-06-09,124.11,69.3,92.81,3.99,54.41,24.0,0.49,43.04,3,413,91.76,0.97,357,1.3,Medium,48.14
Ahmedabad,Gujarat,23.020611,72.482365,2024-08-18,124.07,98.78,130.51,3.32,63.15,302.74,0.36,88.68,4,14,60.14,0.96,5,0.01,Medium,42.69
Coimbatore,Tamil Nadu,11.07573,77.026365,2023-03-18,12.83,6.69,8.07,4.17,29.12,115.91,0.1,54.87,3,2243,92.4,0.34,506,0.7,Low,17.97
Allahabad,Uttar Pradesh,25.373692,81.909514,2023-11-12,136.5,95.75,110.77,3.95,70.0,159.6,0.78,55.12,3,75,95.23,1.11,19,0.07,Medium,47.48
Delhi,Delhi,28.716462,77.038669,2025-01-23,84.39,44.77,50.58,8.86,47.09,113.76,0.02,82.68,4,557,39.04,1.64,284,1.21,Medium,43.1
Surat,Gujarat,21.174966,72.913651,2025-02-09,71.7,51.01,58.51,11.61,31.15,117.36,0.69,80.27,3,651,56.81,1.76,279,0.89,Medium,38.18
Nashik,Maharashtra,20.056048,73.849696,2024-06-12,111.13,54.33,68.31,3.45,49.61,51.91,1.86,67.86,4,44,87.41,1.35,28,0.09,Medium,41.54
Surat,Gujarat,21.212186,72.875159,2025-07-19,44.86,24.83,27.65,3.03,27.9,112.7,2.1,67.36,5,94,77.79,0.75,34,0.07,Low,8.12
Kolkata,West Bengal,22.621799,88.346952,2023-10-19,196.42,128.28,162.3,5.3,50.06,20.75,0.99,45.89,2,181,76.89,3.16,128,1.24,High,64.9
Agra,Uttar Pradesh,27.210103,77.954231,2024-06-27,92.12,45.89,52.69,4.23,36.09,157.9,0.11,59.45,3,6031,69.3,1.1,1376,4.23,Low,27.37
Varanasi,Uttar Pradesh,25.224453,82.907494,2023-10-19,49.43,19.23,22.73,3.29,32.62,54.49,1.7,18.35,5,213,66.16,0.12,34,0.02,Low,15.66
Kolkata,West Bengal,22.483453,88.267308,2024-03-31,32.08,10.54,14.68,1.8,34.48,31.65,2.92,44.59,2,580,68.65,1.07,86,0.14,Low,18.41
Kolkata,West Bengal,22.531863,88.416451,2023-02-17,96.48,41.77,47.12,3.4,45.5,36.63,1.59,39.18,2,49,89.57,1.39,29,0.1,Medium,36.52
Agra,Uttar Pradesh,27.219362,77.92002,2024-06-08,49.55,35.98,47.12,0.51,45.74,147.36,1.2,59.33,3,1334,95.36,0.82,262,0.79,Low,14.24
Madurai,Tamil Nadu,9.961666,78.199849,2025-06-23,20.87,14.65,19.73,3.19,21.24,24.87,0.07,74.8,2,4539,64.25,0.39,657,0.78,Low,22.24
Ahmedabad,Gujarat,23.051731,72.628398,2023-02-01,37.97,13.37,19.76,3.68,8.23,51.56,0.6,75.53,0,974,75.43,0.99,478,1.95,Low,14.31
Nagpur,Maharashtra,21.082376,79.140495,2025-04-21,71.74,25.6,32.1,3.09,22.24,3.81,0.02,81.4,1,50000,23.81,0.48,11377,14.28,Low,30.29
Solapur,Maharashtra,17.682527,75.84228,2025-06-24,115.16,45.47,62.51,4.47,50.76,123.01,7.7,96.1,6,3726,71.88,0.47,439,0.57,Low,33.91
Pune,Maharashtra,18.579577,73.765044,2023-03-03,78.63,43.77,49.81,4.23,33.84,62.83,0.3,63.93,1,50000,78.14,0.86,4074,11.22,Low,32.58
Bangalore,Karnataka,12.880491,77.691589,2024-05-23,38.69,23.87,26.58,4.65,30.03,43.1,0.24,54.65,3,30212,63.02,0.27,7284,3.97,Low,26.7
Srinagar,Jammu and Kashmir,34.058764,74.860256,2025-04-15,170.17,133.21,165.36,10.33,64.44,31.81,1.62,29.74,5,982,94.69,6.52,1046,31.24,Critical,78.24
Hubli,Karnataka,15.29448,75.167448,2024-10-15,84.74,67.61,87.57,3.54,45.86,113.94,1.27,65.76,1,3967,63.66,0.48,802,1.5,Low,27.1
Amritsar,Punjab,31.726881,74.910551,2023-06-30,55.34,35.69,49.24,8.87,34.84,15.41,0.75,28.81,3,2642,89.28,1.9,1487,7.94,Medium,42.29
Kanpur,Uttar Pradesh,26.532633,80.237625,2025-05-25,51.51,21.67,30.89,4.22,24.06,59.68,1.28,82.33,4,302,63.0,0.32,13,0.01,Low,31.37
Chandigarh,Chandigarh,30.713115,76.839413,2024-01-01,129.71,57.94,85.16,6.58,51.33,57.61,1.34,91.36,6,4876,63.71,1.27,1376,6.24,Medium,44.64
Indore,Madhya Pradesh,22.663446,75.841127,2025-08-27,85.55,36.83,42.9,6.62,49.14,19.02,1.37,85.91,7,50000,90.38,0.92,5597,23.52,Low,34.88
Jaipur,Rajasthan,26.851603,75.772268,2024-05-26,53.64,29.51,37.48,7.25,31.93,185.33,1.99,63.08,2,41,67.72,0.31,8,0.0,Low,34.93
Mumbai,Maharashtra,19.165623,72.859393,2024-08-24,108.24,67.5,97.75,4.46,55.53,75.37,0.95,24.7,4,262,77.82,1.77,63,0.28,Medium,49.99
Hubli,Karnataka,15.311626,75.115697,2023-01-17,174.63,135.15,171.37,3.45,53.91,69.6,3.19,75.55,3,296,68.45,2.0,51,0.49,Medium,50.62
Pune,Maharashtra,18.472094,73.834586,2025-04-01,40.06,20.62,27.64,13.79,33.61,330.96,2.2,73.55,3,394,84.08,0.64,100,0.12,Low,18.77
Surat,Gujarat,21.211391,72.831818,2024-11-07,96.29,69.92,88.77,5.56,26.67,115.14,1.25,62.71,1,579,92.05,1.18,114,0.61,Low,28.77
Faridabad,Haryana,28.464737,77.280379,2023-04-09,97.63,30.99,39.41,5.29,40.35,120.84,3.76,63.55,2,50000,49.2,1.18,2613,4.03,Low,31.4
Howrah,West Bengal,22.583717,88.226199,2023-04-25,69.92,36.87,42.74,4.48,17.26,153.08,0.66,39.04,2,4849,58.47,1.17,1836,2.66,Low,26.68
Madurai,Tamil Nadu,9.895999,78.148597,2025-01-11,41.22,19.31,28.22,5.38,29.89,12.02,4.27,67.97,2,8465,67.47,0.84,3471,7.11,Low,16.48
Bangalore,Karnataka,12.949725,77.567749,2024-04-17,44.41,24.34,26.84,10.61,40.61,187.8,2.96,46.17,2,685,74.22,0.34,27,0.03,Low,29.11
Allahabad,Uttar Pradesh,25.429206,81.903685,2023-07-05,95.53,59.23,79.12,11.58,35.67,74.32,0.83,53.97,1,50000,60.44,2.35,20259,200.19,Medium,48.13
Nagpur,Maharashtra,21.106034,79.056167,2024-10-07,70.68,21.68,31.88,12.2,27.14,246.62,1.54,80.9,1,627,88.28,0.22,60,0.04,Low,33.85
Lucknow,Uttar Pradesh,26.752206,80.958473,2024-02-14,67.7,32.03,42.58,6.23,46.01,92.39,1.02,76.78,1,804,76.88,0.9,112,0.16,Low,31.13
Nashik,Maharashtra,19.983841,73.821289,2025-06-23,63.76,29.66,42.57,4.07,30.94,106.2,1.23,49.1,5,14,57.37,0.9,2,0.01,Low,24.16
Vijayawada,Andhra Pradesh,16.425319,80.631314,2024-03-23,64.24,28.83,31.92,3.06,33.06,74.81,2.0,78.64,6,47,74.5,0.43,5,0.0,Low,19.3
Agra,Uttar Pradesh,27.175377,77.93184,2024-02-20,120.74,50.25,57.6,3.59,39.27,102.03,2.11,49.74,4,649,88.65,0.13,67,0.01,Low,30.1
Dhanbad,Jharkhand,23.7386,86.418559,2025-06-08,237.19,168.88,202.48,2.59,77.12,62.01,6.33,83.91,5,50000,63.36,3.17,44353,668.51,High,57.12
Kochi,Kerala,9.88988,76.242879,2025-02-11,45.96,33.42,40.81,1.79,17.02,98.56,1.3,47.89,1,5051,77.25,0.56,776,1.38,Low,17.9
Srinagar,Jammu and Kashmir,34.135796,74.841663,2024-04-19,92.97,73.54,95.74,5.93,41.46,87.28,4.03,32.38,4,41,83.27,0.52,6,0.01,Low,25.21
Guwahati,Assam,26.048838,91.801729,2024-02-20,20.16,6.87,10.1,0.11,14.43,97.11,1.65,60.99,5,503,74.55,1.12,118,0.53,Low,12.3
Surat,Gujarat,21.191906,72.750624,2025-02-10,97.45,39.55,58.33,10.27,40.98,48.44,0.79,34.06,5,739,87.18,0.9,414,1.24,Medium,51.5
Vijayawada,Andhra Pradesh,16.415074,80.617108,2024-01-21,86.63,60.35,69.31,3.62,31.36,109.79,1.06,25.47,2,1165,96.75,0.43,245,0.48,Low,22.17
Varanasi,Uttar Pradesh,25.267221,83.066787,2025-06-04,87.43,69.66,101.48,1.64,32.01,168.37,0.38,76.24,3,1441,52.95,1.15,358,1.06,Low,19.72
Chennai,Tamil Nadu,13.035292,80.290535,2024-09-24,79.77,40.62,49.71,5.06,53.23,55.34,0.35,65.41,2,50000,78.86,1.47,23523,49.57,Medium,39.19
Mumbai,Maharashtra,19.004265,72.808633,2024-07-21,76.45,51.68,61.23,1.94,44.28,88.29,0.39,80.62,6,5453,77.82,0.18,1067,0.82,Low,29.53
Aurangabad,Maharashtra,19.802804,75.400656,2023-02-06,67.49,36.38,41.86,2.7,29.54,128.17,4.35,78.0,2,4,33.28,0.86,0,0.0,Low,14.88
Varanasi,Uttar Pradesh,25.406044,82.907596,2024-03-04,84.92,67.19,87.05,1.71,34.42,99.13,3.28,59.74,3,20163,82.33,0.72,5729,12.68,Low,19.51
Kolkata,West Bengal,22.648839,88.344566,2024-06-09,142.81,101.42,113.9,7.52,59.95,59.21,6.9,92.61,1,349,76.06,1.48,144,0.39,Medium,40.07
Guwahati,Assam,26.223821,91.813479,2024-08-28,11.9,8.74,11.94,4.1,35.57,49.01,0.08,80.99,1,1717,70.21,0.73,253,0.45,Low,22.32
Rajkot,Gujarat,22.289897,70.731941,2023-01-06,121.47,67.64,100.9,3.78,47.14,73.58,3.57,26.52,10,12,94.29,0.33,1,0.0,Low,33.8
Madurai,Tamil Nadu,9.862344,78.112793,2023-03-07,32.65,26.08,30.79,4.3,23.02,17.92,1.88,46.81,3,3845,82.78,0.96,776,1.73,Low,20.31
Patna,Bihar,25.640652,85.099599,2025-04-24,63.4,40.93,55.7,4.02,18.96,64.0,0.29,82.91,3,2414,54.24,0.61,798,0.56,Low,28.66
Vasai,Maharashtra,19.440274,72.782306,2025-05-25,43.89,31.33,41.76,2.97,32.76,331.52,0.32,49.15,6,573,82.57,0.27,115,0.08,Low,8.23
Jaipur,Rajasthan,26.958386,75.76619,2025-05-24,84.7,40.41,60.41,2.28,19.98,36.97,0.89,89.16,3,123,72.58,0.4,30,0.03,Low,34.65
Hyderabad,Telangana,17.323523,78.486111,2024-05-07,110.76,82.39,100.66,14.59,30.9,157.74,4.67,73.18,3,291,95.46,1.68,210,0.82,Medium,46.7
Dhanbad,Jharkhand,23.836495,86.365405,2023-09-18,159.25,107.53,153.97,3.87,62.19,78.79,0.7,32.13,3,2836,78.1,2.01,782,7.53,Medium,55.0
Nashik,Maharashtra,20.072109,73.888184,2023-04-17,38.44,13.25,15.04,2.69,49.52,234.98,3.72,85.11,5,5131,69.0,0.17,492,0.34,Low,11.07
Coimbatore,Tamil Nadu,10.9317,77.049025,2024-03-07,45.03,22.31,28.0,2.87,31.16,64.89,1.49,58.12,4,557,37.8,0.58,161,0.29,Low,14.72
Patna,Bihar,25.531485,85.142238,2024-10-22,64.81,27.41,35.6,7.73,35.25,60.52,1.19,32.66,2,448,46.24,0.48,175,0.23,Low,33.32
Coimbatore,Tamil Nadu,11.09706,76.879321,2024-05-13,365.28,243.87,324.24,4.46,85.26,52.53,0.18,52.42,2,4042,79.62,2.36,1503,7.51,High,74.41
Pune,Maharashtra,18.510193,73.922626,2023-12-31,46.16,21.05,26.06,3.02,60.38,39.11,3.24,43.63,3,1695,83.31,0.16,261,0.05,Low,19.81
Nashik,Maharashtra,19.950722,73.706859,2025-08-19,99.82,35.51,51.85,4.27,43.72,35.82,0.84,22.82,4,2167,74.6,1.77,716,4.17,Medium,44.47
Indore,Madhya Pradesh,22.626916,75.819104,2025-05-22,123.51,66.34,77.47,10.93,42.56,91.49,2.32,81.57,2,1647,43.4,1.4,1154,7.67,Medium,50.8
Amritsar,Punjab,31.623187,74.89777,2023-12-20,130.37,102.78,148.01,2.54,47.68,233.99,0.29,52.85,2,2421,69.83,0.93,1745,7.14,Medium,36.51
Vasai,Maharashtra,19.528536,72.74818,2025-07-02,133.64,96.18,137.75,6.77,45.96,22.73,1.36,82.37,3,166,69.67,1.14,61,0.21,Medium,52.09
Kolkata,West Bengal,22.592438,88.290739,2023-07-05,119.62,58.32,74.45,1.71,31.7,134.17,4.6,48.44,2,272,80.89,0.18,52,0.03,Low,26.55
Meerut,Uttar Pradesh,28.995596,77.714473,2024-10-05,122.31,48.41,63.8,7.92,31.41,77.82,0.43,78.7,5,50000,47.05,2.41,10781,117.28,Medium,53.93
Kota,Rajasthan,25.285973,75.958356,2024-10-31,84.48,32.66,47.01,0.0,45.11,38.42,0.99,23.51,2,14259,95.24,1.58,2376,15.13,Medium,35.85
Raipur,Chhattisgarh,21.205086,81.538292,2024-06-21,120.6,70.41,100.92,6.61,39.68,89.9,3.03,87.52,3,532,70.78,2.39,302,1.16,Medium,39.69
Rajkot,Gujarat,22.237456,70.896627,2024-02-19,91.22,41.11,53.71,5.83,35.41,68.56,1.28,79.03,1,279,66.63,0.27,53,0.03,Low,33.76
Faridabad,Haryana,28.394162,77.340651,2023-12-19,145.17,45.16,57.91,3.74,55.77,27.02,2.26,63.89,3,3372,90.32,1.8,2560,6.12,Medium,36.55
Raipur,Chhattisgarh,21.308111,81.607499,2025-07-12,103.51,67.65,100.6,2.31,31.72,96.59,0.95,32.91,3,273,96.2,2.12,176,1.13,Medium,37.27
Surat,Gujarat,21.080229,72.736339,2025-01-28,159.55,88.89,127.67,6.05,64.2,16.46,2.1,29.77,3,8856,65.92,3.41,8582,95.73,High,64.1
Gwalior,Madhya Pradesh,26.143889,78.180431,2024-12-17,155.86,62.91,79.84,2.36,41.48,37.42,0.28,37.03,2,1418,86.24,2.21,863,5.82,High,57.04
Kalyan,Maharashtra,19.265684,73.044892,2023-12-18,73.35,51.84,74.04,3.98,41.87,36.99,2.39,43.2,6,4521,90.37,0.21,1827,1.88,Low,29.07
Delhi,Delhi,28.644488,77.004878,2025-03-15,100.38,59.37,87.53,5.64,46.16,74.09,0.17,44.74,3,6188,68.41,2.18,5055,18.08,Medium,51.82
Aurangabad,Maharashtra,19.867294,75.310713,2024-02-29,162.92,78.63,94.4,4.19,49.68,169.98,2.05,80.1,1,193,61.99,2.28,100,0.81,Medium,44.88
Faridabad,Haryana,28.338422,77.391526,2023-04-23,130.54,101.78,147.91,3.96,39.65,51.27,0.91,52.69,1,7,86.41,0.82,1,0.0,Medium,39.6
Kota,Rajasthan,25.170474,75.828797,2023-11-16,86.85,40.49,60.53,7.98,44.41,368.8,3.53,43.2,9,129,65.71,0.33,13,0.0,Low,27.9
Meerut,Uttar Pradesh,28.9537,77.687963,2025-09-24,60.56,37.22,55.63,10.14,35.3,163.42,1.49,64.87,4,1483,78.63,1.84,677,2.68,Medium,40.82
Bangalore,Karnataka,12.975686,77.655557,2025-01-21,44.03,34.23,38.63,2.04,29.6,57.1,0.17,22.07,3,127,86.61,1.14,23,0.05,Low,20.05
Bhopal,Madhya Pradesh,23.179474,77.408355,2023-01-26,64.92,28.98,42.5,2.8,32.64,34.42,1.0,93.45,2,2920,80.36,0.76,288,0.99,Low,31.77
Patna,Bihar,25.504382,85.153511,2025-07-06,33.49,10.14,14.17,5.28,26.93,185.73,3.31,70.79,1,115,56.4,0.72,48,0.17,Low,15.69
Rajkot,Gujarat,22.291357,70.891472,2025-05-02,84.6,41.32,52.66,3.72,34.87,36.98,1.1,61.35,1,11015,82.19,0.9,754,3.04,Low,26.3
Agra,Uttar Pradesh,27.164968,78.105194,2025-03-30,63.79,32.16,46.54,3.64,11.03,35.85,2.37,32.5,4,2002,82.44,1.16,738,3.23,Low,27.28
Meerut,Uttar Pradesh,29.071812,77.648239,2023-11-20,117.9,91.03,106.19,3.69,53.84,25.42,1.66,83.84,2,1154,76.89,1.5,574,0.89,Medium,38.27
Raipur,Chhattisgarh,21.271448,81.589229,2023-10-09,61.95,25.08,35.08,3.0,32.03,36.2,1.7,85.73,3,975,78.45,0.36,141,0.19,Low,27.91
Ahmedabad,Gujarat,23.028787,72.58167,2023-10-22,51.11,39.85,54.16,3.35,39.1,37.75,0.9,46.32,3,14301,78.15,0.84,2993,9.53,Low,34.21
Faridabad,Haryana,28.504774,77.27278,2024-04-09,66.32,43.15,52.62,2.47,42.04,274.42,4.06,69.83,2,2285,53.88,0.32,556,0.66,Low,12.99
Chennai,Tamil Nadu,13.135162,80.175102,2025-08-08,48.27,36.67,43.24,5.35,38.79,37.52,0.47,60.99,5,2765,77.17,1.08,911,2.68,Low,26.1
Gwalior,Madhya Pradesh,26.217774,78.126362,2024-04-29,52.02,16.93,22.62,1.38,35.2,108.85,0.58,50.81,3,2871,59.66,0.21,492,0.5,Low,27.88
Jaipur,Rajasthan,27.009218,75.878979,2024-03-20,187.46,86.46,103.48,6.5,45.4,112.56,0.77,78.66,3,7705,56.13,3.75,8296,70.56,High,56.88
Guwahati,Assam,26.221392,91.806524,2024-08-15,61.5,44.17,53.09,7.96,34.0,19.8,0.85,78.22,4,47,89.5,1.17,9,0.03,Medium,43.39
Varanasi,Uttar Pradesh,25.313792,82.919795,2025-03-31,60.02,46.32,53.62,8.74,20.41,43.29,0.99,25.05,5,148,79.4,2.15,87,0.23,Medium,40.94
Aurangabad,Maharashtra,19.85635,75.286591,2024-07-21,196.57,114.74,136.08,2.71,35.29,20.61,5.11,57.28,7,169,86.64,1.32,111,0.29,Medium,37.86
Meerut,Uttar Pradesh,29.007839,77.612219,2025-05-14,136.45,56.42,76.29,6.23,53.39,77.93,0.8,47.12,2,27664,73.29,1.65,17518,63.26,Medium,46.29
Indore,Madhya Pradesh,22.751941,75.768243,2025-02-18,59.92,45.58,62.64,5.83,16.05,184.74,0.55,45.27,5,201,70.54,0.85,68,0.24,Low,26.63
Chandigarh,Chandigarh,30.752109,76.862257,2023-09-11,109.75,40.08,54.94,1.52,49.64,170.75,0.74,21.08,2,485,69.21,1.33,182,0.64,Medium,38.88
Aurangabad,Maharashtra,19.890882,75.252626,2025-09-06,181.5,136.45,167.9,7.31,54.97,139.07,1.31,54.85,5,133,71.97,2.34,131,0.87,High,59.6
Meerut,Uttar Pradesh,29.055187,77.65365,2023-07-14,57.48,31.99,36.49,2.66,35.41,41.73,0.09,32.8,3,1717,74.17,0.69,355,0.42,Low,34.9
Indore,Madhya Pradesh,22.78043,75.917485,2023-07-03,32.48,10.72,14.26,10.41,36.58,97.5,0.54,69.76,4,1568,83.2,0.34,258,0.35,Low,30.02
Vijayawada,Andhra Pradesh,16.587845,80.59496,2024-11-16,140.26,75.43,96.16,10.01,50.45,108.05,1.46,64.49,4,570,88.0,1.57,251,1.0,Medium,49.22
Visakhapatnam,Andhra Pradesh,17.587603,83.244572,2023-10-17,112.93,40.5,50.02,3.16,51.9,120.13,0.32,69.79,3,12337,72.14,1.49,3948,28.48,Medium,43.87
Guwahati,Assam,26.171802,91.658362,2023-01-04,68.49,32.32,37.44,4.83,44.76,160.51,2.16,84.92,4,219,75.17,0.8,34,0.04,Low,24.18
Chandigarh,Chandigarh,30.676539,76.794712,2024-05-15,158.15,60.3,75.94,1.47,47.8,32.39,0.04,71.09,3,544,50.35,2.42,713,5.65,High,58.23
Hyderabad,Telangana,17.366664,78.555399,2024-02-06,98.07,62.96,92.11,0.9,24.4,109.97,5.0,33.18,3,308,63.99,0.69,35,0.05,Low,18.05
Chandigarh,Chandigarh,30.698078,76.840358,2024-07-03,21.82,6.61,8.89,1.06,11.22,62.55,0.32,79.71,2,282,87.2,0.26,44,0.05,Low,19.33
Dhanbad,Jharkhand,23.756714,86.360569,2023-03-12,70.36,39.57,58.43,7.01,59.55,166.83,0.11,82.06,4,1038,78.38,1.94,875,6.62,Medium,42.15
Bangalore,Karnataka,13.022723,77.534139,2023-04-16,103.24,78.29,91.58,2.2,18.65,185.79,1.02,52.1,1,5070,92.63,1.04,2135,3.05,Low,30.17
Agra,Uttar Pradesh,27.21101,77.954052,2023-05-10,79.81,33.12,38.98,3.19,29.34,72.15,0.61,67.58,4,632,64.12,0.63,240,0.29,Low,27.83
Nashik,Maharashtra,19.904263,73.711229,2023-04-28,177.54,98.46,127.41,2.11,50.96,40.91,0.3,61.0,5,4247,46.68,0.8,2129,6.48,Medium,51.36
Vijayawada,Andhra Pradesh,16.601079,80.673434,2023-10-29,43.27,20.66,24.69,7.85,23.99,40.33,0.47,50.94,2,231,89.17,1.78,136,0.32,Medium,35.71
Guwahati,Assam,26.105285,91.652757,2025-06-14,81.81,31.72,45.64,2.55,40.43,94.04,4.71,48.81,2,651,65.54,1.1,104,0.17,Low,18.36
Guwahati,Assam,26.160595,91.76814,2023-05-26,69.35,29.48,36.79,9.52,27.66,92.52,0.95,21.64,1,44,76.65,0.82,22,0.08,Medium,37.28
Meerut,Uttar Pradesh,28.961264,77.77681,2023-05-30,62.88,38.92,48.86,5.83,31.26,269.83,0.44,53.89,3,80,74.05,0.55,8,0.01,Low,27.71
Delhi,Delhi,28.672869,77.065551,2025-09-04,14.04,8.79,10.35,6.12,8.3,17.05,1.5,64.96,1,366,68.75,0.14,91,0.03,Low,22.05
Chennai,Tamil Nadu,13.066235,80.313763,2024-03-01,39.95,25.22,31.47,3.22,34.57,54.51,2.85,83.57,2,272,93.26,0.76,51,0.17,Low,11.17
Chandigarh,Chandigarh,30.663353,76.703138,2023-08-05,51.7,15.55,22.94,2.62,29.3,325.27,0.47,88.06,4,25105,52.67,1.19,2767,10.39,Low,20.34
Kalyan,Maharashtra,19.333478,73.141484,2025-01-21,126.96,83.48,125.17,6.44,57.54,184.08,3.84,44.39,6,97,92.58,1.84,15,0.03,Medium,41.16
Guwahati,Assam,26.115566,91.705427,2024-08-13,105.17,72.34,107.28,5.22,44.2,152.71,2.01,79.36,4,4131,82.73,0.25,637,0.33,Low,34.93
Vasai,Maharashtra,19.384491,72.720407,2023-05-26,17.67,11.41,14.32,10.63,28.42,23.06,2.22,31.11,5,37024,62.78,1.59,15337,25.97,Medium,35.51
Allahabad,Uttar Pradesh,25.391201,81.75657,2024-06-05,72.06,45.53,59.85,3.14,24.17,137.58,0.63,30.77,4,22,91.26,0.41,7,0.01,Low,27.95
Hyderabad,Telangana,17.363901,78.403589,2024-01-02,114.17,71.58,100.34,13.17,49.42,83.58,3.9,22.32,4,6541,63.12,0.82,3075,7.02,Medium,53.72
Varanasi,Uttar Pradesh,25.393658,82.982833,2023-11-04,73.53,55.63,80.53,9.66,23.61,55.45,7.36,61.87,2,4177,89.82,0.4,678,1.15,Low,29.8
Nashik,Maharashtra,20.086467,73.869646,2024-07-31,58.97,42.51,56.56,1.51,11.14,256.9,1.54,51.49,7,353,70.02,0.48,34,0.05,Low,18.76
Dhanbad,Jharkhand,23.715351,86.434118,2023-05-20,130.59,46.03,66.47,3.54,52.02,31.2,5.84,84.79,1,23,91.89,1.87,9,0.04,Medium,36.28
Patna,Bihar,25.67776,85.236415,2025-05-05,16.99,12.22,13.5,8.05,37.96,20.39,0.73,64.11,6,13046,69.71,0.58,899,2.5,Low,30.9
Surat,Gujarat,21.125786,72.930086,2025-04-01,42.94,20.47,22.81,2.95,33.7,114.31,0.06,71.31,5,1801,61.69,0.37,215,0.35,Low,16.82
Chandigarh,Chandigarh,30.790037,76.743705,2024-04-10,147.58,71.49,88.94,7.2,36.55,109.41,0.61,77.32,1,272,89.38,2.04,68,0.47,Medium,42.15
Surat,Gujarat,21.107478,72.89513,2024-04-29,123.48,65.3,74.75,2.9,46.66,191.12,0.48,80.11,3,4941,66.84,1.06,2442,2.73,Medium,36.66
Kalyan,Maharashtra,19.184602,73.210744,2024-02-07,101.36,43.55,58.25,3.17,51.49,78.96,2.46,58.09,0,5976,58.38,1.63,2257,4.01,Medium,40.69
Thiruvananthapuram,Kerala,8.596137,76.840953,2025-02-19,79.69,38.56,54.93,3.35,34.33,67.15,0.78,65.08,1,296,71.47,0.48,36,0.08,Low,27.15
Visakhapatnam,Andhra Pradesh,17.76008,83.147477,2025-02-11,173.35,86.41,127.98,6.84,66.68,51.86,1.68,87.08,2,7296,67.58,3.58,5407,71.9,High,63.14
Mumbai,Maharashtra,19.070814,72.832206,2025-04-28,102.32,40.84,52.1,0.58,42.22,126.58,6.18,67.15,2,1437,43.12,0.56,619,1.42,Low,32.83
Kochi,Kerala,9.85166,76.353851,2025-08-06,109.34,78.24,100.88,1.98,32.06,18.13,0.62,84.06,5,1555,44.77,1.75,391,3.21,Medium,43.29
Allahabad,Uttar Pradesh,25.367805,81.824311,2023-04-04,103.55,79.14,110.33,2.73,31.07,146.39,1.32,29.7,2,42,77.82,0.55,8,0.01,Low,30.21
Coimbatore,Tamil Nadu,11.086571,76.902458,2024-08-13,104.5,55.53,61.35,1.8,45.68,42.81,8.23,66.44,6,1005,65.78,2.4,520,4.62,Medium,38.03
Jodhpur,Rajasthan,26.179833,72.99346,2024-10-12,79.99,31.8,38.1,13.0,25.57,18.16,0.09,46.22,3,130,53.81,0.82,17,0.07,Medium,44.08
Nagpur,Maharashtra,21.16126,79.135969,2024-05-17,42.91,24.65,27.99,0.05,33.84,91.0,0.71,34.21,2,611,66.1,0.46,58,0.1,Low,16.88
Dhanbad,Jharkhand,23.872981,86.429841,2025-02-13,91.94,60.37,85.97,7.17,33.93,144.28,0.14,76.45,1,47,87.78,0.86,31,0.08,Medium,35.72
Amritsar,Punjab,31.710462,74.955396,2025-07-05,64.49,20.99,26.92,4.8,26.12,30.14,0.72,66.33,4,346,30.66,1.66,80,0.33,Medium,35.38
Lucknow,Uttar Pradesh,26.928792,80.908659,2024-04-07,34.48,15.6,18.57,7.17,20.25,61.54,3.58,56.96,3,4629,70.35,0.11,875,0.18,Low,27.67
Vasai,Maharashtra,19.368608,72.814284,2024-06-10,50.15,25.37,34.67,7.36,32.26,23.76,0.07,46.83,4,91,94.72,2.15,14,0.1,Medium,37.15
Vasai,Maharashtra,19.501079,72.707177,2023-05-28,47.42,18.8,27.77,2.06,20.99,2.79,5.39,38.22,1,581,92.01,0.77,75,0.21,Low,12.5
Vijayawada,Andhra Pradesh,16.456808,80.57547,2024-10-20,124.04,77.31,85.8,0.55,35.28,3.77,0.62,49.25,0,259,78.6,1.48,110,0.81,Medium,41.93
Kochi,Kerala,9.948682,76.291534,2024-12-23,101.29,64.72,82.3,4.37,45.64,84.42,1.83,69.07,2,1602,71.61,2.41,600,6.01,Medium,45.86
Guwahati,Assam,26.133764,91.691897,2025-02-19,48.54,26.18,35.99,13.61,30.06,245.4,0.95,78.61,2,30466,77.04,0.19,5865,2.76,Low,23.16
Mumbai,Maharashtra,19.172614,72.867716,2025-03-19,131.5,91.36,121.56,4.38,59.6,151.87,1.09,72.46,2,2463,88.4,2.43,1966,13.57,Medium,37.22
Varanasi,Uttar Pradesh,25.332905,82.905265,2024-05-25,57.7,30.51,41.09,7.74,39.16,41.79,1.99,93.92,2,692,88.3,0.59,101,0.27,Low,34.93
Chandigarh,Chandigarh,30.701691,76.869017,2023-02-27,157.83,114.0,158.38,1.1,57.82,39.41,2.12,48.68,2,307,75.13,2.37,62,0.7,Medium,50.32
Rajkot,Gujarat,22.402822,70.830378,2023-08-07,170.05,130.87,159.05,4.73,57.67,131.19,0.86,70.25,4,2678,50.0,2.28,375,1.04,Medium,53.66
Solapur,Maharashtra,17.725681,75.889756,2024-03-09,54.59,33.95,48.04,1.44,42.41,73.36,0.25,34.07,3,381,76.09,0.79,14,0.02,Low,31.53
Nashik,Maharashtra,20.058631,73.856372,2023-06-17,15.23,6.08,7.74,11.4,32.98,74.24,0.95,58.87,2,4450,76.25,0.31,953,0.38,Low,31.63
Varanasi,Uttar Pradesh,25.232274,82.942313,2025-05-20,113.52,50.48,71.61,5.13,48.34,59.07,1.01,35.22,7,1630,41.96,1.22,1345,4.41,Medium,46.24
Guwahati,Assam,26.144163,91.828188,2024-03-08,86.02,45.15,67.46,3.8,46.32,106.78,0.29,88.68,4,198,88.63,0.86,56,0.14,Low,26.0
Gwalior,Madhya Pradesh,26.172561,78.101746,2025-06-12,142.37,73.24,81.14,7.18,46.39,165.32,3.35,68.21,2,167,86.32,1.17,102,0.33,Medium,49.87
Guwahati,Assam,26.144626,91.641904,2025-02-19,49.41,33.97,45.77,2.65,27.29,86.11,1.95,80.35,2,1535,46.28,0.14,261,0.09,Low,9.22
Srinagar,Jammu and Kashmir,34.159541,74.741575,2025-03-19,77.15,44.54,62.39,1.2,23.37,121.89,2.27,95.04,1,72,87.29,0.57,11,0.01,Low,20.85
Bhopal,Madhya Pradesh,23.206451,77.489659,2024-12-11,103.83,34.68,42.4,4.96,36.19,86.79,0.81,90.27,2,1226,85.89,2.19,1007,10.11,Medium,46.91
Delhi,Delhi,28.632149,77.13997,2023-04-05,139.14,57.16,76.22,2.36,42.42,151.96,0.55,18.63,2,18550,97.21,1.04,7297,8.54,Medium,38.8
Varanasi,Uttar Pradesh,25.394469,82.922011,2024-11-26,82.7,46.01,66.84,6.87,32.4,236.31,4.14,46.87,1,7179,91.36,0.95,856,2.04,Low,12.88
Kalyan,Maharashtra,19.328803,73.190892,2023-01-16,29.09,12.25,15.76,5.47,22.0,149.25,5.93,72.17,2,21111,82.19,0.75,2990,11.02,Low,11.89
Kochi,Kerala,9.840715,76.180452,2023-06-04,134.18,97.63,109.56,6.01,47.89,153.39,0.14,52.04,6,23741,50.63,1.46,17723,77.77,Medium,42.66
Varanasi,Uttar Pradesh,25.38848,83.005673,2024-03-29,79.74,40.65,50.96,6.22,37.24,154.48,0.07,64.31,0,221,76.08,1.18,41,0.23,Low,30.6
Delhi,Delhi,28.63817,77.165648,2025-04-29,61.44,23.48,31.56,8.12,34.45,128.25,1.89,59.38,5,44,85.05,0.37,4,0.01,Low,29.75
Visakhapatnam,Andhra Pradesh,17.697791,83.128498,2023-01-27,139.08,86.87,105.98,3.62,35.21,140.09,5.14,69.42,5,479,85.55,1.05,167,0.65,Low,23.91
Madurai,Tamil Nadu,9.84442,78.022801,2025-09-08,55.96,37.45,46.18,5.6,35.05,196.24,2.25,70.98,4,341,53.08,0.62,46,0.1,Low,22.29
Meerut,Uttar Pradesh,28.922036,77.746798,2024-04-06,38.2,21.32,25.21,5.44,26.52,158.35,0.1,59.32,4,7372,28.6,1.14,2471,8.46,Low,22.28
Delhi,Delhi,28.625934,77.067195,2024-12-23,20.75,9.13,12.07,7.68,10.89,101.85,0.15,59.9,1,9767,76.73,0.29,3973,4.11,Low,30.35
Coimbatore,Tamil Nadu,11.005564,76.97569,2024-03-01,65.41,46.12,66.78,2.38,31.84,27.01,4.59,26.56,2,944,55.39,1.17,215,1.21,Low,19.23
Rajkot,Gujarat,22.275002,70.856102,2024-04-04,61.54,20.48,27.33,3.94,28.19,167.9,1.8,68.32,3,1568,77.23,0.95,487,2.18,Low,25.5
Vasai,Maharashtra,19.525511,72.780544,2024-04-29,15.6,9.07,13.29,2.08,11.95,58.13,1.88,53.46,2,6641,69.6,0.93,1132,2.61,Low,17.08
Kanpur,Uttar Pradesh,26.475682,80.389787,2024-07-03,52.59,30.32,43.73,3.06,37.72,172.02,1.35,69.05,4,1356,59.97,0.4,84,0.05,Low,18.65
Hubli,Karnataka,15.334643,75.100358,2024-11-05,94.65,63.86,71.65,5.43,28.4,59.59,2.09,65.07,2,6355,6.93,0.27,537,0.6,Low,24.74
Delhi,Delhi,28.723079,77.198824,2025-04-30,28.22,16.65,20.35,9.52,21.5,72.67,0.6,45.68,4,366,97.45,0.5,71,0.1,Low,27.63
Nagpur,Maharashtra,21.141499,79.080373,2025-05-18,105.3,45.71,66.98,2.1,39.51,85.41,5.44,73.08,4,517,78.73,0.5,86,0.17,Low,28.1
Surat,Gujarat,21.155458,72.738047,2025-09-02,59.98,22.75,33.95,5.26,34.72,72.55,4.76,59.47,2,23331,41.75,0.55,8047,14.21,Low,27.38
Varanasi,Uttar Pradesh,25.280991,83.042236,2023-03-24,117.28,61.61,79.24,4.07,38.27,163.84,0.73,58.88,3,6180,75.48,1.17,1217,3.94,Medium,44.73
Meerut,Uttar Pradesh,28.979493,77.643904,2025-06-05,184.79,56.45,66.88,1.6,65.74,272.09,0.34,61.84,8,391,82.83,1.38,126,0.75,Medium,51.36
Ranchi,Jharkhand,23.285552,85.311479,2023-12-02,53.9,24.52,27.05,1.2,25.38,135.4,4.3,71.98,2,39,61.2,0.95,10,0.05,Low,13.22
Raipur,Chhattisgarh,21.16934,81.537615,2025-02-06,79.28,34.27,42.73,2.52,29.65,76.12,1.0,48.01,6,502,70.75,0.35,49,0.06,Low,29.01
Varanasi,Uttar Pradesh,25.3608,82.882548,2024-08-26,59.94,21.44,29.15,2.23,38.89,107.68,0.21,82.58,1,326,71.81,0.75,34,0.05,Low,25.46
Raipur,Chhattisgarh,21.228641,81.603836,2023-06-18,62.24,21.06,23.28,2.86,31.99,92.76,1.86,88.84,6,21,92.93,0.22,2,0.0,Low,27.09
Aurangabad,Maharashtra,19.961929,75.252469,2023-02-19,84.72,51.43,59.0,6.66,41.82,243.88,1.45,10.13,4,50000,57.85,1.2,24032,48.89,Low,29.58
Srinagar,Jammu and Kashmir,34.012619,74.823352,2023-06-14,151.04,72.43,104.59,3.02,52.0,144.9,0.2,73.69,4,1484,73.67,1.09,319,1.74,Medium,51.81
Kochi,Kerala,9.999788,76.296337,2023-11-11,44.38,24.09,33.8,0.53,24.75,63.61,3.04,85.8,5,72,75.2,1.19,8,0.01,Low,12.29
Chennai,Tamil Nadu,13.004537,80.261924,2024-12-18,82.4,56.85,81.66,6.25,55.19,55.75,1.6,81.27,3,109,75.91,1.11,21,0.09,Low,34.75
Pune,Maharashtra,18.484495,73.918065,2024-01-31,128.02,85.47,95.8,2.72,55.49,260.04,1.02,40.17,5,2696,54.77,0.41,636,0.68,Low,29.12
Agra,Uttar Pradesh,27.18884,78.059715,2024-04-10,59.79,41.19,56.1,1.19,32.37,265.86,2.06,52.62,1,401,41.33,0.26,47,0.03,Low,15.18
Bhopal,Madhya Pradesh,23.222896,77.424803,2023-01-15,100.62,62.09,75.8,2.78,34.77,151.46,3.78,67.63,4,1649,46.32,1.2,304,0.83,Low,30.94
Lucknow,Uttar Pradesh,26.759028,80.87571,2024-11-04,130.93,101.39,126.28,5.22,58.46,26.16,1.69,61.66,2,61,85.67,1.49,20,0.12,Medium,45.6
Guwahati,Assam,26.107718,91.651428,2023-01-06,55.65,34.36,48.41,2.3,30.03,19.88,1.89,58.07,3,905,87.95,0.65,195,0.36,Low,28.19
Solapur,Maharashtra,17.731703,76.004159,2025-01-27,68.86,53.71,71.55,19.83,39.89,105.15,10.0,39.58,4,1042,35.51,0.83,103,0.12,Low,34.54
Nashik,Maharashtra,20.06038,73.801303,2024-12-14,149.38,56.94,66.28,5.51,45.91,101.71,0.01,67.52,1,4259,53.94,1.64,2862,12.57,Medium,41.39
Surat,Gujarat,21.110878,72.801859,2023-07-04,55.92,39.61,56.9,1.9,19.18,43.62,3.83,71.76,7,3841,65.62,0.65,854,1.27,Low,19.78
Srinagar,Jammu and Kashmir,34.101805,74.847828,2024-04-08,114.47,84.99,118.19,8.97,33.56,30.5,2.04,63.56,6,500,79.1,2.1,352,3.33,Medium,46.86
Ahmedabad,Gujarat,23.089332,72.524571,2024-03-23,141.65,85.91,97.54,2.8,60.97,74.33,0.53,30.43,3,578,69.07,1.17,82,0.14,Medium,51.11
Jabalpur,Madhya Pradesh,23.268395,80.027565,2024-07-09,80.7,53.67,59.24,5.05,31.27,131.55,2.16,40.14,4,151,61.04,0.73,6,0.01,Low,23.7
Nashik,Maharashtra,19.909269,73.751372,2023-05-02,69.53,21.4,26.79,8.11,48.25,151.54,0.04,58.05,7,1951,77.77,1.3,1071,3.04,Medium,39.76
Vadodara,Gujarat,22.384352,73.141535,2023-10-31,37.2,18.15,23.21,1.11,20.8,120.16,0.67,52.09,3,1108,90.85,0.37,153,0.12,Low,11.46
Amritsar,Punjab,31.62124,74.871256,2023-04-13,46.28,16.13,22.09,4.97,40.39,88.6,1.33,79.9,3,62,69.98,0.49,15,0.02,Low,20.0
Mumbai,Maharashtra,19.16049,72.881626,2023-10-19,56.6,39.39,53.63,5.81,18.96,105.42,0.98,61.54,3,46,15.38,0.14,11,0.01,Low,30.96
Patna,Bihar,25.61956,85.167135,2025-08-15,91.19,27.65,35.46,1.44,41.85,91.82,1.56,80.67,3,1519,61.87,0.34,329,0.53,Low,28.71
Hubli,Karnataka,15.285202,75.207657,2023-03-02,28.58,20.1,27.27,4.58,36.66,60.09,0.32,58.35,4,71,96.97,0.72,4,0.01,Low,21.84
Chandigarh,Chandigarh,30.639231,76.699086,2024-07-24,55.21,37.87,42.77,4.69,38.23,58.02,4.01,60.32,2,1567,86.18,0.72,111,0.38,Low,24.8
Vijayawada,Andhra Pradesh,16.414499,80.599274,2025-08-27,55.38,21.81,28.32,2.94,30.28,29.12,0.15,44.35,2,50000,76.35,1.02,4976,25.05,Low,29.87
Chandigarh,Chandigarh,30.777304,76.875733,2023-02-01,78.62,34.24,44.25,2.01,52.37,79.04,0.58,73.29,3,50000,83.96,0.37,18939,14.2,Low,34.08
Chennai,Tamil Nadu,12.99299,80.213866,2024-02-19,39.26,12.3,18.12,10.34,22.88,93.37,2.47,66.29,3,290,73.12,1.02,51,0.17,Low,27.8
Amritsar,Punjab,31.55578,74.798346,2025-01-01,243.37,165.58,216.5,2.0,52.83,39.0,0.2,62.04,5,231,47.97,2.38,302,2.13,High,68.21
Delhi,Delhi,28.6797,77.030005,2024-05-16,51.31,40.19,57.73,8.6,14.73,65.55,0.4,46.04,4,50000,67.98,1.72,24436,61.62,Medium,41.15
Surat,Gujarat,21.230543,72.838728,2025-03-19,14.36,6.86,8.45,0.32,44.11,102.9,3.28,71.05,0,758,27.87,0.32,144,0.13,Low,17.73
Vadodara,Gujarat,22.231468,73.109279,2025-09-09,29.62,21.85,28.08,4.89,2.63,25.4,1.86,91.66,3,5324,75.51,0.75,1440,3.26,Low,23.46
Solapur,Maharashtra,17.750862,75.955204,2025-05-28,103.14,61.53,73.98,2.37,39.44,80.26,0.02,18.52,1,6515,62.36,1.17,5929,33.51,Medium,36.71
Patna,Bihar,25.515681,85.228749,2023-03-24,36.51,14.63,20.98,0.45,18.01,58.57,0.61,48.53,2,543,76.51,1.04,128,0.17,Low,18.57
Kota,Rajasthan,25.237394,75.907138,2025-02-15,59.6,41.91,52.12,7.57,44.99,67.05,1.13,33.79,4,1712,80.09,2.13,726,7.43,Medium,40.8
Bangalore,Karnataka,12.891933,77.671269,2023-06-11,92.58,37.3,51.68,20.0,41.84,105.44,3.28,35.29,5,1183,91.44,0.84,895,3.08,Medium,45.13
Vijayawada,Andhra Pradesh,16.50127,80.634054,2023-08-01,39.08,16.47,19.29,6.02,34.62,67.38,2.65,67.81,3,185,89.23,1.17,8,0.03,Low,19.03
Hubli,Karnataka,15.424302,75.068293,2023-01-04,77.89,50.2,67.01,3.44,48.57,139.31,0.43,45.45,3,12546,72.85,1.13,1597,4.98,Low,25.99
Bhopal,Madhya Pradesh,23.336948,77.497164,2023-07-29,39.11,15.08,19.47,3.81,17.7,24.63,0.46,55.13,2,11319,61.35,1.08,1433,5.5,Low,19.12
Varanasi,Uttar Pradesh,25.270265,83.041654,2023-01-14,67.88,27.81,33.84,7.5,43.81,36.43,2.09,54.29,0,2686,48.75,1.83,985,8.77,Medium,37.41
Jodhpur,Rajasthan,26.277215,73.047222,2023-01-21,156.66,108.92,146.72,4.55,57.89,120.65,0.56,70.13,4,53,90.05,2.2,5,0.01,Medium,50.2
Srinagar,Jammu and Kashmir,34.150594,74.761851,2025-02-19,63.08,21.04,30.08,3.45,24.45,26.57,0.06,48.57,2,273,32.95,0.39,92,0.14,Low,30.99
Srinagar,Jammu and Kashmir,33.992317,74.715897,2024-09-09,62.03,27.72,39.78,5.91,19.33,38.76,0.21,67.04,1,3453,67.33,2.29,1363,5.95,Medium,40.14
Bangalore,Karnataka,13.017861,77.674917,2025-08-11,84.85,27.64,40.41,5.58,32.36,111.93,3.53,46.16,3,5317,85.51,1.02,1346,2.27,Low,21.36
Hyderabad,Telangana,17.443208,78.490955,2025-08-08,90.43,60.3,67.0,1.02,31.93,99.84,0.13,21.41,6,159,89.05,1.17,17,0.08,Low,27.26
Guwahati,Assam,26.122071,91.816816,2023-02-22,145.67,83.01,91.83,4.35,48.1,291.76,2.04,47.67,3,385,76.61,0.28,69,0.02,Low,31.89
Solapur,Maharashtra,17.742309,75.971955,2024-05-11,99.15,50.3,72.81,0.22,45.14,196.31,0.68,81.59,4,316,63.76,0.82,113,0.23,Low,30.7
Hubli,Karnataka,15.280709,75.079923,2024-08-13,44.91,14.89,22.09,4.83,19.85,109.22,0.25,73.57,3,1238,82.71,0.39,283,0.32,Low,21.7
Ranchi,Jharkhand,23.382859,85.257355,2024-03-05,59.46,32.11,43.78,3.72,31.36,37.07,2.02,56.77,2,288,75.44,0.61,114,0.28,Low,22.13
Guwahati,Assam,26.122922,91.637196,2024-03-19,65.21,40.94,55.13,4.48,37.26,61.23,3.49,30.68,1,291,66.56,0.15,13,0.01,Low,23.3
Jodhpur,Rajasthan,26.248239,73.01239,2023-10-25,46.64,17.54,24.58,4.69,31.19,157.01,0.62,70.61,6,2554,92.65,0.54,900,2.38,Low,20.87
Guwahati,Assam,26.061049,91.70535,2024-06-01,207.06,152.23,182.41,4.38,45.12,270.97,1.15,44.49,4,12596,55.99,3.18,9122,45.74,High,57.76
Nagpur,Maharashtra,21.237233,79.176494,2024-11-14,42.33,21.73,24.87,20.0,27.71,14.57,0.97,61.28,3,2650,69.77,2.06,606,3.85,Medium,49.83
Jaipur,Rajasthan,26.935653,75.713402,2024-04-23,136.8,91.51,132.35,7.17,41.51,186.55,5.17,68.38,1,7109,77.87,0.95,3154,10.15,Medium,42.87
Faridabad,Haryana,28.32664,77.362204,2023-12-09,94.81,47.12,68.29,5.24,51.58,165.81,0.72,76.56,2,1700,40.86,2.09,852,2.62,Medium,37.68
Dhanbad,Jharkhand,23.836521,86.45794,2024-09-14,40.63,27.12,40.23,2.94,43.1,44.11,2.43,47.55,4,446,58.09,0.48,21,0.02,Low,19.03
Amritsar,Punjab,31.599045,74.794802,2023-08-11,59.73,26.54,32.58,0.82,33.87,403.94,2.18,50.03,3,46,90.33,0.44,18,0.03,Low,9.1
Vasai,Maharashtra,19.475054,72.839147,2023-06-25,63.78,20.83,27.35,0.21,26.86,119.87,4.22,53.6,5,5968,51.9,0.62,754,1.41,Low,16.27
Amritsar,Punjab,31.546569,74.875975,2023-12-02,101.57,56.54,69.64,10.89,40.78,41.38,0.65,73.31,0,1582,64.65,3.7,1001,14.41,High,64.91
Ranchi,Jharkhand,23.378956,85.234377,2024-07-01,47.91,30.18,42.6,2.27,29.51,55.15,0.34,62.46,3,221,72.61,0.74,32,0.1,Low,19.32
Ranchi,Jharkhand,23.348133,85.255529,2024-12-10,72.48,53.88,69.42,5.51,24.15,193.73,2.44,74.81,3,4490,62.65,0.33,2140,2.13,Low,22.7
Howrah,West Bengal,22.509694,88.23714,2023-11-29,104.36,38.71,44.81,9.42,38.1,72.18,1.76,61.44,3,153,61.07,1.93,36,0.24,Medium,43.94
Nashik,Maharashtra,19.998443,73.885112,2023-10-31,54.37,28.05,31.0,5.02,24.93,51.01,0.0,70.2,6,63,88.53,0.62,5,0.01,Low,33.84
Bangalore,Karnataka,12.983084,77.684552,2023-02-20,95.38,50.93,67.18,4.52,54.46,78.34,4.78,48.99,4,14913,86.89,0.59,3448,6.22,Low,27.11
Hyderabad,Telangana,17.303631,78.446944,2023-05-06,51.21,25.32,35.6,3.32,22.52,141.21,4.77,78.55,5,576,83.13,0.21,73,0.05,Low,15.87
Ahmedabad,Gujarat,23.107159,72.652785,2024-02-22,184.15,92.54,123.22,7.41,64.59,77.41,5.48,60.9,3,574,48.15,3.8,357,5.33,High,61.62
Kolkata,West Bengal,22.554047,88.458479,2024-05-21,203.18,104.0,155.46,4.78,50.01,54.52,1.57,36.11,1,227,92.01,2.78,77,0.86,High,63.35
Indore,Madhya Pradesh,22.817122,75.784018,2025-09-11,112.81,46.87,61.28,9.23,43.89,125.14,5.73,48.3,1,80,63.62,1.85,22,0.2,Medium,43.29
Amritsar,Punjab,31.676893,74.925021,2023-03-24,18.39,10.29,15.32,1.65,32.21,33.24,3.77,65.01,1,3625,57.36,0.94,630,2.19,Low,12.26
Faridabad,Haryana,28.326272,77.329924,2025-03-07,51.5,34.06,40.43,7.89,31.84,15.14,1.86,45.08,4,1437,74.47,1.11,493,2.29,Low,34.03
Vasai,Maharashtra,19.456307,72.729598,2023-07-13,119.75,43.73,50.43,5.46,46.1,50.65,0.37,60.65,3,472,89.37,1.54,54,0.41,Medium,44.01
Patna,Bihar,25.624406,85.063683,2023-01-17,178.16,133.06,170.11,4.02,50.42,35.43,0.28,38.44,6,91,80.01,2.38,24,0.11,High,61.14
Rajkot,Gujarat,22.255991,70.730845,2023-03-19,87.46,37.88,52.88,3.6,37.05,64.52,0.55,47.58,6,3091,85.45,0.17,198,0.17,Low,28.56
Surat,Gujarat,21.257803,72.911863,2025-09-09,105.79,83.48,111.66,1.57,40.55,34.78,1.33,65.27,3,3657,48.89,1.78,1532,10.9,Medium,37.99
Varanasi,Uttar Pradesh,25.227595,83.040369,2023-03-22,64.51,49.07,68.66,2.87,11.47,166.07,1.08,67.36,2,1213,73.14,0.25,276,0.28,Low,25.59
Mumbai,Maharashtra,19.082378,72.803067,2024-03-05,194.65,119.52,136.75,2.85,57.38,188.03,1.76,29.08,5,693,86.46,1.3,179,0.39,Medium,41.8
Howrah,West Bengal,22.534638,88.362987,2023-01-07,86.12,37.31,52.92,3.57,55.09,87.8,1.11,94.6,3,9197,69.68,0.98,3377,10.64,Low,29.26
Vijayawada,Andhra Pradesh,16.579611,80.746892,2023-09-24,105.12,51.96,67.87,2.8,46.34,69.63,3.66,85.41,3,15624,84.28,2.37,10493,109.18,Medium,35.6
Indore,Madhya Pradesh,22.651544,75.874857,2025-02-12,72.61,30.46,35.26,7.37,30.99,128.96,2.46,74.53,1,6249,63.64,0.88,974,1.84,Low,31.02
Nagpur,Maharashtra,21.111676,79.128228,2023-09-17,24.16,14.3,19.28,5.51,2.28,191.99,1.05,75.19,2,2927,63.94,0.13,495,0.07,Low,14.11
Chennai,Tamil Nadu,13.127657,80.331967,2025-06-01,142.42,62.31,91.29,3.46,55.84,160.06,0.34,87.45,4,122,87.42,2.36,27,0.09,Medium,42.03
Guwahati,Assam,26.234298,91.763154,2024-12-17,182.12,92.44,107.35,8.3,55.99,96.26,10.0,71.25,1,457,40.9,0.92,197,0.52,Medium,52.22
Surat,Gujarat,21.137908,72.84573,2024-11-30,20.86,11.21,14.07,7.81,20.2,46.46,1.36,72.01,0,293,81.78,0.15,24,0.02,Low,28.62
Pune,Maharashtra,18.454376,73.920793,2025-08-04,114.31,71.73,104.92,5.22,49.67,86.27,0.68,71.16,3,1509,51.97,2.22,278,1.23,Medium,44.96
Hyderabad,Telangana,17.375896,78.473025,2025-03-21,50.05,19.23,21.47,8.75,31.51,224.11,1.95,78.44,2,5512,85.04,0.75,775,1.27,Low,30.82
Pune,Maharashtra,18.480638,73.871633,2023-01-17,48.0,15.05,18.33,4.93,32.69,200.01,1.85,50.9,1,807,54.91,0.47,142,0.31,Low,10.77
Chandigarh,Chandigarh,30.66753,76.860498,2025-06-21,60.1,38.28,42.98,2.85,40.73,137.37,1.09,67.38,2,5340,64.53,0.86,1434,4.52,Low,22.87
Varanasi,Uttar Pradesh,25.30802,82.997255,2023-10-05,103.77,51.55,76.07,8.62,34.19,104.91,0.05,22.52,5,143,72.44,1.99,60,0.15,Medium,45.98
Lucknow,Uttar Pradesh,26.888237,81.026098,2023-04-10,291.46,139.88,182.66,4.28,63.34,79.25,0.52,59.43,5,3271,72.22,2.67,2920,35.88,High,72.5
Bhopal,Madhya Pradesh,23.178259,77.430934,2024-03-12,97.57,58.79,80.34,2.89,60.99,49.96,0.31,39.53,3,2206,69.09,0.9,1237,2.85,Medium,37.9
Kolkata,West Bengal,22.656959,88.296269,2023-01-24,69.75,53.0,78.3,5.68,48.64,32.1,1.57,45.69,4,82,80.66,2.15,40,0.26,Medium,35.22
Ahmedabad,Gujarat,23.006402,72.569279,2024-10-15,89.81,63.58,72.25,4.91,28.62,159.4,1.66,72.31,3,841,84.47,0.61,86,0.19,Low,29.08
Aurangabad,Maharashtra,19.875732,75.359836,2024-11-14,31.13,16.17,19.19,5.19,19.24,58.73,0.73,63.65,5,239,64.31,0.7,11,0.03,Low,20.01
Guwahati,Assam,26.223083,91.785175,2024-12-22,59.69,32.58,47.61,5.77,37.68,32.7,0.14,62.34,1,580,88.13,1.07,179,0.53,Medium,35.18
Jabalpur,Madhya Pradesh,23.165944,79.902873,2025-04-03,149.23,102.81,115.78,5.33,32.99,65.64,1.11,48.2,2,5554,85.5,1.52,2934,15.15,Medium,44.18
Vasai,Maharashtra,19.546618,72.79241,2025-08-17,100.7,69.62,95.45,3.19,47.72,180.53,6.71,30.4,2,848,80.1,0.4,26,0.04,Low,31.49
Hubli,Karnataka,15.284319,75.184047,2023-04-07,90.43,33.39,37.18,5.73,31.86,176.81,2.36,68.92,1,141,74.49,0.55,24,0.06,Low,27.27
Thiruvananthapuram,Kerala,8.473692,76.973786,2025-09-23,174.49,83.52,97.18,6.2,44.93,66.58,2.7,62.32,5,1993,65.45,1.97,943,7.35,Medium,52.44
Meerut,Uttar Pradesh,28.992658,77.754762,2024-10-27,145.73,88.4,99.46,6.52,48.24,79.85,4.61,80.17,1,4421,75.64,2.3,1829,7.98,Medium,37.83
Vadodara,Gujarat,22.248406,73.1214,2025-05-17,109.44,58.29,85.38,3.56,30.82,54.41,2.89,64.81,3,832,78.45,0.6,94,0.26,Low,30.91
Solapur,Maharashtra,17.727554,75.846981,2024-07-30,209.04,144.13,186.27,2.75,64.45,25.38,0.77,45.18,3,47,97.96,2.55,20,0.14,High,67.45
Jodhpur,Rajasthan,26.255466,73.009915,2024-01-19,113.26,36.01,50.39,4.1,46.02,153.34,0.01,99.7,5,12935,86.98,1.23,11634,30.42,Medium,43.51
Bhopal,Madhya Pradesh,23.236243,77.509595,2025-03-03,101.11,34.5,48.99,3.25,38.72,44.55,1.16,85.3,0,212,66.53,1.44,92,0.63,Medium,36.19
Coimbatore,Tamil Nadu,10.92319,77.036943,2023-03-15,151.84,100.66,119.79,4.67,55.36,10.71,0.95,57.0,4,8328,65.76,3.42,9625,139.47,High,61.14
Bareilly,Uttar Pradesh,28.340034,75.471782,2023-10-28,91.31,36.71,54.73,6.11,32.87,170.24,2.9,73.29,4,143,79.2,0.88,14,0.04,Low,20.55
Aurangabad,Maharashtra,19.860101,75.292255,2024-02-03,141.05,61.31,89.44,4.47,45.48,54.07,1.04,54.45,2,220,75.5,1.83,68,0.14,Medium,44.73
Guwahati,Assam,26.205628,91.67064,2023-10-20,60.84,25.56,37.35,6.27,13.43,279.22,4.81,36.89,2,747,89.31,0.38,111,0.05,Low,15.02
Bareilly,Uttar Pradesh,28.465525,75.499373,2023-08-03,46.2,19.53,23.67,4.93,31.01,124.93,1.62,51.76,8,223,50.22,0.55,31,0.07,Low,15.72
Chennai,Tamil Nadu,13.094488,80.362922,2025-09-26,33.35,11.65,17.02,3.89,38.9,120.89,4.14,40.34,1,5781,74.35,0.34,2436,1.71,Low,8.11
Kochi,Kerala,9.888082,76.294718,2025-08-23,112.06,70.46,94.37,2.0,47.71,40.36,1.51,25.51,2,1242,56.14,2.39,1080,11.44,Medium,42.09
Bareilly,Uttar Pradesh,28.405315,75.431333,2023-04-12,183.53,59.09,69.26,4.23,65.47,26.46,4.6,29.74,2,11036,91.35,3.8,7870,50.11,High,60.65
Ahmedabad,Gujarat,23.04785,72.609133,2025-05-07,61.04,28.2,34.73,1.26,10.59,110.31,0.49,75.6,3,2029,76.34,0.75,63,0.19,Low,21.73
Howrah,West Bengal,22.645674,88.222364,2024-08-25,130.15,97.53,121.1,9.48,27.87,126.95,0.09,28.45,2,12792,69.36,1.22,4569,16.68,Medium,46.09
Chennai,Tamil Nadu,13.175769,80.332959,2023-09-03,157.43,108.67,137.4,7.77,55.34,45.5,2.34,41.36,1,505,85.36,2.46,426,3.6,High,59.01
Chandigarh,Chandigarh,30.789539,76.755483,2024-06-04,140.67,97.45,108.69,10.34,33.34,89.96,2.92,22.57,2,1314,58.4,2.02,1004,8.89,Medium,47.94
Amritsar,Punjab,31.560314,74.929726,2025-02-16,15.84,12.19,15.88,5.95,22.07,162.18,7.31,43.32,4,1772,58.32,0.49,298,0.2,Low,11.29
Vijayawada,Andhra Pradesh,16.447682,80.586377,2024-01-24,63.27,20.02,27.66,4.78,43.63,129.1,0.35,44.06,0,1387,71.73,0.81,511,1.74,Medium,35.97
Varanasi,Uttar Pradesh,25.261042,82.951419,2024-03-15,71.01,21.67,30.5,4.81,19.81,15.14,0.79,53.47,2,13429,87.57,1.74,3744,19.28,Medium,36.59
Kota,Rajasthan,25.308271,75.930907,2024-09-12,65.78,22.74,25.16,5.64,46.5,14.02,2.24,81.84,5,4956,42.62,2.26,4803,50.84,Medium,37.02
Jaipur,Rajasthan,26.822633,75.811519,2024-01-08,210.13,73.45,105.13,5.51,56.56,57.28,0.85,48.17,2,213,88.14,2.83,128,1.45,High,68.97
Jodhpur,Rajasthan,26.182695,73.039309,2024-10-31,94.95,47.71,71.19,5.62,50.42,17.83,0.34,77.76,4,436,90.99,1.64,240,1.22,Medium,44.95
Howrah,West Bengal,22.652025,88.187468,2024-04-30,66.54,45.75,57.96,5.83,38.92,37.06,3.17,19.5,2,470,64.61,0.27,35,0.04,Low,32.4
Meerut,Uttar Pradesh,29.042911,77.638976,2024-06-08,193.33,82.8,98.17,5.48,78.42,63.18,1.11,63.15,4,979,63.17,2.4,434,4.48,High,58.52
Gwalior,Madhya Pradesh,26.269993,78.212332,2023-10-21,79.99,38.34,52.1,2.29,23.08,14.05,3.48,24.4,4,1672,92.59,0.24,194,0.13,Low,24.33
Nashik,Maharashtra,19.912479,73.836376,2025-07-19,36.47,24.41,31.58,0.71,42.09,155.02,1.28,42.81,2,79,53.18,0.53,11,0.03,Low,19.26
Howrah,West Bengal,22.677983,88.307259,2024-11-28,117.18,52.16,58.25,9.3,47.18,116.94,1.88,95.34,4,7,44.81,2.08,1,0.0,Medium,47.68
Nashik,Maharashtra,19.905622,73.778553,2025-04-04,81.18,55.06,66.7,3.39,35.47,57.67,5.54,69.57,2,2211,75.29,1.03,260,1.15,Low,21.0
Guwahati,Assam,26.175943,91.749813,2024-03-15,97.21,46.02,61.36,5.62,29.57,110.28,1.21,43.28,3,8,84.73,0.25,1,0.0,Low,29.03
Agra,Uttar Pradesh,27.137979,78.034322,2023-11-28,56.47,32.72,43.15,3.93,34.24,82.14,0.42,60.9,0,102,60.91,0.59,7,0.01,Low,30.24
Surat,Gujarat,21.205065,72.85576,2023-09-17,30.1,18.62,22.98,3.91,35.75,76.75,2.63,44.53,4,15778,65.54,0.78,4178,7.14,Low,7.6
Madurai,Tamil Nadu,9.872001,78.213382,2023-05-18,176.71,139.34,162.45,3.68,50.06,41.57,1.64,49.12,1,35123,43.67,1.38,25049,44.16,Medium,47.65
Indore,Madhya Pradesh,22.635262,75.909322,2025-02-20,96.86,50.98,64.42,5.14,35.49,64.77,2.98,90.01,1,635,84.71,1.14,83,0.38,Low,28.53
Srinagar,Jammu and Kashmir,34.093783,74.804271,2024-09-30,104.41,68.31,83.19,4.02,40.5,91.13,3.71,46.77,2,2831,63.76,1.84,2405,13.83,Medium,46.82
Vadodara,Gujarat,22.211512,73.083325,2023-11-22,57.99,20.0,22.77,3.79,30.26,52.69,0.62,89.71,1,50000,84.73,0.54,3769,8.96,Low,22.04
Hyderabad,Telangana,17.404807,78.553662,2023-10-28,77.02,43.75,59.55,7.44,48.22,78.2,0.67,83.59,5,90,68.17,1.3,46,0.16,Medium,45.83
Gwalior,Madhya Pradesh,26.229813,78.269648,2025-03-04,158.06,59.39,80.89,6.4,24.29,14.21,2.19,37.27,1,144,81.65,1.34,87,0.31,Medium,48.29
Rajkot,Gujarat,22.236061,70.900069,2025-02-23,147.51,98.99,115.34,2.77,49.95,67.54,0.56,64.9,4,793,66.88,0.95,242,1.11,Medium,40.39
Varanasi,Uttar Pradesh,25.395421,82.884888,2024-02-05,96.29,37.56,56.23,4.52,45.11,148.91,0.55,91.06,6,2931,76.9,2.15,733,6.2,Medium,36.1
Varanasi,Uttar Pradesh,25.322524,83.002506,2023-04-16,70.61,40.34,50.35,9.53,49.9,95.4,0.12,80.53,1,16244,88.21,2.09,8024,36.75,Medium,47.9
Meerut,Uttar Pradesh,28.896999,77.682489,2024-10-05,41.66,18.01,21.06,2.1,37.88,152.28,0.18,48.08,5,3935,67.97,1.02,579,0.64,Low,11.2
Thiruvananthapuram,Kerala,8.474926,76.886012,2025-05-17,26.98,10.85,15.36,10.34,25.12,116.92,0.24,56.06,2,3629,80.82,0.61,836,1.13,Low,30.06
Jodhpur,Rajasthan,26.217991,73.112648,2025-08-19,81.94,49.17,64.02,4.28,50.17,42.45,0.52,56.04,4,111,72.22,1.38,98,0.45,Medium,39.24
Lucknow,Uttar Pradesh,26.885421,80.978422,2025-05-07,130.31,64.41,76.67,7.73,30.38,58.91,4.23,84.07,4,5745,53.1,1.81,2898,15.48,Medium,37.66
Kalyan,Maharashtra,19.261653,73.204411,2024-08-19,44.64,27.68,34.14,4.06,32.1,45.73,1.98,39.23,2,234,73.99,0.19,52,0.02,Low,23.29
Delhi,Delhi,28.752054,77.059849,2024-11-17,97.8,62.9,81.02,4.72,50.29,169.64,1.67,71.37,3,15874,57.19,0.38,1497,2.33,Low,27.11
Delhi,Delhi,28.794483,77.045711,2024-10-07,46.76,32.57,48.34,1.15,50.46,162.1,0.51,65.66,1,297,83.65,0.11,73,0.03,Low,21.58
Surat,Gujarat,21.162091,72.736253,2023-01-18,79.3,53.86,63.8,1.49,21.68,152.39,3.99,51.94,3,57,74.9,0.92,7,0.01,Low,13.78
Patna,Bihar,25.597012,85.120567,2023-05-29,245.2,175.81,210.04,10.07,79.64,40.33,0.05,38.58,2,1239,73.78,7.58,911,13.08,Critical,83.47
Jaipur,Rajasthan,26.906209,75.740878,2024-12-14,166.57,98.98,144.74,1.01,63.33,36.05,0.39,55.38,7,4,90.04,2.37,0,0.0,High,64.62
Varanasi,Uttar Pradesh,25.356963,82.993554,2023-05-25,41.92,31.5,39.69,3.58,30.99,73.66,0.95,29.98,3,11752,90.48,0.35,2681,0.93,Low,13.12
Jabalpur,Madhya Pradesh,23.190392,80.076065,2025-08-08,73.54,48.44,71.48,6.23,41.71,78.92,2.73,41.04,2,478,57.52,1.06,67,0.24,Low,27.36
Ranchi,Jharkhand,23.334712,85.26639,2025-01-26,74.32,49.58,58.49,1.76,42.3,28.73,1.38,58.24,2,4530,83.99,0.71,604,1.33,Low,34.35
Varanasi,Uttar Pradesh,25.3047,82.877482,2024-05-25,134.26,97.32,135.79,0.97,36.74,153.36,1.05,80.59,2,294,88.29,0.49,44,0.06,Low,26.88
Kota,Rajasthan,25.275995,75.812325,2025-08-04,59.45,33.54,49.97,5.17,36.51,79.29,2.0,77.5,7,44,63.7,0.81,2,0.01,Low,31.1
Pune,Maharashtra,18.601434,73.908443,2025-02-28,116.04,51.51,67.11,3.42,38.86,29.71,4.05,65.63,5,50000,86.36,0.21,14016,13.01,Low,33.41
Aurangabad,Maharashtra,19.843962,75.369387,2023-10-05,171.76,91.44,113.31,12.34,63.9,37.84,2.45,91.47,4,376,73.02,2.92,184,2.16,High,70.78
Dhanbad,Jharkhand,23.855618,86.499584,2025-07-11,119.46,75.66,102.31,1.76,56.32,104.26,0.04,76.53,1,1723,66.19,1.85,994,2.5,Medium,38.7
Kanpur,Uttar Pradesh,26.403927,80.261006,2025-04-07,44.37,34.07,43.65,3.6,31.69,246.91,3.04,61.14,4,697,68.71,1.11,237,0.78,Low,2.2
Dhanbad,Jharkhand,23.74658,86.362676,2025-05-01,64.68,21.21,24.48,4.99,39.25,80.39,0.08,22.78,3,11960,32.25,0.46,2171,2.78,Low,31.64
Bhopal,Madhya Pradesh,23.306399,77.512375,2023-12-26,72.77,54.11,79.31,8.91,52.43,111.17,3.32,47.61,5,681,85.11,1.69,238,0.7,Medium,36.35
Meerut,Uttar Pradesh,29.024276,77.60673,2024-10-20,89.38,44.45,62.04,11.77,42.87,83.02,0.45,41.74,2,1435,57.7,1.4,177,0.84,Medium,51.4
Mumbai,Maharashtra,19.046334,72.948318,2025-08-28,114.88,91.6,123.49,4.86,46.6,77.74,1.0,55.48,2,96,71.39,2.48,23,0.17,Medium,41.15
Varanasi,Uttar Pradesh,25.416454,82.968164,2025-08-02,86.33,51.92,62.26,4.93,26.85,115.48,1.04,27.13,2,14086,43.98,0.75,3219,7.35,Low,31.55
Amritsar,Punjab,31.559779,74.956999,2023-08-23,68.47,50.58,71.19,1.66,32.18,71.97,2.34,28.4,1,1932,80.66,0.91,390,0.75,Low,18.0
Guwahati,Assam,26.17153,91.761342,2023-12-05,99.07,32.32,44.31,3.88,25.16,144.37,2.17,74.15,3,683,65.69,0.64,87,0.12,Low,13.02
Guwahati,Assam,26.227332,91.776029,2025-09-17,62.16,33.11,45.81,5.61,34.66,78.38,0.39,78.87,3,107,88.01,0.27,33,0.04,Low,34.1
Indore,Madhya Pradesh,22.645273,75.834916,2024-02-05,84.46,33.93,43.08,12.37,44.59,62.48,5.6,73.97,2,120,88.15,0.98,33,0.12,Medium,36.08
Bangalore,Karnataka,12.904304,77.662518,2024-10-06,146.35,70.75,98.88,4.81,42.03,70.67,0.32,96.96,3,583,63.73,1.55,201,1.31,Medium,50.19
Chandigarh,Chandigarh,30.670432,76.776185,2024-06-26,70.02,30.56,40.56,11.87,16.13,81.38,3.46,50.28,3,1057,92.3,1.65,564,3.54,Medium,40.91
Allahabad,Uttar Pradesh,25.364585,81.768737,2025-05-19,128.35,54.09,70.8,2.05,59.94,224.64,0.97,63.37,4,14556,60.65,0.44,1636,1.93,Low,34.52
Howrah,West Bengal,22.586234,88.252747,2023-04-17,162.35,52.76,58.54,9.57,43.65,92.51,1.06,48.27,3,6960,97.45,3.18,5333,65.77,High,64.42
Mumbai,Maharashtra,19.143112,72.889091,2025-08-11,150.65,90.8,129.53,7.75,63.31,72.3,2.19,45.7,4,8423,73.43,3.16,4909,18.85,High,64.71
Varanasi,Uttar Pradesh,25.265731,82.907593,2024-03-07,88.79,70.95,106.01,10.72,28.91,74.18,2.41,41.61,1,3973,65.56,2.47,709,4.12,Medium,43.1
Chandigarh,Chandigarh,30.773428,76.8347,2025-04-30,54.4,20.42,30.11,4.49,25.76,72.79,1.66,48.98,7,1069,93.26,0.6,238,0.22,Low,29.34
Kanpur,Uttar Pradesh,26.387657,80.407851,2024-03-16,49.35,21.4,31.2,5.53,26.35,24.5,0.58,56.56,3,6996,48.03,0.72,966,2.22,Low,27.55
Delhi,Delhi,28.739814,77.191435,2024-08-24,55.13,42.27,47.89,5.09,25.3,152.86,2.35,42.16,2,145,98.55,0.62,12,0.02,Low,22.44
Bareilly,Uttar Pradesh,28.297732,75.451113,2023-08-21,42.68,19.84,26.85,5.38,27.87,57.64,4.17,69.39,4,23994,72.98,1.03,5477,16.48,Low,16.27
Mumbai,Maharashtra,19.094293,72.946113,2025-05-11,70.21,54.14,62.21,6.13,18.51,161.62,3.86,83.72,4,50000,85.0,0.34,14711,6.5,Low,21.4
Delhi,Delhi,28.614823,77.153448,2025-03-04,103.02,40.3,52.47,6.42,35.46,179.26,4.6,40.42,2,977,89.98,0.58,187,0.11,Low,25.03
Pune,Maharashtra,18.511583,73.793171,2023-06-19,58.34,38.76,54.53,1.85,31.21,176.14,0.67,91.02,6,2181,50.41,0.96,599,1.76,Low,27.04
Ranchi,Jharkhand,23.248022,85.233153,2024-08-05,132.98,99.19,127.94,7.0,27.78,131.58,0.45,79.05,6,54,89.96,0.98,33,0.15,Medium,47.97
Faridabad,Haryana,28.333648,77.303606,2023-07-25,173.09,135.62,156.18,3.21,69.06,162.1,9.39,78.6,2,564,88.35,1.92,284,2.6,Medium,40.94
Hubli,Karnataka,15.384939,75.153419,2024-12-18,93.83,33.88,46.54,0.82,45.75,161.43,2.92,71.21,3,144,83.67,0.34,13,0.01,Low,25.97
Varanasi,Uttar Pradesh,25.329645,82.886489,2023-01-27,89.38,52.83,65.21,3.71,19.94,22.94,0.4,59.34,2,975,48.66,1.07,135,0.7,Low,31.54
Kanpur,Uttar Pradesh,26.422343,80.394151,2024-09-15,147.02,104.26,144.08,5.22,36.25,87.46,2.5,34.77,5,2027,36.4,0.29,762,0.81,Low,34.07
Vasai,Maharashtra,19.467675,72.873563,2023-05-29,227.83,70.68,102.26,7.99,71.26,206.75,0.04,52.9,4,74,80.75,2.05,65,0.51,High,71.7
Varanasi,Uttar Pradesh,25.256438,82.976192,2025-06-18,16.3,5.76,6.4,5.11,25.47,73.23,3.94,50.79,4,1411,61.58,0.46,522,0.58,Low,16.48
Kota,Rajasthan,25.210666,75.936921,2023-10-10,118.96,62.8,78.6,1.31,47.27,271.41,2.9,79.75,3,6486,84.89,0.86,600,1.69,Low,33.02
Kanpur,Uttar Pradesh,26.495379,80.425411,2024-06-21,34.9,11.74,15.85,9.83,26.74,72.19,0.73,55.03,5,50000,74.02,0.82,6807,23.72,Low,26.25
Guwahati,Assam,26.206321,91.734787,2025-09-04,276.95,199.06,269.14,5.44,82.98,285.17,1.39,44.74,1,84,70.23,2.31,26,0.11,High,66.79
Vijayawada,Andhra Pradesh,16.474044,80.663607,2023-11-17,62.14,41.2,52.66,12.26,37.38,36.34,0.32,50.02,2,163,82.06,1.01,34,0.09,Medium,47.88
Guwahati,Assam,26.055699,91.803553,2025-03-27,82.29,31.24,39.45,3.16,13.12,76.36,2.04,47.28,1,3399,67.74,0.43,265,0.13,Low,25.84
Faridabad,Haryana,28.318536,77.397693,2023-11-28,69.3,26.12,34.08,2.41,34.99,10.49,1.2,67.49,3,12809,63.04,1.09,3472,6.39,Low,25.29
Vijayawada,Andhra Pradesh,16.473009,80.743216,2023-08-22,51.6,30.95,35.07,0.67,45.33,189.84,0.1,81.51,2,1862,54.19,0.98,526,1.21,Low,33.64
Visakhapatnam,Andhra Pradesh,17.65164,83.280704,2025-07-01,70.52,22.8,32.19,5.33,33.69,116.69,0.51,87.71,1,1145,90.43,0.56,269,0.44,Low,25.71
Jabalpur,Madhya Pradesh,23.275659,80.028321,2025-08-22,121.32,49.54,66.44,3.77,37.18,47.36,0.5,37.64,6,11,78.25,0.83,1,0.0,Medium,41.68
Pune,Maharashtra,18.487255,73.913432,2025-08-21,25.79,12.75,17.2,4.5,26.79,100.73,0.22,81.39,3,16434,92.45,0.82,1294,3.03,Low,21.66
Madurai,Tamil Nadu,9.887684,78.027426,2024-06-03,267.9,187.83,278.09,8.71,87.49,50.15,0.55,67.82,5,17,74.49,6.46,24,0.3,Critical,82.65
Vadodara,Gujarat,22.241216,73.146318,2024-05-29,53.49,42.64,56.49,5.73,33.92,52.01,0.09,66.28,3,448,72.22,0.44,122,0.14,Low,29.11
Lucknow,Uttar Pradesh,26.931469,80.882366,2024-11-18,173.15,129.84,190.89,4.34,52.71,82.02,2.36,82.5,2,33,63.56,2.02,10,0.07,Medium,50.31
Hubli,Karnataka,15.342124,75.20292,2024-10-10,68.84,27.9,39.08,5.41,28.49,90.8,2.25,49.65,0,31,84.71,0.56,8,0.02,Low,23.85
Bhopal,Madhya Pradesh,23.328928,77.486143,2025-06-25,30.58,13.68,16.05,4.89,13.71,252.79,1.85,36.8,1,247,83.43,0.68,39,0.13,Low,14.13
Jaipur,Rajasthan,26.900609,75.835038,2024-09-11,51.7,34.56,39.05,0.72,25.85,69.91,2.37,11.13,2,13013,79.66,0.76,794,1.61,Low,25.34
Dhanbad,Jharkhand,23.798334,86.470098,2023-11-23,78.1,57.89,74.97,2.97,40.39,132.94,1.21,70.27,4,9931,55.7,0.94,2648,9.1,Low,22.21
Faridabad,Haryana,28.405632,77.355969,2024-09-09,177.21,97.89,138.25,4.81,54.48,63.04,2.65,24.28,5,1590,24.73,2.2,590,4.49,Medium,50.77
Surat,Gujarat,21.231177,72.815787,2023-12-14,71.95,50.91,74.16,6.31,44.54,68.79,2.79,55.4,4,23,58.24,1.88,5,0.02,Medium,36.19
Varanasi,Uttar Pradesh,25.399144,82.897896,2024-01-31,6.14,2.36,3.47,3.94,13.39,86.36,0.03,88.51,2,1589,65.63,0.27,404,0.4,Low,15.66
Indore,Madhya Pradesh,22.669555,75.881673,2023-08-11,60.14,38.33,43.04,5.58,41.2,39.37,0.4,44.68,1,17825,42.29,1.36,5869,21.18,Medium,45.09
Allahabad,Uttar Pradesh,25.396203,81.863225,2024-10-02,112.43,42.34,63.18,1.27,45.86,16.63,4.4,57.31,2,30,64.74,0.25,4,0.0,Low,34.92
Ranchi,Jharkhand,23.390033,85.332685,2024-10-31,158.62,83.04,104.45,7.34,68.49,151.63,1.96,76.19,2,157,57.63,2.84,116,1.65,High,64.27
Howrah,West Bengal,22.532637,88.354747,2025-09-09,61.84,38.57,50.9,10.8,31.2,47.02,5.59,60.04,1,1832,91.41,0.7,261,0.4,Low,34.3
Kalyan,Maharashtra,19.204899,73.154675,2025-07-06,32.46,13.69,15.95,6.66,20.99,85.99,1.49,57.9,1,2673,92.24,0.59,386,0.66,Low,19.85
Amritsar,Punjab,31.544518,74.798758,2025-09-08,88.04,46.88,64.63,2.22,37.42,7.69,0.27,27.71,3,20,62.98,0.31,5,0.0,Low,28.38
Meerut,Uttar Pradesh,28.965712,77.728498,2025-08-05,43.16,16.74,19.24,1.66,26.88,119.26,1.6,73.33,5,80,84.75,0.28,7,0.01,Low,6.82
Vadodara,Gujarat,22.310015,73.257011,2023-10-05,255.14,119.28,169.5,6.94,51.93,19.23,2.3,27.41,1,23907,45.18,3.68,12675,217.64,High,66.9
Agra,Uttar Pradesh,27.162268,78.026203,2024-03-02,123.27,72.91,96.49,4.49,34.5,228.28,1.33,60.97,3,5337,48.25,0.63,903,1.13,Low,29.01
Jaipur,Rajasthan,26.988486,75.850879,2023-06-12,89.54,29.72,39.51,1.94,43.92,18.43,0.34,83.34,3,731,89.34,1.81,105,0.84,Medium,36.3
Rajkot,Gujarat,22.387748,70.814317,2025-04-13,65.64,42.07,48.6,4.7,30.65,47.42,2.43,48.3,2,205,92.97,0.93,23,0.07,Low,26.32
Bareilly,Uttar Pradesh,28.306792,75.323718,2025-07-27,55.12,28.68,32.48,3.22,35.3,160.3,1.78,86.63,4,1111,88.14,0.88,296,0.8,Low,18.04
Agra,Uttar Pradesh,27.08708,77.922919,2023-10-25,126.9,75.61,83.28,4.52,30.41,26.36,10.0,82.68,3,33051,74.53,1.27,8767,42.92,Medium,40.33
Bhopal,Madhya Pradesh,23.32611,77.352768,2025-08-28,72.19,54.07,61.18,6.74,37.16,13.02,0.05,38.53,2,1276,57.7,0.75,377,1.13,Low,34.96
Hyderabad,Telangana,17.451113,78.397566,2023-06-01,84.49,32.61,45.86,6.83,43.28,56.54,4.72,58.52,4,878,92.52,0.74,139,0.23,Low,32.73
Kota,Rajasthan,25.218535,75.922578,2024-01-21,65.59,26.79,31.26,3.49,28.23,99.36,0.97,64.48,1,50000,85.22,0.95,20435,38.94,Low,23.86
Kanpur,Uttar Pradesh,26.381569,80.306155,2023-12-12,60.94,33.88,45.29,2.48,29.76,332.79,2.15,50.64,2,14094,67.43,0.25,1237,1.05,Low,16.88
Hyderabad,Telangana,17.299527,78.412742,2023-12-04,61.62,20.21,28.72,3.16,19.06,67.21,1.51,40.32,4,16132,55.24,0.77,2178,5.23,Low,28.43
Rajkot,Gujarat,22.236673,70.787612,2024-06-13,173.05,57.04,68.58,7.45,52.84,96.43,1.38,97.3,5,362,89.02,2.06,432,2.03,High,58.89
Vasai,Maharashtra,19.471243,72.877573,2024-09-02,113.04,88.34,123.72,1.24,41.58,161.82,1.09,83.45,6,2026,62.13,1.31,525,1.96,Medium,35.82
Dhanbad,Jharkhand,23.715493,86.378377,2024-12-24,123.73,89.0,131.14,6.38,51.55,62.86,1.02,30.27,2,2080,91.15,1.47,568,3.33,Medium,47.32
Nagpur,Maharashtra,21.126256,79.181019,2023-01-21,109.45,38.23,47.4,3.56,35.83,43.26,1.5,71.5,3,5519,75.22,2.46,1619,12.98,Medium,39.73
Kalyan,Maharashtra,19.226261,73.207049,2025-02-18,36.26,24.48,27.54,4.15,42.36,124.49,1.0,68.32,2,2345,54.87,1.17,317,1.31,Low,21.52
Bhopal,Madhya Pradesh,23.327416,77.343738,2024-05-16,68.15,47.81,56.94,0.0,37.93,93.76,1.17,65.23,2,791,67.56,1.01,80,0.21,Low,26.33
Varanasi,Uttar Pradesh,25.299611,83.022437,2024-04-01,20.0,7.64,9.28,3.15,24.99,91.54,0.15,80.42,6,31991,46.66,0.84,9430,25.54,Low,12.32
Bhopal,Madhya Pradesh,23.283228,77.383605,2025-06-06,53.5,17.55,21.65,8.15,26.25,151.81,0.12,81.2,3,204,70.97,1.15,62,0.21,Low,34.67
Jaipur,Rajasthan,26.873867,75.7952,2024-07-10,55.7,41.79,49.96,5.54,28.53,3.2,2.53,78.73,1,111,67.48,0.44,10,0.01,Low,25.15
Jodhpur,Rajasthan,26.222004,72.975057,2024-05-12,133.76,67.77,84.67,11.41,61.19,169.77,4.94,77.02,2,1045,63.54,2.5,345,3.7,Medium,51.66
Solapur,Maharashtra,17.693749,75.808448,2023-11-06,30.99,10.26,14.73,2.32,18.47,127.38,4.4,78.91,5,9014,35.57,0.69,1714,3.94,Low,0.0
Jabalpur,Madhya Pradesh,23.191623,79.891531,2023-12-19,16.14,11.3,15.4,3.11,27.33,47.9,1.06,37.69,2,6401,86.07,1.15,974,2.64,Low,12.35
Varanasi,Uttar Pradesh,25.406729,83.061188,2024-07-09,33.3,24.58,29.61,6.08,22.84,5.76,0.02,82.79,2,436,74.38,1.18,84,0.18,Low,31.0
Vasai,Maharashtra,19.388118,72.763788,2024-03-22,139.28,78.43,103.76,7.31,46.35,184.92,0.02,39.78,0,4915,84.07,1.97,1130,4.58,Medium,51.79
Jodhpur,Rajasthan,26.230001,72.954043,2024-08-12,50.32,34.02,49.22,1.96,39.27,86.94,0.06,60.01,1,35708,93.96,0.54,7789,15.27,Low,23.57
Hubli,Karnataka,15.409394,75.187046,2025-08-30,12.27,7.11,7.96,3.38,18.65,13.08,2.7,33.13,3,502,89.42,1.13,87,0.37,Low,10.4
Agra,Uttar Pradesh,27.121137,78.064324,2023-03-09,97.13,69.26,83.15,3.94,34.13,188.63,4.61,58.89,2,370,76.69,0.5,63,0.06,Low,13.78
Allahabad,Uttar Pradesh,25.343007,81.806684,2025-04-03,76.78,32.89,36.99,2.83,49.67,79.38,0.94,25.16,3,7213,77.27,0.24,580,0.67,Low,28.67
Dhanbad,Jharkhand,23.882571,86.487588,2024-05-21,29.99,23.66,26.32,8.25,25.7,390.76,2.11,65.93,1,279,58.87,0.77,74,0.15,Low,17.02
Coimbatore,Tamil Nadu,10.981669,76.860071,2025-07-02,56.18,24.83,32.45,5.27,33.26,29.66,3.98,90.51,2,770,65.49,0.48,246,0.4,Low,30.95
Visakhapatnam,Andhra Pradesh,17.595963,83.305798,2023-11-11,77.44,38.75,57.0,4.42,24.65,101.78,0.5,54.77,0,22,80.38,0.98,7,0.02,Low,26.86
Jodhpur,Rajasthan,26.332491,73.096222,2023-03-17,81.06,41.75,57.94,2.77,28.02,74.18,1.59,82.05,3,980,70.22,0.78,107,0.22,Low,19.43
Agra,Uttar Pradesh,27.112148,77.926822,2024-03-01,183.28,102.95,148.26,13.6,29.93,171.47,2.85,44.17,2,170,46.84,2.39,196,2.19,High,60.46
Mumbai,Maharashtra,19.064446,72.874884,2025-02-02,191.57,148.18,181.31,5.09,53.75,126.28,1.56,93.52,2,2904,91.77,3.22,1051,12.31,High,56.21
Surat,Gujarat,21.211741,72.766535,2024-05-26,132.45,87.0,108.27,8.21,44.44,58.62,5.0,74.92,2,3219,65.25,2.5,1093,10.02,Medium,44.32
Kochi,Kerala,9.975229,76.286862,2023-07-12,161.48,124.27,147.51,4.57,34.85,15.98,2.39,94.49,1,229,44.63,1.3,168,0.31,Medium,52.37
Dhanbad,Jharkhand,23.868968,86.472928,2023-02-13,69.85,54.76,63.04,2.42,48.01,160.41,2.4,81.25,0,21268,61.55,0.53,3842,5.26,Low,26.44
Coimbatore,Tamil Nadu,10.990705,77.047746,2024-06-23,30.23,22.7,26.67,2.77,0.0,215.82,6.81,69.7,5,1006,42.44,0.6,170,0.17,Low,1.58
Howrah,West Bengal,22.631522,88.258963,2023-04-09,76.13,59.9,88.63,3.16,41.33,109.0,0.85,73.0,7,3376,86.66,0.12,764,0.29,Low,24.88
Kota,Rajasthan,25.256377,75.956071,2023-10-21,63.91,44.4,62.04,1.89,47.17,132.54,2.24,75.34,5,98,40.57,0.39,11,0.01,Low,20.21
Patna,Bihar,25.655432,85.153947,2024-02-09,88.83,36.33,53.69,4.87,36.29,105.73,1.98,90.28,9,1600,87.27,1.16,358,1.06,Low,28.1
Howrah,West Bengal,22.561866,88.209839,2023-06-06,44.12,24.19,27.25,2.73,32.52,103.49,0.83,21.04,3,270,66.33,0.36,70,0.03,Low,11.4
Coimbatore,Tamil Nadu,11.007033,76.889705,2024-09-23,90.35,46.55,59.93,8.88,50.42,21.32,0.19,80.07,5,390,61.55,1.97,256,0.79,Medium,44.27
Chennai,Tamil Nadu,13.1476,80.187068,2023-07-11,59.71,31.72,41.86,0.47,15.01,99.01,1.0,84.29,5,24,68.35,0.18,2,0.0,Low,26.68
Bhopal,Madhya Pradesh,23.235863,77.34813,2023-07-05,166.96,118.91,140.6,17.54,60.88,98.0,0.03,74.98,3,314,89.32,7.54,358,7.59,Critical,77.32
Pune,Maharashtra,18.439959,73.95378,2024-07-28,212.87,153.08,187.94,3.97,59.34,207.43,2.47,39.37,2,1650,51.91,1.19,715,4.19,Medium,52.76
Vijayawada,Andhra Pradesh,16.492454,80.65411,2024-03-22,72.99,32.11,45.08,11.31,22.01,139.95,0.32,52.12,3,1176,58.68,2.36,346,3.59,Medium,41.5
Guwahati,Assam,26.223525,91.745952,2024-03-25,123.21,38.88,49.58,6.82,28.44,180.89,0.31,49.73,3,49334,80.87,1.69,28882,146.4,Medium,43.28
Coimbatore,Tamil Nadu,10.994171,76.98458,2025-09-21,98.88,39.7,45.72,4.4,27.37,79.86,1.41,67.46,2,7042,54.87,0.74,1556,4.14,Low,28.86
Kota,Rajasthan,25.305363,75.801522,2023-09-20,50.68,24.93,31.85,4.35,31.29,188.81,0.42,51.64,3,131,94.1,0.8,26,0.07,Low,34.28
Jodhpur,Rajasthan,26.305807,72.946107,2025-02-03,73.7,34.51,44.65,3.78,42.81,120.67,0.2,73.99,5,2546,87.42,1.08,511,1.42,Low,28.33
Varanasi,Uttar Pradesh,25.399201,82.922089,2025-07-23,77.02,23.98,34.66,8.22,41.94,24.03,0.07,28.3,1,3004,76.02,1.38,1938,9.09,Medium,49.08
Vasai,Maharashtra,19.380985,72.829731,2024-02-19,145.42,49.55,56.36,12.37,34.66,95.95,0.94,58.84,2,22,71.85,1.37,3,0.01,Medium,54.94
Pune,Maharashtra,18.554889,73.949733,2023-12-09,90.4,70.49,97.89,11.1,51.65,101.09,2.38,85.58,2,507,76.39,0.99,341,1.21,Medium,44.47
Surat,Gujarat,21.226021,72.867058,2024-11-30,83.67,37.83,43.99,1.94,55.12,91.69,1.51,70.43,5,1966,79.32,0.75,646,1.4,Low,32.62
Howrah,West Bengal,22.559142,88.20691,2023-07-27,101.69,63.38,90.55,6.07,43.85,87.27,10.0,88.11,2,318,97.35,2.36,60,0.39,Medium,41.72
Ranchi,Jharkhand,23.285347,85.282747,2024-01-01,60.98,23.01,26.61,7.27,24.36,121.79,0.84,12.76,4,518,50.32,0.86,60,0.09,Low,32.48
Varanasi,Uttar Pradesh,25.321978,82.975613,2023-09-23,24.97,13.33,15.33,1.79,23.52,20.84,0.15,82.71,1,19113,66.39,0.38,5521,4.2,Low,20.46
Meerut,Uttar Pradesh,29.063315,77.743835,2025-01-07,126.47,79.4,116.81,2.65,47.99,141.31,0.05,52.58,1,14,56.63,1.68,2,0.0,Medium,38.57
Howrah,West Bengal,22.622231,88.280923,2024-06-01,53.94,35.76,45.6,11.8,28.98,402.11,0.92,88.23,2,1651,77.13,1.16,881,2.31,Medium,39.14
Vadodara,Gujarat,22.264201,73.09057,2025-02-07,96.23,69.15,78.53,4.51,38.8,89.09,0.4,38.73,5,237,67.42,1.1,24,0.08,Low,28.49
Mumbai,Maharashtra,19.110176,72.841558,2023-05-15,40.64,18.62,25.84,5.0,19.05,32.56,2.17,95.15,5,10479,88.21,0.88,1030,3.21,Low,16.9
Rajkot,Gujarat,22.222045,70.861316,2024-04-04,94.23,73.05,108.05,3.92,53.13,170.55,1.35,91.72,2,80,73.6,1.14,25,0.1,Low,27.12
Kanpur,Uttar Pradesh,26.517422,80.352055,2023-11-08,86.96,40.17,44.43,4.47,43.76,128.44,0.97,18.94,2,10003,70.53,0.16,629,0.38,Low,33.19
Howrah,West Bengal,22.692008,88.212171,2023-07-08,49.37,32.81,40.72,5.74,26.71,20.0,7.47,46.27,4,3838,90.91,0.54,1548,1.64,Low,19.62
Mumbai,Maharashtra,18.986685,72.785112,2024-10-14,108.46,45.63,66.84,2.18,35.83,93.71,0.15,83.49,5,107,91.91,0.96,70,0.21,Medium,39.7
Dhanbad,Jharkhand,23.848427,86.438031,2024-02-24,179.22,114.53,132.26,4.53,54.24,99.93,10.0,53.21,4,905,74.09,1.08,370,1.36,Medium,44.22
Jaipur,Rajasthan,26.857238,75.747721,2024-12-24,32.54,23.86,34.47,10.23,11.39,88.12,0.99,92.21,4,144,74.05,1.36,78,0.4,Medium,37.1
Vadodara,Gujarat,22.353849,73.122058,2024-12-30,29.82,15.67,18.06,11.65,24.34,115.79,3.42,51.44,2,482,71.25,0.86,41,0.12,Low,22.29
Kalyan,Maharashtra,19.284566,73.110697,2023-06-10,130.29,53.97,66.5,6.29,54.98,17.95,0.48,67.11,6,2009,98.17,1.28,1857,10.41,Medium,49.51
Rajkot,Gujarat,22.225124,70.80961,2025-05-24,77.64,44.81,58.53,5.38,50.81,317.03,9.97,75.16,1,3830,90.27,0.78,425,1.52,Low,19.28
Jodhpur,Rajasthan,26.139183,72.991958,2024-02-27,133.71,74.91,95.76,4.73,71.65,165.46,2.49,71.29,4,3374,87.82,1.54,1811,7.7,Medium,45.03
Ahmedabad,Gujarat,23.067296,72.575934,2024-06-11,59.64,17.9,23.96,2.72,43.46,70.33,0.51,66.24,3,790,66.87,0.84,211,0.39,Low,28.24
Nashik,Maharashtra,19.948439,73.784327,2024-08-02,50.38,35.89,48.84,7.7,22.06,53.97,0.44,80.98,1,7706,62.29,1.25,2476,10.17,Medium,42.48
Chandigarh,Chandigarh,30.691925,76.852365,2025-08-19,72.31,44.06,64.22,2.34,42.86,57.75,0.56,57.08,7,89,48.8,0.48,6,0.0,Low,27.72
Gwalior,Madhya Pradesh,26.155905,78.095393,2023-06-29,43.89,28.24,42.2,3.01,36.98,39.01,1.35,55.89,3,1148,64.94,0.47,150,0.22,Low,16.82
Varanasi,Uttar Pradesh,25.374139,83.004217,2025-01-13,184.42,142.76,205.04,5.95,68.8,102.95,5.18,52.28,5,28,80.71,1.76,10,0.04,Medium,52.19
Nashik,Maharashtra,20.005556,73.793456,2024-05-10,42.24,15.58,23.16,5.21,19.28,204.29,0.83,81.43,4,12907,55.1,0.41,1532,1.2,Low,14.68
Thiruvananthapuram,Kerala,8.607965,76.93887,2023-10-24,33.88,12.77,15.38,6.75,16.85,59.12,4.6,73.24,3,436,58.73,0.95,81,0.25,Low,16.07
Jabalpur,Madhya Pradesh,23.276566,79.920624,2024-08-02,52.66,35.19,50.16,3.11,23.8,38.18,3.66,59.14,5,502,65.86,0.14,91,0.04,Low,27.97
Mumbai,Maharashtra,19.118805,72.883718,2023-03-23,131.01,53.0,73.98,2.79,53.59,332.82,3.48,28.07,5,339,62.23,0.9,44,0.14,Low,31.89
Nashik,Maharashtra,19.983952,73.863279,2025-02-12,118.29,52.27,61.76,1.6,51.39,171.97,2.1,39.89,3,153,87.85,0.25,52,0.04,Low,31.22
Kalyan,Maharashtra,19.296307,73.151826,2025-04-03,141.14,98.97,110.11,7.23,51.45,109.19,5.0,50.61,5,5061,71.28,1.96,1914,13.79,Medium,38.89
Varanasi,Uttar Pradesh,25.26447,83.038895,2023-04-07,78.62,26.34,36.43,3.05,29.3,59.32,1.26,89.51,2,1313,59.13,1.18,266,1.37,Low,20.47
Aurangabad,Maharashtra,19.953535,75.353772,2024-03-10,76.73,54.33,75.95,5.52,41.68,87.5,1.02,78.06,4,721,88.86,0.21,150,0.04,Low,34.32
Kalyan,Maharashtra,19.233419,73.151477,2025-03-20,139.97,48.3,62.46,2.22,55.57,75.7,6.3,53.44,7,307,29.72,0.23,16,0.01,Low,33.29
Rajkot,Gujarat,22.286941,70.855572,2023-11-27,49.06,28.07,33.2,11.09,29.66,102.07,1.93,33.7,3,265,73.21,0.17,70,0.02,Low,25.5
Nashik,Maharashtra,19.967132,73.751044,2023-03-06,38.14,19.45,24.67,7.18,18.07,44.25,2.46,52.02,0,132,54.5,0.85,11,0.04,Low,21.88
Kolkata,West Bengal,22.650635,88.345398,2023-04-22,98.08,31.24,46.73,6.13,33.06,46.88,4.7,19.83,3,267,46.83,0.78,73,0.23,Low,21.06
Indore,Madhya Pradesh,22.624362,75.864679,2024-01-30,41.0,14.35,16.78,2.38,26.26,78.05,2.59,84.03,6,4959,89.03,0.21,328,0.28,Low,14.59
Madurai,Tamil Nadu,9.826676,78.096801,2023-01-27,125.84,93.75,110.77,4.62,28.06,40.12,2.95,69.2,5,1137,75.69,1.11,713,3.86,Medium,44.67
Jodhpur,Rajasthan,26.280428,73.029647,2023-11-17,130.83,92.84,131.88,9.65,40.45,96.43,1.1,28.65,3,3137,86.38,2.3,1470,5.46,Medium,51.15
Kolkata,West Bengal,22.576061,88.370899,2024-07-05,149.33,52.59,63.61,4.89,45.29,60.93,0.1,83.58,2,212,84.47,1.53,98,0.41,Medium,47.23
Agra,Uttar Pradesh,27.175572,77.908594,2025-08-31,84.42,40.09,47.59,5.21,50.41,45.59,1.23,48.18,2,19431,58.67,1.27,15994,88.76,Medium,42.24
Gwalior,Madhya Pradesh,26.177546,78.13031,2024-11-18,58.83,19.71,29.52,10.41,38.09,96.33,0.95,58.58,3,860,71.03,0.87,300,0.89,Medium,41.56
Indore,Madhya Pradesh,22.685674,75.875661,2023-12-02,223.61,116.42,144.74,5.75,68.82,143.26,1.18,76.88,1,460,54.45,2.26,268,0.88,High,64.09
Chennai,Tamil Nadu,13.134103,80.238379,2023-12-22,69.9,29.61,38.8,2.67,38.41,34.25,0.62,87.34,4,2460,66.94,0.13,333,0.12,Low,28.73
Kolkata,West Bengal,22.562397,88.354669,2025-01-02,80.22,54.29,60.37,7.14,32.4,57.34,0.84,74.74,4,2037,79.64,1.18,696,0.99,Medium,43.95
Lucknow,Uttar Pradesh,26.767843,80.974464,2024-12-13,54.33,18.98,26.14,4.13,19.07,63.46,0.09,46.33,3,42,90.65,0.56,8,0.02,Low,33.76
Rajkot,Gujarat,22.358415,70.743516,2023-09-06,99.23,41.5,56.54,8.63,35.22,52.12,2.99,83.84,4,364,77.25,0.29,66,0.09,Low,32.18
Delhi,Delhi,28.800632,77.201568,2024-04-18,41.27,32.09,44.01,5.53,13.51,21.2,2.85,68.58,2,72,90.58,0.88,13,0.03,Low,20.97
Faridabad,Haryana,28.376168,77.327805,2023-01-17,141.98,107.24,156.32,5.41,43.29,62.1,0.7,79.28,3,873,85.97,2.13,524,5.1,Medium,43.71
Pune,Maharashtra,18.586827,73.831216,2025-08-14,140.24,96.05,134.09,6.19,40.78,14.99,0.57,69.81,1,386,66.46,2.07,240,1.23,Medium,50.43
Varanasi,Uttar Pradesh,25.312625,82.986004,2023-12-05,132.84,102.02,143.47,0.0,48.63,65.69,0.28,29.16,7,3567,90.14,2.47,1924,13.44,Medium,45.27
Guwahati,Assam,26.071709,91.671046,2025-03-19,206.34,159.31,203.45,11.45,51.71,77.16,1.37,35.55,5,26,71.45,5.16,7,0.11,Critical,77.16
Dhanbad,Jharkhand,23.72176,86.377384,2025-08-28,85.31,55.96,63.53,2.96,28.75,50.87,0.87,30.32,1,2963,84.85,0.93,458,0.58,Low,23.9
Mumbai,Maharashtra,19.037613,72.804374,2024-11-28,53.88,25.25,29.62,2.29,29.12,93.18,1.0,79.89,3,443,60.3,0.59,124,0.36,Low,23.81
Vasai,Maharashtra,19.431441,72.750033,2024-08-28,100.52,68.35,81.31,4.11,34.18,271.11,1.89,55.88,3,356,56.29,2.16,224,1.71,Medium,36.25
Kolkata,West Bengal,22.627954,88.283198,2025-06-19,172.16,76.12,112.83,6.07,44.93,58.79,2.31,80.05,5,1489,50.18,2.54,1090,6.77,High,56.89
Kota,Rajasthan,25.165032,75.829509,2023-08-30,120.13,72.43,94.96,1.4,37.82,110.56,2.94,83.49,5,6635,90.26,0.24,1814,1.16,Low,30.38
Gwalior,Madhya Pradesh,26.18665,78.269889,2024-03-08,83.85,48.55,71.03,0.91,42.4,72.73,1.55,50.08,7,5,67.72,0.66,0,0.0,Low,24.48
Visakhapatnam,Andhra Pradesh,17.708451,83.294996,2025-02-11,78.73,54.57,72.23,2.19,28.25,22.77,3.06,43.15,3,230,78.95,0.95,19,0.06,Low,19.11
Solapur,Maharashtra,17.704646,75.871153,2024-02-06,63.72,46.92,64.0,8.44,46.53,88.87,0.92,49.74,3,260,87.58,1.32,116,0.43,Medium,44.53
Ahmedabad,Gujarat,23.101637,72.627661,2023-11-20,53.67,17.25,19.54,4.48,40.57,37.12,2.65,74.92,4,3989,81.05,0.85,484,1.04,Low,32.08
Amritsar,Punjab,31.697645,74.92184,2024-01-06,29.03,16.29,17.93,6.18,16.51,145.36,2.06,87.65,4,7838,50.16,0.21,1207,0.57,Low,10.08
Nashik,Maharashtra,19.901752,73.817805,2024-06-21,18.61,9.27,13.71,1.3,29.31,106.73,3.9,67.11,4,1477,95.13,0.75,157,0.26,Low,11.46
Varanasi,Uttar Pradesh,25.249495,82.891586,2023-11-05,71.22,56.6,67.97,5.48,38.49,169.53,0.01,33.09,5,4891,88.12,0.58,786,1.38,Low,27.94
Delhi,Delhi,28.6111,77.039951,2024-03-20,147.85,62.85,71.24,15.75,42.19,26.71,2.68,42.12,4,133,95.95,3.74,61,0.75,High,60.38
Lucknow,Uttar Pradesh,26.907139,80.987369,2024-03-14,94.92,45.26,50.43,3.53,65.01,349.96,0.22,39.9,3,1084,39.67,0.45,126,0.07,Low,31.25
Srinagar,Jammu and Kashmir,34.057357,74.847865,2024-09-29,260.96,122.92,169.03,6.51,82.68,94.6,1.61,68.57,4,237,77.6,3.89,255,4.25,High,70.19
Ranchi,Jharkhand,23.290969,85.322723,2025-06-29,31.47,15.52,17.16,6.61,23.33,147.08,2.08,58.46,3,310,92.12,1.03,35,0.12,Low,9.03
Indore,Madhya Pradesh,22.626224,75.840639,2025-09-09,40.94,19.93,25.09,8.58,34.28,262.23,3.16,44.33,2,245,52.76,1.08,81,0.22,Low,18.17
Bangalore,Karnataka,12.95645,77.538024,2024-03-01,48.98,14.79,16.44,3.74,43.08,172.4,1.63,84.25,0,162,75.08,1.08,16,0.06,Low,18.46
Raipur,Chhattisgarh,21.232838,81.679081,2023-08-20,89.35,65.53,91.31,2.41,25.54,24.33,0.74,63.6,5,10250,69.46,1.0,3158,13.95,Low,28.21
Gwalior,Madhya Pradesh,26.170503,78.188424,2025-05-27,85.17,66.01,92.22,8.74,32.42,17.84,6.02,47.15,3,198,62.49,1.07,24,0.06,Low,31.54
Guwahati,Assam,26.149549,91.79003,2024-10-05,27.64,8.76,10.79,3.26,26.95,106.72,2.54,63.41,1,671,97.5,1.03,259,0.31,Low,4.13
Madurai,Tamil Nadu,9.962125,78.080932,2023-02-26,99.53,59.13,75.73,6.91,51.06,189.09,8.32,55.98,4,1317,49.5,0.43,507,1.01,Low,21.91
Nagpur,Maharashtra,21.18308,79.06611,2024-05-14,102.08,38.44,56.85,9.65,33.02,24.61,2.53,77.59,1,1634,83.86,1.99,1076,3.73,Medium,50.57
Kolkata,West Bengal,22.484794,88.358036,2025-01-01,32.86,11.61,12.78,3.73,24.59,110.65,2.2,86.9,3,9081,52.63,0.78,1106,1.93,Low,9.53
Srinagar,Jammu and Kashmir,34.086689,74.811851,2024-04-18,29.87,12.57,15.94,2.37,45.44,167.42,1.49,79.92,2,128,73.16,0.46,7,0.01,Low,13.45
Lucknow,Uttar Pradesh,26.826264,81.024381,2025-08-27,105.14,64.2,92.63,2.18,28.18,2.53,1.56,78.63,6,4514,65.57,1.74,2640,4.94,Medium,37.64
Vijayawada,Andhra Pradesh,16.480644,80.688325,2024-07-27,204.12,75.92,86.88,3.48,62.73,72.25,0.26,93.76,4,2772,87.65,3.48,1192,8.42,High,71.33
Varanasi,Uttar Pradesh,25.416528,82.965738,2023-11-07,36.95,13.78,20.45,3.54,34.13,30.16,0.45,27.69,1,1354,55.33,0.22,136,0.09,Low,22.37
Guwahati,Assam,26.137663,91.833556,2023-02-24,64.7,19.5,27.75,3.21,26.11,234.19,0.83,68.21,1,50000,42.45,0.82,23244,48.13,Low,20.49
Meerut,Uttar Pradesh,29.031559,77.771447,2023-02-23,185.99,88.88,105.77,5.48,45.92,17.9,3.89,71.8,2,3319,92.65,2.11,2733,23.58,High,57.46
Coimbatore,Tamil Nadu,10.928612,77.010718,2025-06-23,80.95,39.8,51.97,3.45,35.61,20.13,2.48,81.3,2,5391,76.52,0.52,1739,2.05,Low,27.33
Guwahati,Assam,26.088873,91.699576,2023-12-27,125.26,92.13,112.95,2.98,25.78,71.36,0.16,59.18,5,21099,56.66,0.86,6001,11.23,Medium,37.56
Faridabad,Haryana,28.461643,77.233644,2023-02-19,38.94,30.58,40.44,1.21,36.76,10.58,2.09,89.01,1,2318,61.82,1.01,328,1.0,Low,18.33
Kochi,Kerala,10.024642,76.24042,2023-04-30,121.4,67.39,82.97,3.39,48.65,187.87,0.61,59.81,3,8208,97.07,1.62,1193,4.48,Medium,42.83
Amritsar,Punjab,31.65763,74.868604,2023-11-01,53.96,31.52,40.97,3.46,23.48,90.6,1.3,57.01,4,3635,87.8,0.68,476,0.83,Low,25.25
Kanpur,Uttar Pradesh,26.418507,80.394609,2025-04-11,105.07,45.74,52.57,8.47,38.27,69.07,8.94,63.95,3,552,55.57,1.55,304,1.87,Medium,35.39
Delhi,Delhi,28.733736,77.095842,2024-08-09,37.72,29.78,38.84,7.3,24.81,36.71,3.17,73.76,3,99,81.72,0.11,10,0.0,Low,25.51
Delhi,Delhi,28.654739,77.028635,2025-02-26,17.01,7.0,9.3,1.07,40.35,46.24,0.92,36.77,2,2170,92.15,0.36,525,0.39,Low,21.91
Chennai,Tamil Nadu,13.168604,80.219951,2023-05-08,172.48,71.74,87.76,2.89,28.03,35.64,2.24,76.01,3,3105,78.21,2.01,1317,11.6,Medium,42.14
Nashik,Maharashtra,20.064904,73.768918,2023-02-11,88.96,44.82,60.81,1.49,53.6,36.34,0.73,50.89,6,2875,84.65,1.08,416,0.61,Low,32.24
Varanasi,Uttar Pradesh,25.219783,83.001228,2023-01-19,210.79,109.72,138.73,10.47,62.27,87.84,4.14,17.81,4,30,99.33,3.86,34,0.36,High,71.42
Chennai,Tamil Nadu,13.012439,80.319729,2024-01-12,183.6,62.52,91.39,4.26,53.59,65.43,5.1,48.23,1,83,49.47,2.36,32,0.28,Medium,50.95
Lucknow,Uttar Pradesh,26.810876,81.00774,2025-04-12,125.53,53.76,77.72,2.57,47.77,128.49,1.35,55.42,6,4120,31.33,1.47,542,0.83,Medium,39.35
Coimbatore,Tamil Nadu,11.020181,76.860341,2024-06-08,77.13,24.34,31.52,2.3,33.75,3.59,0.88,70.36,5,62,83.3,0.78,11,0.04,Low,31.66
Mumbai,Maharashtra,18.978407,72.894508,2025-05-12,38.61,20.12,28.34,3.38,28.25,314.61,1.47,23.21,3,13104,92.21,1.02,2497,12.09,Low,7.6
Gwalior,Madhya Pradesh,26.309129,78.270726,2024-12-02,142.05,65.2,90.24,8.4,56.99,62.59,2.27,28.9,2,1695,85.45,2.02,1272,2.94,Medium,46.27
Lucknow,Uttar Pradesh,26.769099,81.035721,2023-04-19,108.79,82.72,123.82,0.62,54.64,264.12,8.72,58.04,1,34,61.79,0.48,7,0.01,Low,22.01
Kanpur,Uttar Pradesh,26.376007,80.240201,2023-05-09,101.8,31.31,37.52,6.22,47.43,27.99,0.2,77.99,3,4878,67.28,2.21,1760,7.22,Medium,51.61
Jaipur,Rajasthan,26.965619,75.881272,2024-06-15,41.09,28.24,34.89,4.67,41.99,31.95,0.21,53.13,1,1520,74.74,0.12,224,0.08,Low,30.52
Guwahati,Assam,26.194844,91.720801,2024-10-31,107.16,33.47,42.05,5.88,43.59,204.02,5.74,80.83,3,2170,56.92,0.39,461,0.43,Low,27.25
Kochi,Kerala,9.938353,76.25831,2023-09-13,60.13,43.73,63.6,2.67,30.51,101.96,1.75,70.78,2,11557,57.27,0.82,1998,7.74,Low,19.22
Chennai,Tamil Nadu,13.045942,80.267656,2023-12-04,93.85,36.77,54.1,10.24,29.6,44.04,0.46,24.35,5,608,66.61,1.92,156,1.16,Medium,51.97
Bareilly,Uttar Pradesh,28.284843,75.495357,2023-10-18,55.05,42.45,49.75,2.21,39.34,286.34,0.51,30.26,2,205,80.55,1.15,28,0.09,Low,23.48
Gwalior,Madhya Pradesh,26.29127,78.245353,2024-12-09,168.66,72.56,83.86,7.39,49.67,74.96,0.0,34.94,3,696,71.03,3.79,433,3.2,High,62.29
Visakhapatnam,Andhra Pradesh,17.655423,83.174582,2023-09-06,81.52,50.75,67.02,8.26,39.11,75.56,0.31,61.82,2,341,54.32,1.52,159,1.01,Medium,43.56
Indore,Madhya Pradesh,22.752528,75.804476,2023-05-08,139.95,96.51,139.75,6.33,51.53,174.07,0.79,56.96,9,919,64.51,1.81,212,0.46,Medium,45.28
Bangalore,Karnataka,12.999236,77.655631,2025-07-07,31.07,23.86,29.52,4.74,28.25,36.16,0.39,78.07,1,294,43.87,0.74,18,0.06,Low,30.62
Aurangabad,Maharashtra,19.848032,75.335192,2023-07-03,44.93,20.78,23.39,3.65,26.88,87.07,3.06,66.46,3,156,83.06,0.74,43,0.12,Low,9.52
Kota,Rajasthan,25.283551,75.799294,2024-03-31,155.55,98.42,143.64,5.75,44.5,141.61,1.74,63.25,6,3630,87.29,1.19,1512,2.49,Medium,50.91
Vijayawada,Andhra Pradesh,16.595623,80.565215,2023-09-14,67.01,30.91,38.78,4.52,19.2,17.84,3.14,92.93,2,13379,84.72,0.7,4714,4.89,Low,29.66
Kolkata,West Bengal,22.650202,88.272536,2024-04-15,104.03,83.15,120.51,5.59,39.82,106.59,3.54,71.08,3,187,78.64,2.47,143,1.55,Medium,36.66
Ahmedabad,Gujarat,23.013519,72.670783,2023-06-01,145.81,63.57,88.26,4.51,45.31,160.25,0.06,15.46,6,452,77.49,1.37,173,0.64,Medium,46.44
Howrah,West Bengal,22.684359,88.204852,2024-08-13,81.25,64.48,78.25,6.67,32.25,96.06,1.05,82.49,3,50000,75.2,0.91,2800,7.07,Low,34.14
Allahabad,Uttar Pradesh,25.516829,81.931261,2024-11-19,42.22,15.23,17.38,3.16,30.45,232.03,3.61,31.65,6,222,67.67,0.14,31,0.01,Low,3.65
Vijayawada,Andhra Pradesh,16.423311,80.728535,2025-07-13,194.56,112.74,135.36,4.56,71.43,139.19,0.68,58.28,4,2535,74.6,3.73,2197,20.81,High,58.73
Lucknow,Uttar Pradesh,26.890524,81.045353,2025-06-26,74.25,41.04,49.96,3.45,29.39,24.46,3.84,92.81,7,210,60.14,0.69,45,0.06,Low,20.65
Srinagar,Jammu and Kashmir,34.099871,74.739964,2023-12-16,121.39,72.02,104.81,6.24,45.69,122.43,0.42,38.81,5,206,84.23,1.1,138,0.27,Medium,47.33
Jaipur,Rajasthan,26.915554,75.719981,2025-09-08,86.88,62.96,83.97,3.52,25.81,35.1,6.23,59.66,1,1496,74.38,0.44,490,0.71,Low,24.44
Guwahati,Assam,26.045304,91.754318,2023-06-03,171.89,99.83,134.29,12.46,86.54,72.48,2.27,27.53,1,66,60.91,2.68,15,0.18,High,69.47
Surat,Gujarat,21.205566,72.754331,2023-07-23,83.18,66.49,76.68,4.17,41.08,113.5,1.51,55.39,3,1824,88.77,1.02,279,1.3,Low,30.61
Delhi,Delhi,28.799611,77.098955,2024-02-06,51.07,40.21,55.05,4.07,33.4,60.34,0.23,68.07,2,50000,54.91,1.39,14205,75.56,Medium,35.68
Howrah,West Bengal,22.523852,88.224399,2023-11-12,108.19,81.74,96.74,4.88,37.9,98.42,1.99,79.54,0,38102,69.02,1.65,8752,19.14,Medium,44.43
Varanasi,Uttar Pradesh,25.360917,82.925685,2024-05-14,22.56,16.31,19.58,0.24,34.02,99.97,2.6,56.73,2,330,66.38,0.76,54,0.12,Low,12.14
Kota,Rajasthan,25.202583,75.911576,2024-09-10,67.02,40.38,54.42,5.65,29.4,107.08,1.6,69.08,2,2400,51.17,1.09,484,0.87,Low,31.12
Amritsar,Punjab,31.627696,74.802618,2024-08-09,117.81,61.94,75.75,1.47,40.65,18.4,1.05,88.65,4,171,48.56,2.43,77,0.46,Medium,39.65
Guwahati,Assam,26.16195,91.732892,2023-12-18,123.87,95.59,141.09,10.07,51.48,7.06,8.14,78.16,3,1778,59.36,2.44,1941,19.36,High,57.9
Pune,Maharashtra,18.581321,73.911299,2023-05-05,10.36,5.77,7.1,3.61,31.15,386.43,2.84,14.93,2,1293,79.86,0.16,495,0.32,Low,8.53
Kochi,Kerala,9.869395,76.341454,2024-12-03,4.92,1.48,2.16,1.14,20.26,26.23,4.27,23.36,3,1826,48.05,0.62,115,0.26,Low,8.92
Dhanbad,Jharkhand,23.816678,86.529466,2023-06-11,103.74,71.53,87.44,4.08,40.53,39.53,1.83,68.42,8,566,74.74,0.85,284,0.68,Medium,46.22
Chandigarh,Chandigarh,30.792477,76.807932,2024-12-15,167.6,126.79,150.97,3.98,52.09,38.63,1.36,73.97,5,4751,46.95,1.68,3579,6.41,Medium,53.58
Chandigarh,Chandigarh,30.683162,76.86844,2023-09-16,14.85,6.87,8.53,0.78,37.25,33.2,1.67,67.36,3,13660,75.1,0.97,995,2.72,Low,15.18
Indore,Madhya Pradesh,22.806381,75.934976,2025-03-12,155.87,57.9,84.54,2.76,62.33,34.53,2.92,47.57,3,7208,60.74,3.67,6534,96.68,High,55.66
Pune,Maharashtra,18.58529,73.82558,2025-08-13,196.0,120.54,165.68,6.76,61.1,102.26,4.06,30.62,3,395,87.59,1.63,314,0.58,Medium,45.41
Pune,Maharashtra,18.504581,73.775746,2024-11-15,13.71,10.24,14.88,0.51,31.2,137.9,2.36,22.76,6,599,69.66,0.32,220,0.35,Low,4.85
Madurai,Tamil Nadu,9.998095,78.087736,2023-03-13,75.73,43.88,58.39,6.51,40.42,130.63,1.01,56.96,5,383,81.33,1.62,90,0.26,Medium,36.44
Gwalior,Madhya Pradesh,26.188444,78.224586,2024-05-22,67.79,37.32,42.58,10.41,48.74,62.82,1.62,85.88,1,40923,76.14,1.71,21888,113.79,Medium,47.26
Amritsar,Punjab,31.643253,74.955112,2023-10-03,101.17,65.32,92.37,12.53,43.32,51.2,0.1,73.96,3,3960,94.92,3.47,3806,30.78,High,59.47
Guwahati,Assam,26.139586,91.788997,2023-09-30,131.87,98.58,124.88,6.36,64.03,35.61,2.1,38.04,3,40408,46.26,1.09,5101,19.44,Medium,46.73
Chandigarh,Chandigarh,30.825632,76.872333,2023-10-17,24.0,16.41,22.39,7.35,25.16,22.07,1.2,74.09,3,16866,74.47,0.78,7093,23.57,Low,29.84
Solapur,Maharashtra,17.590651,75.808588,2025-01-11,72.02,54.28,69.89,4.46,31.35,87.12,3.74,49.58,5,50,66.38,0.9,19,0.05,Low,27.22
Agra,Uttar Pradesh,27.18993,77.987856,2025-06-02,115.74,84.01,112.61,1.35,59.89,102.95,7.39,55.0,4,5122,36.55,0.23,1005,0.48,Low,25.02
Bangalore,Karnataka,13.047808,77.614733,2024-07-20,13.88,4.26,6.2,1.72,13.26,89.58,2.54,76.37,7,13,47.57,0.71,2,0.0,Low,11.53
Ranchi,Jharkhand,23.293808,85.36228,2025-07-07,66.34,20.28,25.92,6.52,35.37,59.04,1.13,37.91,3,1019,60.34,1.2,128,0.7,Low,25.79
Faridabad,Haryana,28.433428,77.330184,2024-02-02,63.3,44.24,64.02,1.12,26.0,137.87,0.19,77.73,5,3960,81.09,0.6,700,1.15,Low,23.12
Guwahati,Assam,26.220559,91.661313,2023-05-07,66.49,51.12,75.17,9.9,39.52,43.79,0.94,85.67,3,3607,93.44,1.41,1839,6.44,Medium,40.29
Amritsar,Punjab,31.540777,74.840742,2023-12-04,80.58,24.51,32.97,2.11,24.6,214.59,1.45,54.31,5,1385,75.4,0.11,204,0.05,Low,12.03
Coimbatore,Tamil Nadu,11.070256,77.014045,2024-01-31,84.67,46.06,67.06,9.07,33.64,125.87,0.09,71.75,5,368,84.76,1.76,226,1.15,Medium,40.81
Chennai,Tamil Nadu,13.175771,80.20035,2024-03-31,45.89,35.54,39.33,5.45,26.23,251.15,0.78,15.78,1,760,42.23,0.45,263,0.5,Low,11.63
Ahmedabad,Gujarat,22.947147,72.526735,2024-05-08,55.89,16.92,19.5,0.45,40.27,39.97,0.5,39.22,2,36072,58.54,0.9,19618,87.24,Medium,35.21
Lucknow,Uttar Pradesh,26.924969,80.959479,2024-07-21,48.42,23.17,26.89,1.7,29.15,87.06,2.3,76.17,1,907,73.71,0.63,182,0.31,Low,8.95
Ranchi,Jharkhand,23.43619,85.357935,2024-07-24,112.04,65.37,83.76,2.2,55.29,65.97,2.56,18.35,4,13,80.47,1.47,6,0.02,Medium,39.76
Varanasi,Uttar Pradesh,25.251741,82.985097,2025-07-05,95.9,45.11,56.25,2.29,39.67,93.53,0.54,69.89,4,99,54.17,0.47,9,0.01,Low,28.41
Agra,Uttar Pradesh,27.173565,78.067316,2024-11-12,191.65,103.39,116.46,2.62,43.41,97.26,0.01,69.76,4,26,64.07,3.59,24,0.28,High,55.42
Bhopal,Madhya Pradesh,23.180311,77.379255,2025-07-15,107.53,36.27,50.11,0.2,41.42,40.13,3.9,54.24,3,71,91.88,1.31,35,0.21,Medium,40.35
Pune,Maharashtra,18.500333,73.823003,2024-11-04,99.61,53.08,60.88,4.93,31.47,73.18,0.62,57.17,4,28,59.3,1.08,0,0.0,Low,31.47
Kochi,Kerala,9.999604,76.173221,2025-06-03,193.75,79.64,101.57,4.47,68.17,114.68,2.34,29.54,3,3542,53.16,1.89,669,4.74,Medium,51.86
Madurai,Tamil Nadu,10.014513,78.025925,2023-05-19,36.85,16.34,22.43,2.34,21.6,30.33,0.06,62.29,1,5946,89.99,0.4,775,1.46,Low,21.42
Chennai,Tamil Nadu,12.999798,80.196518,2023-06-18,116.82,69.27,87.96,9.15,36.25,52.03,0.51,19.12,5,48,65.73,1.29,16,0.03,Medium,44.02
Coimbatore,Tamil Nadu,10.98312,76.945098,2023-04-22,81.8,29.11,39.52,2.65,37.74,3.24,2.81,20.45,2,7816,90.31,0.58,689,1.8,Low,24.31
Vasai,Maharashtra,19.537907,72.80308,2023-12-30,57.48,40.64,54.68,2.91,31.62,170.12,1.09,44.83,4,179,47.02,0.61,24,0.03,Low,25.41
Hubli,Karnataka,15.402614,75.094474,2024-04-17,137.18,107.2,149.93,11.38,34.86,74.95,1.41,35.91,4,3401,41.66,1.58,1020,5.93,Medium,47.65
Dhanbad,Jharkhand,23.703271,86.525581,2025-03-15,97.61,44.82,63.44,3.83,71.45,144.56,0.64,77.93,4,9431,54.86,0.27,966,0.87,Low,29.83
Chennai,Tamil Nadu,13.174985,80.354464,2023-11-27,53.5,16.17,21.9,3.93,21.76,32.62,2.4,71.53,2,3742,76.96,1.05,254,0.77,Low,26.66
Dhanbad,Jharkhand,23.772935,86.364493,2024-05-31,98.07,56.13,75.06,9.88,51.16,196.85,0.9,67.48,5,10235,85.09,1.28,2102,7.02,Medium,37.09
Surat,Gujarat,21.130402,72.780334,2025-09-24,39.12,17.96,22.94,8.97,39.64,42.3,1.09,62.63,5,27436,90.39,0.16,4327,1.34,Low,28.7
Coimbatore,Tamil Nadu,10.958762,76.98573,2023-07-09,21.56,14.85,18.58,7.8,29.23,65.75,0.07,49.16,3,10364,62.34,0.48,692,1.42,Low,28.69
Faridabad,Haryana,28.479631,77.328683,2024-11-19,80.21,44.51,56.65,3.69,23.93,86.1,3.95,50.54,5,452,85.24,0.78,69,0.21,Low,22.29
Chennai,Tamil Nadu,13.111079,80.170916,2023-12-10,31.01,17.62,24.32,7.7,18.43,87.07,0.02,29.25,3,4337,65.37,1.2,324,1.24,Low,28.09
Guwahati,Assam,26.144796,91.790563,2023-07-28,54.25,29.38,35.24,5.42,34.75,75.98,2.25,74.99,2,3906,72.67,1.11,1025,4.31,Low,27.53
Nashik,Maharashtra,19.951689,73.743475,2023-12-31,24.5,18.1,21.1,4.28,24.62,143.99,4.52,62.97,7,7740,67.95,0.31,997,1.46,Low,11.65
Howrah,West Bengal,22.569687,88.276439,2023-08-14,170.32,84.07,124.67,9.53,49.11,107.74,1.31,47.96,2,1097,90.47,3.72,1324,6.91,High,57.39
Varanasi,Uttar Pradesh,25.370879,83.035855,2024-04-05,47.16,23.43,31.43,4.13,27.14,105.3,0.11,87.14,1,367,91.13,0.18,55,0.03,Low,18.45
Bareilly,Uttar Pradesh,28.435894,75.383804,2023-03-24,44.07,33.03,36.36,2.71,33.81,27.47,0.5,52.31,1,1237,83.15,0.51,366,0.34,Low,24.49
Solapur,Maharashtra,17.757692,75.947792,2023-05-05,145.23,70.08,96.92,5.17,44.71,155.22,3.47,27.7,3,781,82.58,0.82,527,1.94,Medium,39.97
Hubli,Karnataka,15.337736,75.166302,2025-09-05,126.97,48.8,67.16,5.13,50.88,33.3,1.14,61.32,2,488,62.62,2.49,287,2.26,Medium,51.5
Kalyan,Maharashtra,19.235262,73.109211,2023-11-03,126.65,38.67,51.82,1.8,34.88,92.64,1.76,42.43,4,513,74.94,1.42,239,0.77,Medium,38.4
Delhi,Delhi,28.623886,77.041747,2025-09-11,98.81,58.33,78.73,16.92,42.46,157.1,0.57,41.66,4,14826,74.7,3.24,19333,182.97,High,58.69
Guwahati,Assam,26.138242,91.754461,2024-01-15,97.52,33.71,50.37,8.18,42.2,53.4,0.53,67.87,1,2041,90.9,1.01,1269,3.68,Medium,42.07
Vasai,Maharashtra,19.383046,72.709763,2024-03-03,33.9,18.62,27.09,0.3,33.49,46.83,3.12,79.25,0,6616,67.37,0.43,1232,1.36,Low,18.52
Thiruvananthapuram,Kerala,8.429053,77.030868,2023-09-02,97.71,66.77,92.36,2.45,37.77,193.07,1.38,72.6,6,7157,88.2,0.88,857,2.69,Low,16.99
Nagpur,Maharashtra,21.215811,79.001302,2024-12-24,110.53,45.88,60.81,6.19,50.02,85.44,0.07,49.23,7,1215,56.43,1.0,599,2.66,Medium,48.49
Chennai,Tamil Nadu,13.107071,80.362339,2025-06-30,164.1,55.74,69.15,7.02,70.92,28.68,7.13,45.24,2,1438,34.95,3.16,904,7.25,High,58.09
Visakhapatnam,Andhra Pradesh,17.776553,83.222939,2023-09-22,52.58,16.54,24.45,5.52,27.24,75.2,2.63,94.81,3,1928,70.82,0.82,367,0.53,Low,25.8
Visakhapatnam,Andhra Pradesh,17.761358,83.136249,2024-06-20,111.66,46.07,64.93,1.83,50.49,85.26,1.25,35.9,2,326,92.54,0.55,92,0.05,Low,34.07
Kota,Rajasthan,25.301009,75.871595,2024-06-17,63.12,46.58,65.27,3.37,40.87,341.24,1.66,47.32,4,6979,89.09,0.67,1737,1.36,Low,25.69
Jaipur,Rajasthan,27.002475,75.799284,2023-04-11,83.54,50.43,67.0,3.22,31.76,37.61,3.48,52.34,3,1755,88.16,0.51,598,1.0,Low,27.66
Kochi,Kerala,9.986363,76.253216,2023-01-17,200.22,107.02,158.81,5.58,68.06,124.42,0.4,47.5,0,37782,46.81,3.74,20918,349.89,High,65.12
Rajkot,Gujarat,22.25253,70.835602,2023-05-21,112.96,87.35,110.14,6.84,38.73,157.95,1.3,86.53,6,5489,70.05,2.23,2219,21.92,Medium,36.62
Chandigarh,Chandigarh,30.833203,76.75544,2025-07-27,48.37,37.07,48.71,4.47,7.54,23.39,3.54,47.73,5,10782,79.51,0.88,560,1.17,Low,15.85
Rajkot,Gujarat,22.309883,70.799293,2023-01-21,152.09,45.87,62.04,3.86,36.71,60.22,4.42,69.17,5,557,69.06,0.59,67,0.19,Low,32.98
Vasai,Maharashtra,19.375713,72.860463,2025-08-27,63.85,28.92,32.19,1.84,28.2,62.04,4.85,84.16,2,50000,59.06,1.15,13382,60.84,Low,16.11
Hubli,Karnataka,15.303585,75.060325,2025-09-02,68.88,36.57,41.9,20.0,50.69,78.91,1.0,78.71,1,891,77.94,2.37,557,3.05,High,59.88
Srinagar,Jammu and Kashmir,34.121131,74.721043,2024-04-27,96.1,62.82,76.59,7.0,36.04,26.83,0.96,56.55,3,1191,56.43,1.14,222,1.11,Low,32.66
Nagpur,Maharashtra,21.084478,79.182469,2025-02-15,110.92,88.02,105.14,7.53,24.15,146.33,3.57,16.79,4,206,52.08,1.62,177,1.0,Medium,42.21
Aurangabad,Maharashtra,19.815258,75.290105,2023-10-18,58.95,42.59,51.1,2.54,33.14,69.52,2.95,27.05,4,8320,32.95,0.17,2124,0.82,Low,16.27
Ahmedabad,Gujarat,22.949528,72.498599,2024-06-11,89.79,51.96,59.4,5.53,37.45,35.75,4.85,93.54,1,5889,79.12,0.29,1279,1.7,Low,24.3
Agra,Uttar Pradesh,27.124048,78.023602,2025-08-07,150.68,50.87,72.01,1.6,45.62,50.78,1.58,80.84,4,2458,84.67,0.87,704,0.91,Medium,45.07
Thiruvananthapuram,Kerala,8.585101,76.949432,2023-03-21,66.18,34.61,38.83,4.56,56.97,52.72,1.22,43.18,2,313,35.28,2.26,205,1.78,Medium,37.81
Allahabad,Uttar Pradesh,25.41245,81.751779,2023-05-23,188.96,123.79,161.5,15.16,54.87,95.93,1.32,54.24,4,873,63.77,7.73,313,11.17,Critical,76.41
Ranchi,Jharkhand,23.412068,85.408868,2024-05-24,188.11,95.76,135.87,13.03,44.31,51.21,1.42,90.89,2,124,66.15,3.56,52,0.4,High,67.45
Varanasi,Uttar Pradesh,25.342506,82.937538,2024-09-22,247.13,134.64,173.14,8.34,75.46,89.6,1.02,51.95,2,139,62.97,7.44,223,2.32,Critical,80.61
Solapur,Maharashtra,17.662564,75.992794,2024-04-27,317.29,193.51,249.39,6.75,76.67,48.36,0.17,43.66,0,117,40.24,7.31,112,0.96,Critical,78.56
Vadodara,Gujarat,22.349054,73.191175,2025-09-12,60.02,26.96,30.28,6.09,21.12,91.25,0.54,31.8,3,50000,49.07,0.23,7955,2.87,Low,29.23
Lucknow,Uttar Pradesh,26.840012,80.952234,2023-06-12,63.96,43.85,63.15,3.73,18.66,80.34,0.26,51.66,2,47855,58.15,1.02,20469,27.32,Low,31.91
Madurai,Tamil Nadu,9.981032,78.184687,2024-09-10,85.07,55.33,77.17,3.22,16.81,199.79,3.04,51.81,2,33131,36.17,0.92,4534,8.64,Low,21.13
Agra,Uttar Pradesh,27.258953,78.003205,2024-12-12,78.43,34.64,39.29,3.01,38.22,74.28,0.57,82.3,2,337,79.76,0.83,62,0.24,Low,31.82
Visakhapatnam,Andhra Pradesh,17.627073,83.172678,2025-09-22,119.79,87.14,104.2,12.23,55.21,118.38,1.91,54.02,6,4195,79.57,2.7,1755,22.78,High,58.14
Kalyan,Maharashtra,19.337058,73.099311,2025-01-28,88.02,35.81,49.29,8.03,59.41,43.11,1.62,65.23,5,138,79.87,1.48,59,0.14,Medium,47.17
Guwahati,Assam,26.138452,91.664174,2025-07-08,75.05,50.35,74.4,6.34,42.73,113.71,1.24,87.98,1,919,45.05,0.6,218,0.42,Low,30.51
Raipur,Chhattisgarh,21.164078,81.578611,2023-09-22,64.87,39.56,47.89,1.12,34.36,41.76,3.09,84.93,2,632,47.1,0.64,108,0.21,Low,21.0
Guwahati,Assam,26.173169,91.766159,2025-09-15,104.56,44.01,55.44,7.06,39.77,105.15,2.9,74.98,2,81,58.56,1.88,48,0.41,Medium,39.09
Kanpur,Uttar Pradesh,26.44926,80.282548,2023-06-14,65.1,29.87,44.1,8.57,31.56,131.35,0.07,56.71,2,671,45.59,0.45,173,0.35,Low,31.24
Rajkot,Gujarat,22.371444,70.709237,2023-04-05,40.7,32.52,38.88,7.67,17.78,139.46,1.2,64.2,3,2761,65.12,0.4,932,0.45,Low,18.43
Amritsar,Punjab,31.664664,74.890601,2023-09-29,19.73,12.17,14.72,0.0,27.93,21.42,0.75,47.21,6,3,66.78,1.16,0,0.0,Low,19.52
Bhopal,Madhya Pradesh,23.21384,77.481568,2023-06-15,93.81,45.34,56.73,8.13,41.13,180.33,0.73,24.61,2,307,83.79,2.08,156,1.51,Medium,44.35
Chandigarh,Chandigarh,30.746462,76.685321,2024-07-01,78.55,28.48,42.71,9.15,58.81,250.48,0.69,65.18,2,56,82.7,1.72,8,0.04,Medium,40.62
Coimbatore,Tamil Nadu,10.939308,76.960024,2024-10-30,83.14,43.64,61.38,8.56,20.64,135.3,3.84,62.14,5,5043,64.74,1.15,1113,5.3,Low,28.88
Ahmedabad,Gujarat,23.085381,72.505175,2025-07-12,57.08,40.05,60.0,4.14,40.21,20.7,0.77,22.3,6,1715,69.21,2.11,678,1.99,Medium,43.89
Hubli,Karnataka,15.407572,75.052529,2024-02-06,295.76,169.11,198.3,12.23,71.28,47.86,1.21,88.63,3,460,65.41,7.7,650,5.89,Critical,83.59
Ranchi,Jharkhand,23.37243,85.378384,2024-02-18,90.04,45.46,57.99,1.81,43.35,38.87,1.6,18.28,2,255,86.24,0.85,203,0.31,Medium,35.52
Mumbai,Maharashtra,19.114284,72.906005,2024-05-04,79.55,61.23,82.52,16.27,47.52,45.68,0.24,91.25,0,241,78.96,2.49,111,0.36,High,60.01
Nagpur,Maharashtra,21.106196,79.02392,2023-02-15,71.36,57.05,65.83,3.47,38.84,74.22,0.46,86.83,1,4869,87.0,1.13,1480,4.75,Low,31.41
Pune,Maharashtra,18.546164,73.777011,2025-04-30,58.11,44.78,65.11,0.47,38.77,205.12,0.74,79.61,4,576,96.56,1.16,66,0.22,Low,17.32
Allahabad,Uttar Pradesh,25.338292,81.794756,2023-11-12,71.3,42.75,62.22,3.71,12.12,56.37,0.97,66.24,1,48,77.21,0.47,3,0.0,Low,22.82
Gwalior,Madhya Pradesh,26.266221,78.234848,2023-09-25,261.69,160.35,178.36,12.49,59.06,231.01,0.66,55.01,4,1785,48.45,2.46,2009,14.1,High,72.49
Amritsar,Punjab,31.608436,74.923386,2024-04-28,61.92,34.01,42.17,3.79,18.89,172.37,0.34,74.43,5,102,81.82,0.79,28,0.06,Low,20.76
Coimbatore,Tamil Nadu,10.991769,76.956124,2023-12-06,18.92,9.53,12.19,0.97,15.84,67.46,4.93,78.2,1,1909,74.43,0.33,856,0.73,Low,5.48
Jodhpur,Rajasthan,26.2976,73.112876,2025-05-17,58.75,35.14,41.88,0.52,35.97,119.27,2.12,40.89,6,157,73.31,1.16,40,0.17,Low,17.67
Vijayawada,Andhra Pradesh,16.511675,80.743574,2025-04-04,107.84,41.45,54.88,4.46,57.8,245.62,0.18,56.8,1,2348,62.64,2.33,1955,11.02,Medium,44.5
Vasai,Maharashtra,19.538851,72.865702,2023-05-16,271.88,94.1,122.11,14.05,63.33,23.51,1.63,51.54,0,1304,68.39,7.98,998,22.18,Critical,83.15
Solapur,Maharashtra,17.651281,75.918181,2023-06-13,140.58,59.16,86.02,2.58,51.59,261.85,1.76,66.99,3,2494,82.15,1.13,456,1.49,Low,32.79
Coimbatore,Tamil Nadu,10.97683,76.901953,2025-05-21,89.21,34.63,40.46,13.08,40.32,49.65,2.39,69.79,2,193,86.73,1.92,51,0.27,Medium,48.55
Dhanbad,Jharkhand,23.886423,86.430271,2023-08-19,69.23,24.3,33.36,3.49,41.24,99.97,0.38,78.12,3,343,84.28,0.92,212,0.62,Medium,36.43
Meerut,Uttar Pradesh,28.97149,77.727981,2023-05-23,86.89,31.62,41.44,2.56,30.11,92.93,0.55,46.13,2,1652,61.34,0.37,299,0.11,Low,23.35
Mumbai,Maharashtra,19.119899,72.846072,2024-10-06,52.82,31.02,39.96,1.44,23.69,150.76,1.05,71.43,3,50000,68.35,0.52,19703,42.37,Low,23.76
Bareilly,Uttar Pradesh,28.27747,75.48617,2023-04-03,106.49,46.04,68.22,7.97,36.66,21.03,0.41,46.31,2,5516,67.57,1.66,2650,6.47,Medium,49.79
Varanasi,Uttar Pradesh,25.276887,82.996201,2025-02-04,90.42,49.61,55.06,3.58,73.97,59.77,3.3,71.44,3,5387,46.45,1.09,371,0.51,Low,28.66
Srinagar,Jammu and Kashmir,34.058859,74.874215,2023-06-17,25.83,13.83,16.51,3.68,11.59,131.38,1.58,42.56,2,401,94.96,0.79,33,0.03,Low,7.62
Hyderabad,Telangana,17.310002,78.58624,2023-01-18,118.71,53.68,74.07,3.68,55.12,34.94,5.69,59.48,3,1692,84.28,0.48,474,0.8,Low,34.18
Mumbai,Maharashtra,19.108752,72.815654,2023-06-27,58.63,39.18,45.17,6.51,34.2,58.27,1.55,77.93,4,1691,80.25,0.15,534,0.21,Low,33.04
Varanasi,Uttar Pradesh,25.40446,82.876572,2024-07-04,61.91,29.29,35.41,1.48,30.23,77.29,2.76,28.94,2,1233,32.19,0.79,58,0.23,Low,19.79
Amritsar,Punjab,31.647427,74.846448,2023-08-10,71.71,35.01,47.0,4.93,23.49,29.0,5.8,75.35,5,1537,43.71,0.8,160,0.51,Low,21.94
Guwahati,Assam,26.203107,91.682215,2024-03-05,19.04,12.86,18.52,0.73,38.24,162.29,3.9,88.04,1,7428,65.62,0.88,1031,2.5,Low,10.02
Raipur,Chhattisgarh,21.270202,81.705527,2024-07-27,40.88,31.0,37.01,3.38,23.25,123.46,1.96,86.05,1,5019,65.13,0.35,2053,3.49,Low,12.24
Kalyan,Maharashtra,19.214385,73.199992,2023-04-21,115.2,50.86,71.6,5.76,42.09,100.45,1.37,68.19,1,142,70.97,2.5,29,0.31,Medium,41.67
Raipur,Chhattisgarh,21.285652,81.605366,2024-04-26,24.01,14.03,17.73,7.97,23.57,73.63,3.3,74.12,6,14969,90.67,0.38,930,1.18,Low,26.15
Vijayawada,Andhra Pradesh,16.544921,80.706937,2023-11-23,89.23,62.34,70.65,4.57,48.98,68.56,0.87,85.93,3,86,48.41,1.15,9,0.04,Low,33.71
Coimbatore,Tamil Nadu,10.94109,76.999585,2023-06-08,49.97,23.86,33.41,3.67,40.45,191.5,2.55,61.05,2,1241,57.63,0.29,341,0.49,Low,15.84
Nashik,Maharashtra,20.073156,73.842232,2023-08-03,25.81,18.32,21.39,2.4,26.78,91.24,1.84,79.27,4,1352,90.98,0.79,105,0.19,Low,16.98
Vijayawada,Andhra Pradesh,16.467236,80.566964,2025-07-06,127.74,78.03,101.16,11.34,54.68,42.93,5.25,71.91,3,3709,97.19,2.24,2474,15.27,Medium,50.36
Coimbatore,Tamil Nadu,10.937436,76.92117,2023-04-29,91.28,56.31,67.07,5.14,50.54,64.85,1.48,58.06,1,2615,82.95,0.17,140,0.05,Low,33.55
Thiruvananthapuram,Kerala,8.4347,76.838007,2024-09-07,45.5,26.84,38.18,4.8,42.05,269.74,1.3,55.92,2,518,98.57,0.77,92,0.12,Low,20.43
Pune,Maharashtra,18.537322,73.835489,2023-08-04,41.74,15.64,17.37,3.32,14.73,26.99,6.78,53.98,1,39290,87.31,0.99,4968,7.12,Low,7.58
Lucknow,Uttar Pradesh,26.887616,80.912949,2024-07-03,156.74,98.78,131.62,3.99,35.83,156.28,0.15,50.58,3,8360,55.74,0.84,3466,6.04,Medium,45.26
Nagpur,Maharashtra,21.194657,79.128998,2024-08-25,46.17,17.26,22.23,1.71,34.21,35.97,0.2,73.07,3,2349,61.51,0.8,224,0.3,Low,18.98
Bangalore,Karnataka,13.033363,77.553499,2023-10-11,80.23,60.16,69.08,3.86,36.48,138.53,0.45,60.73,5,496,64.58,0.38,40,0.07,Low,28.68
Varanasi,Uttar Pradesh,25.288702,83.0093,2023-06-06,41.8,21.29,26.96,4.54,43.66,215.35,1.82,83.35,2,63,92.47,0.66,22,0.06,Low,19.51
Gwalior,Madhya Pradesh,26.300698,78.141177,2023-08-01,57.34,25.75,37.99,1.89,39.48,17.91,1.23,71.65,1,358,68.75,0.39,75,0.08,Low,29.82
Kolkata,West Bengal,22.604279,88.298843,2025-07-23,106.73,34.64,41.55,3.91,29.22,364.14,0.47,47.17,1,2136,51.11,0.11,211,0.03,Low,33.75
Lucknow,Uttar Pradesh,26.809902,80.970554,2023-09-25,113.99,35.35,47.3,7.19,47.92,3.02,1.63,32.55,4,1535,83.47,3.6,678,4.11,High,55.04
Indore,Madhya Pradesh,22.668735,75.880481,2023-04-10,109.53,80.43,117.72,11.77,47.73,69.0,2.03,58.53,5,99,95.21,3.66,47,0.49,High,58.26
Delhi,Delhi,28.733083,77.090779,2023-03-18,55.06,39.49,45.48,0.0,18.59,310.72,0.41,51.48,2,8132,88.67,1.0,1198,4.06,Low,23.82
Bangalore,Karnataka,12.889713,77.678686,2025-05-21,190.85,80.92,96.36,6.76,51.49,76.27,8.21,85.27,4,155,79.92,1.46,46,0.24,Medium,49.38
Varanasi,Uttar Pradesh,25.257638,83.015146,2024-10-23,54.98,34.76,46.65,7.52,16.83,88.12,0.08,32.28,1,560,57.83,1.47,269,1.7,Medium,39.18
Kolkata,West Bengal,22.650126,88.40804,2024-12-24,90.68,59.7,89.39,5.48,30.38,99.31,0.15,58.94,1,705,64.05,1.46,252,1.35,Medium,37.26
Amritsar,Punjab,31.550013,74.959527,2025-07-03,29.34,22.71,27.66,2.76,3.97,91.14,2.5,79.46,3,1107,79.05,0.95,251,0.7,Low,11.92
Gwalior,Madhya Pradesh,26.153261,78.226121,2025-05-10,60.62,44.53,64.17,2.48,22.61,177.57,1.35,68.44,3,5396,47.19,0.82,635,2.26,Low,24.63
Thiruvananthapuram,Kerala,8.622734,76.958665,2025-06-18,23.23,10.69,14.32,9.87,33.83,72.01,3.21,39.63,8,10,62.56,0.74,2,0.0,Low,24.0
Delhi,Delhi,28.621875,77.146782,2023-03-04,96.54,62.72,78.06,1.26,35.47,197.47,0.1,41.9,5,135,27.34,0.76,39,0.09,Low,26.56
Allahabad,Uttar Pradesh,25.406116,81.908933,2023-12-27,76.66,60.32,69.05,8.56,28.81,89.72,1.23,54.8,2,196,26.33,0.65,33,0.05,Low,34.83
Mumbai,Maharashtra,19.14755,72.932777,2023-01-25,53.13,41.5,61.04,6.93,16.02,105.9,1.28,83.19,0,4,53.62,0.92,0,0.0,Low,24.27
Solapur,Maharashtra,17.588022,75.868501,2023-08-04,70.76,41.45,49.22,13.34,28.12,16.63,0.78,60.08,2,136,78.39,1.61,87,0.53,Medium,47.9
Howrah,West Bengal,22.671528,88.288933,2025-08-02,67.71,50.19,61.59,9.73,41.6,64.4,1.45,78.51,2,41,95.28,1.11,17,0.07,Medium,41.67
Kalyan,Maharashtra,19.278771,73.093209,2025-06-17,114.77,38.42,49.05,1.03,63.56,87.23,0.0,62.89,1,705,87.95,2.01,501,2.13,Medium,49.18
Jabalpur,Madhya Pradesh,23.251209,79.897247,2024-08-28,100.81,64.6,88.56,2.37,38.58,63.38,0.35,89.83,2,1431,40.85,1.73,332,1.36,Medium,35.45
Kochi,Kerala,9.833122,76.288493,2025-07-21,134.59,45.39,57.39,4.88,52.19,33.79,1.73,49.7,3,3087,75.44,1.17,1217,3.35,Medium,52.47
Bhopal,Madhya Pradesh,23.162186,77.420493,2023-02-26,141.58,97.28,119.69,7.19,74.21,13.73,2.54,42.14,3,2496,83.77,2.76,1895,12.26,High,57.42
Bhopal,Madhya Pradesh,23.321271,77.493379,2024-07-24,141.36,50.43,68.76,3.42,72.04,96.62,10.0,38.97,1,2420,40.32,1.7,452,3.06,Medium,35.02
Pune,Maharashtra,18.484039,73.800686,2023-03-15,64.89,37.96,49.53,0.36,24.92,121.83,2.1,46.08,2,30091,91.87,1.13,9726,38.74,Low,19.99
Rajkot,Gujarat,22.269546,70.762479,2023-11-10,25.2,19.94,26.26,0.73,17.76,122.98,1.07,36.54,4,1503,80.11,0.88,486,0.66,Low,15.41
Bangalore,Karnataka,12.925273,77.634494,2024-05-11,52.88,32.12,37.01,5.81,43.41,73.58,2.04,49.78,2,231,86.62,0.13,35,0.02,Low,33.19
Bhopal,Madhya Pradesh,23.353593,77.354672,2024-01-03,134.78,90.33,104.87,5.57,51.33,143.69,2.22,60.29,5,8428,84.02,2.35,2332,7.49,Medium,42.47
Srinagar,Jammu and Kashmir,34.132432,74.697789,2025-01-07,56.86,32.99,49.42,7.95,16.59,23.91,1.46,47.23,4,1273,65.93,1.66,841,2.13,Medium,40.04
Ranchi,Jharkhand,23.373551,85.364406,2023-11-06,39.97,14.95,17.83,6.4,33.44,117.98,2.45,66.83,8,227,51.86,0.27,33,0.04,Low,14.34
Delhi,Delhi,28.789701,77.031023,2025-04-12,168.39,127.65,155.23,4.54,49.21,42.55,2.54,46.4,2,1988,63.29,3.89,1959,11.82,High,57.48
Solapur,Maharashtra,17.617407,75.92701,2025-01-22,28.79,11.77,16.72,2.1,27.12,56.73,4.17,58.15,3,1229,44.45,0.17,119,0.09,Low,7.21
Bareilly,Uttar Pradesh,28.275249,75.455553,2024-07-08,108.25,58.59,72.62,5.75,52.46,78.49,1.7,19.36,8,50000,66.82,1.73,10262,70.61,Medium,46.84
Patna,Bihar,25.671334,85.231523,2023-05-14,50.69,31.37,45.9,8.17,49.14,61.38,4.42,80.41,3,218,64.97,0.53,46,0.12,Low,29.21
Guwahati,Assam,26.053236,91.712273,2025-02-25,79.81,62.95,93.16,3.6,34.3,72.95,6.34,49.15,4,413,68.99,1.01,85,0.41,Low,19.65
Meerut,Uttar Pradesh,28.991579,77.625267,2024-10-11,90.7,66.12,92.04,5.0,53.64,39.19,3.4,62.56,3,11801,52.71,0.58,4963,7.86,Low,30.59
Meerut,Uttar Pradesh,28.89756,77.629406,2023-12-20,47.75,37.66,55.36,12.51,12.09,96.98,1.14,45.62,2,4583,60.64,0.19,1582,1.21,Low,32.0
Kolkata,West Bengal,22.586671,88.455431,2023-04-21,86.29,40.49,58.37,4.24,42.01,57.58,1.43,63.86,2,3010,72.75,1.13,658,1.78,Low,32.11
Chennai,Tamil Nadu,13.021534,80.330183,2025-08-19,75.21,47.77,59.16,4.77,42.32,28.16,0.0,50.57,4,384,75.47,1.91,169,0.55,Medium,45.47
Meerut,Uttar Pradesh,29.030438,77.65345,2025-08-18,21.31,16.4,20.71,0.0,24.32,113.64,1.62,84.65,5,1509,86.52,0.25,161,0.13,Low,10.24
Kolkata,West Bengal,22.593079,88.438127,2025-08-28,80.3,49.23,73.28,4.28,43.88,56.05,1.62,82.29,0,1285,67.98,0.67,185,0.35,Low,30.08
Aurangabad,Maharashtra,19.778072,75.394165,2023-04-07,36.03,14.87,18.3,7.45,42.34,18.04,1.96,64.51,6,2043,58.61,1.43,1178,2.28,Medium,36.81
Howrah,West Bengal,22.689824,88.172733,2023-03-11,138.34,97.23,124.32,1.08,34.46,33.1,1.02,49.41,3,78,55.75,0.92,52,0.22,Medium,41.93
Bhopal,Madhya Pradesh,23.326572,77.378178,2023-01-29,64.31,48.75,65.81,5.93,37.4,23.17,0.71,49.41,1,366,85.91,1.47,66,0.31,Medium,40.57
Vadodara,Gujarat,22.249555,73.207239,2023-01-06,121.33,45.78,56.77,11.95,39.45,64.76,0.79,48.99,1,1186,85.75,2.66,1190,6.21,High,55.86
Delhi,Delhi,28.684769,77.068889,2024-04-23,64.07,28.26,36.39,6.41,22.76,96.5,0.17,70.37,3,5090,77.16,0.66,864,2.61,Low,30.55
Bareilly,Uttar Pradesh,28.319336,75.347279,2024-07-01,53.3,30.11,41.92,3.11,26.46,59.76,10.0,54.55,4,241,49.86,0.94,90,0.36,Low,17.76
Kanpur,Uttar Pradesh,26.41603,80.388328,2025-01-17,84.06,48.09,62.9,2.79,49.4,46.42,3.06,48.46,0,868,91.84,1.03,29,0.13,Low,28.91
Jaipur,Rajasthan,26.880089,75.72405,2024-04-27,68.75,42.14,57.59,4.25,56.74,57.8,1.14,38.71,1,51,68.29,1.05,44,0.22,Medium,38.64
Chandigarh,Chandigarh,30.822761,76.877757,2023-04-23,111.6,50.81,74.8,3.33,43.19,237.38,6.24,65.78,4,3207,89.11,1.06,997,3.92,Low,20.79
Bareilly,Uttar Pradesh,28.36399,75.413576,2024-04-24,62.91,40.54,47.31,4.64,34.17,155.84,0.36,88.84,3,43,69.0,0.67,2,0.01,Low,32.97
Pune,Maharashtra,18.593199,73.906259,2023-06-26,99.79,36.91,41.24,5.43,43.04,207.49,0.12,65.11,3,1499,88.92,0.15,263,0.09,Low,26.7
Kolkata,West Bengal,22.531817,88.360962,2025-03-24,86.85,47.39,61.71,8.45,39.71,77.38,2.4,13.98,2,1746,92.98,2.39,555,2.89,Medium,35.18
Bareilly,Uttar Pradesh,28.403092,75.316882,2023-01-18,122.83,56.64,84.25,10.84,65.16,43.25,1.88,82.91,4,297,64.01,2.84,372,4.18,High,64.32
Kota,Rajasthan,25.117002,75.839832,2023-04-21,37.21,14.32,17.42,6.25,19.15,138.14,1.84,55.34,1,13375,69.25,0.44,1341,1.44,Low,16.3
Bareilly,Uttar Pradesh,28.334729,75.405681,2024-02-06,132.51,83.52,109.44,4.58,49.28,41.2,2.76,54.98,1,24,71.97,1.76,11,0.02,Medium,46.02
Ranchi,Jharkhand,23.399815,85.243342,2025-03-08,50.75,36.83,52.14,0.91,42.1,34.85,1.24,73.59,4,5624,78.65,0.57,1475,2.78,Low,31.53
Lucknow,Uttar Pradesh,26.840283,80.984336,2025-03-14,126.95,70.0,83.92,5.17,17.89,101.95,0.07,28.08,6,10585,92.29,1.33,4965,9.85,Medium,38.56
Meerut,Uttar Pradesh,29.028072,77.692553,2024-04-28,94.24,42.05,62.71,2.24,46.66,68.03,3.73,95.23,3,10,91.03,0.54,2,0.0,Low,21.13
Howrah,West Bengal,22.547915,88.313437,2024-11-13,13.13,9.06,13.28,9.42,9.24,138.74,1.37,52.24,4,178,79.79,1.19,46,0.09,Low,21.38
Mumbai,Maharashtra,19.037912,72.826733,2024-03-31,99.49,43.54,60.03,4.02,43.11,33.67,5.44,63.63,5,95,61.75,0.66,23,0.08,Low,29.01
Amritsar,Punjab,31.604458,74.860235,2024-09-16,8.19,3.12,3.72,7.37,16.76,164.49,0.84,73.5,2,1928,90.14,1.12,306,1.1,Low,29.62
Ahmedabad,Gujarat,23.008467,72.501767,2025-05-25,75.37,29.8,39.94,7.27,34.23,170.0,0.23,72.53,4,785,78.06,1.99,233,1.68,Medium,38.97
Varanasi,Uttar Pradesh,25.240797,82.895254,2023-03-13,79.46,58.72,80.43,11.94,37.99,97.35,3.69,78.29,4,17072,92.14,0.93,8979,19.58,Medium,35.48
Guwahati,Assam,26.175867,91.776401,2024-08-14,55.97,28.62,34.49,4.43,36.25,17.42,0.32,31.16,3,522,67.39,0.81,176,0.32,Medium,39.78
Jodhpur,Rajasthan,26.176012,73.058572,2024-06-29,114.11,88.38,98.93,2.6,47.55,167.95,1.67,80.42,8,2298,75.03,2.28,606,4.31,Medium,35.39
Vijayawada,Andhra Pradesh,16.495929,80.595693,2024-12-06,56.14,38.1,49.65,7.11,37.32,30.86,0.65,87.61,2,673,80.9,1.19,130,0.18,Medium,46.24
Chennai,Tamil Nadu,13.031369,80.208794,2024-12-24,138.48,97.49,112.69,3.41,48.13,163.75,4.34,62.01,4,1366,73.37,0.15,276,0.06,Low,26.18
Jabalpur,Madhya Pradesh,23.223044,80.003267,2024-05-29,84.15,50.78,67.85,3.4,30.5,108.07,0.07,70.67,2,315,87.33,0.48,34,0.03,Low,22.71
Guwahati,Assam,26.175717,91.686117,2025-09-26,55.89,33.06,45.93,1.67,44.67,111.6,1.37,94.3,6,497,71.12,0.58,34,0.05,Low,21.75
Surat,Gujarat,21.212682,72.906865,2024-06-06,12.48,6.37,7.57,6.67,24.16,78.17,3.12,50.79,3,4688,70.76,0.15,479,0.19,Low,15.19
Meerut,Uttar Pradesh,28.937864,77.73636,2023-11-04,78.02,50.65,56.76,2.75,39.59,55.67,0.08,24.53,2,7,38.15,0.42,0,0.0,Low,29.32
Vadodara,Gujarat,22.324892,73.113138,2025-06-07,51.15,24.57,36.08,3.29,4.85,78.05,1.05,56.63,3,2397,42.57,1.19,365,1.7,Low,28.23
Thiruvananthapuram,Kerala,8.578002,76.837066,2024-10-29,126.62,86.43,97.52,2.24,37.58,69.17,0.04,60.67,5,3809,64.65,1.75,1608,12.42,Medium,38.72
Delhi,Delhi,28.80055,77.110174,2024-03-25,17.49,11.03,12.57,4.05,33.13,63.96,0.48,79.37,2,3,48.25,0.21,0,0.0,Low,21.08
Jodhpur,Rajasthan,26.329014,72.950707,2023-08-11,16.15,10.76,11.95,0.0,29.51,98.86,1.65,35.32,2,3990,88.04,0.67,843,2.49,Low,12.06
Solapur,Maharashtra,17.589122,75.876756,2025-02-13,46.65,29.91,35.63,4.12,21.67,64.17,1.67,70.07,2,14195,75.82,0.69,3012,9.75,Low,22.96
Jabalpur,Madhya Pradesh,23.14724,79.974423,2025-06-03,27.53,11.67,16.27,5.69,32.25,92.3,2.89,71.0,6,640,89.57,1.0,82,0.37,Low,20.61
Jaipur,Rajasthan,26.885599,75.786857,2023-06-05,144.09,71.42,96.77,5.75,30.92,125.67,0.16,80.76,2,1082,90.64,1.84,695,3.72,Medium,44.98
Chandigarh,Chandigarh,30.824917,76.846119,2023-05-30,70.68,26.23,34.39,1.67,46.76,128.23,0.85,45.18,7,214,63.27,1.07,34,0.18,Low,29.75
Chennai,Tamil Nadu,13.11163,80.298272,2025-07-18,168.48,73.58,89.77,9.98,52.25,161.69,2.41,58.0,5,51,58.36,2.05,13,0.1,Medium,54.83
Kanpur,Uttar Pradesh,26.496289,80.366029,2024-09-16,47.74,14.78,17.44,13.49,54.62,51.73,0.35,35.08,3,9767,94.93,2.3,6399,22.64,Medium,42.8
Chennai,Tamil Nadu,13.117642,80.339514,2025-02-15,86.87,60.55,76.27,4.64,48.28,71.5,0.74,39.71,2,96,83.84,1.59,85,0.14,Medium,42.58
Meerut,Uttar Pradesh,29.016265,77.644389,2023-02-03,43.32,24.26,27.24,1.96,29.87,151.63,0.82,85.64,2,7656,49.54,0.41,945,0.72,Low,16.45
Varanasi,Uttar Pradesh,25.222416,82.966128,2025-06-16,48.76,21.45,31.03,6.86,11.67,36.43,3.18,44.38,6,5691,57.8,1.0,1647,2.39,Low,18.69
Bareilly,Uttar Pradesh,28.272992,75.470773,2023-07-11,130.58,73.63,101.23,2.77,47.2,57.18,1.41,68.07,3,166,73.14,1.16,74,0.27,Medium,38.99
Chandigarh,Chandigarh,30.664462,76.694401,2025-06-16,146.97,56.83,80.89,5.0,39.57,123.26,4.41,73.42,5,383,80.8,1.16,28,0.11,Low,26.31
Howrah,West Bengal,22.613647,88.25059,2025-02-06,69.54,47.74,53.24,0.51,36.43,83.06,6.15,57.55,4,213,84.81,0.37,13,0.02,Low,20.76
Thiruvananthapuram,Kerala,8.571033,76.963572,2023-05-23,94.62,58.03,76.04,6.45,47.65,144.6,0.32,64.37,4,12481,50.35,1.64,2540,6.34,Medium,39.62
Vijayawada,Andhra Pradesh,16.519749,80.61255,2023-09-29,122.85,74.06,108.4,2.77,24.05,77.79,2.14,40.81,5,1163,86.83,1.17,256,1.16,Low,32.97
Kolkata,West Bengal,22.603927,88.448816,2024-04-06,53.43,17.31,21.41,13.77,27.62,88.69,0.9,76.06,5,647,88.05,1.14,348,0.53,Medium,41.66
Varanasi,Uttar Pradesh,25.368385,83.072663,2025-07-10,38.72,28.35,34.47,4.26,39.2,41.06,1.43,76.76,2,36609,63.77,0.58,4104,3.41,Low,21.42
Nagpur,Maharashtra,21.082674,79.118134,2025-01-28,105.84,38.11,47.2,2.63,32.19,242.26,3.06,66.6,2,50000,72.38,0.16,5216,3.44,Low,27.45
Thiruvananthapuram,Kerala,8.520975,76.900419,2023-04-17,119.32,44.49,60.7,4.71,28.78,50.3,2.37,71.44,4,535,96.99,1.64,153,0.78,Medium,37.7
Nagpur,Maharashtra,21.115406,79.003097,2023-06-13,98.24,66.36,86.07,7.06,47.19,125.82,1.89,56.21,1,411,47.8,0.81,126,0.37,Medium,41.03
Solapur,Maharashtra,17.73165,75.866227,2023-02-14,155.67,91.35,104.25,3.52,33.24,130.47,0.76,53.56,3,5566,68.59,2.24,4328,12.36,Medium,40.05
Amritsar,Punjab,31.661816,74.884848,2025-09-01,132.27,72.15,81.33,2.01,43.76,158.65,0.1,95.69,3,22947,84.06,1.82,19356,146.25,Medium,41.77
Nagpur,Maharashtra,21.16569,79.049222,2025-09-24,60.53,35.58,51.85,6.06,47.1,181.43,3.15,25.45,5,542,86.39,0.4,71,0.06,Low,32.76
Howrah,West Bengal,22.576073,88.222764,2024-09-06,28.75,20.61,25.41,9.58,30.31,29.6,2.32,56.85,2,5647,73.5,1.09,1322,5.82,Low,25.68
Kalyan,Maharashtra,19.261438,73.106911,2024-02-21,112.73,58.82,71.52,3.36,41.24,23.11,1.47,11.48,3,453,57.39,1.43,79,0.31,Medium,42.25
Jodhpur,Rajasthan,26.181664,72.961938,2025-08-17,63.74,30.51,40.34,0.0,30.19,54.0,0.12,53.66,3,1236,95.82,0.8,181,0.24,Low,23.47
Jodhpur,Rajasthan,26.21406,73.08025,2025-06-01,19.72,12.87,16.62,0.86,28.21,12.16,3.36,58.49,6,154,76.39,0.31,39,0.04,Low,16.8
Hyderabad,Telangana,17.398424,78.512271,2024-04-28,39.58,29.63,42.88,6.71,30.15,55.77,0.18,68.25,3,3675,75.88,0.65,459,1.21,Low,19.92
Jodhpur,Rajasthan,26.258878,73.117121,2023-09-12,99.24,66.37,98.67,0.0,33.88,33.24,4.54,41.63,3,12231,87.67,1.15,1927,9.14,Low,17.98
Amritsar,Punjab,31.589011,74.918912,2024-01-24,46.23,21.22,24.06,1.16,40.11,159.81,1.47,64.58,2,631,35.13,0.14,48,0.02,Low,19.42
Jaipur,Rajasthan,26.965443,75.785368,2025-06-07,156.36,122.46,135.6,2.38,58.88,155.67,0.52,39.23,3,1488,83.63,2.02,1158,8.14,Medium,44.04
Surat,Gujarat,21.131483,72.837382,2024-12-30,61.87,34.73,40.93,1.42,46.58,75.6,2.88,68.97,4,420,52.82,0.37,34,0.05,Low,29.16
Madurai,Tamil Nadu,9.931204,78.124346,2024-02-21,115.27,47.24,57.09,8.26,28.43,48.77,2.99,43.07,2,50000,87.63,1.9,39003,269.64,Medium,42.08
Dhanbad,Jharkhand,23.815002,86.490041,2025-03-16,68.43,48.83,67.28,4.19,23.84,147.98,1.81,64.22,5,50000,86.09,0.99,15959,29.07,Low,28.85
Vasai,Maharashtra,19.401165,72.743804,2025-09-12,45.58,29.24,37.97,2.34,19.86,48.45,1.05,64.1,1,604,77.49,1.01,232,0.93,Low,21.53
Delhi,Delhi,28.675068,77.156484,2023-02-24,91.08,29.79,38.3,5.26,62.07,77.7,2.55,75.71,7,200,71.58,2.39,123,1.07,Medium,35.08
Visakhapatnam,Andhra Pradesh,17.760331,83.228818,2023-02-21,249.4,183.34,213.17,5.29,66.15,117.53,0.97,76.63,1,5748,79.47,3.89,3135,39.31,High,65.04
Mancherial (Godavari),Telangana,18.8703,79.4637,2025-07-11,56.82,34.15,48.22,7.42,61.3,142.7,0.95,82.4,3,1287,46.3,1.52,238,1.12,Medium,41.72
Bhadrachalam (Godavari),Telangana,17.6684,80.8880,2025-08-19,112.34,78.92,104.57,9.11,72.4,78.6,0.41,91.2,6,874,39.2,2.83,1243,8.36,High,63.48
Nirmal (Kadam),Telangana,19.108056,78.790833,2025-06-22,43.71,25.50,33.91,4.38,48.2,212.4,0.73,67.1,2,562,22.4,0.94,118,0.52,Low,19.54
Warangal (Musi Tributary),Telangana,17.9780,79.6050,2025-07-03,68.14,40.77,56.38,5.27,59.7,274.1,1.62,72.6,4,2215,58.3,1.21,305,1.08,Medium,38.61
Warangal (Badhrakali),Telangana,17.9902,79.5814,2025-07-03,49.28,22.91,34.65,2.61,45.4,284.6,0.29,54.8,1,3184,63.7,0.72,147,0.21,Low,16.73
Sircilla (Maner),Telangana,18.2703,78.5444,2025-06-17,38.19,19.36,26.88,3.87,41.9,296.4,0.51,61.7,3,1453,42.5,0.68,184,0.39,Low,14.98
Karimnagar (Maner),Telangana,18.4386,79.1288,2025-08-12,74.66,40.51,52.71,6.92,65.3,265.3,1.37,78.9,4,2587,51.2,1.87,621,2.14,Medium,47.23
Asifabad (Pranahita),Telangana,19.3589,79.2842,2025-08-23,96.13,64.72,87.39,8.23,69.8,143.1,0.22,86.3,6,324,35.1,2.34,292,1.76,High,58.60
Adilabad (Penganga),Telangana,19.1180,78.5302,2025-07-29,52.71,27.88,41.63,4.76,53.1,228.2,0.94,69.1,3,214,28.4,1.09,97,0.42,Low,22.37
Nizamabad (Godavari Tributary),Telangana,18.6725,78.0940,2025-06-14,31.52,12.63,18.97,3.02,38.7,402.9,1.88,47.6,1,3980,68.2,0.61,211,0.18,Low,13.21
Kamareddy (Manjira),Telangana,18.3257,78.3489,2025-09-10,44.28,26.40,33.59,4.12,49.3,451.1,2.45,55.2,2,2529,58.4,0.72,326,0.44,Low,19.88
Sangareddy (Manjira),Telangana,17.6280,78.0820,2025-07-21,87.91,53.79,70.16,7.27,71.2,524.7,3.12,63.4,4,3478,71.3,2.33,742,3.89,Medium,46.77
Hyderabad (Musi),Telangana,17.3850,78.4867,2025-07-15,128.31,71.66,99.71,5.14,82.6,544.8,1.43,81.1,7,11345,89.2,2.91,3621,18.72,High,61.52
Nalgonda (Krishna),Telangana,16.6351,79.4958,2025-08-04,154.28,88.50,121.80,9.47,77.4,214.9,0.77,94.2,6,874,48.9,3.57,1943,10.24,Critical,78.63
Khammam (Kinnerasani),Telangana,17.2500,80.1500,2025-07-12,63.53,33.44,49.87,4.61,54.8,112.5,0.39,69.8,3,512,36.7,1.41,153,0.66,Low,25.14
Kothagudem (Godavari),Telangana,17.5510,80.6260,2025-07-11,102.72,67.13,83.74,8.62,70.7,89.4,0.55,84.5,5,672,31.8,2.62,1108,6.72,High,57.42
Mahbubnagar (Krishna),Telangana,16.7455,78.0074,2025-07-19,47.11,25.50,38.14,3.44,44.6,541.8,1.94,52.3,3,248,27.9,0.94,63,0.29,Low,17.91
Gadwal (Krishna),Telangana,16.2601,77.8386,2025-08-22,138.94,79.44,111.92,8.02,73.5,480.3,1.09,88.6,6,534,29.3,3.12,984,5.88,High,62.15
Warangal Rural (Akeru),Telangana,17.8410,79.6030,2025-07-14,34.17,15.40,23.81,2.77,41.4,312.1,0.66,57.4,1,1850,41.2,0.56,101,0.19,Low,14.77
Karimnagar Rural (LMD Canal),Telangana,18.5120,79.2500,2025-06-28,51.44,29.51,40.23,3.89,47.8,288.7,1.22,60.2,2,742,34.1,0.87,138,0.33,Low,21.92
